Date,Open Price,High Price,Low Price,Close Price,WAP,No.of Shares,No. of Trades,Total Turnover (Rs.),Deliverable Quantity,% Deli. Qty to Traded Qty,Spread High-Low,Spread Close-Open,Company,Daily Return %,Price Range,Intraday Return %,Turnover Crore,Volume Lakh
2015-01-01,2430.0,2462.0,2430.0,2454.1,2448.6256665160413,11065,1591,27094043.0,2656.0,24.0,32.0,24.1,Bajaj Auto,0.0,32.0,0.9917695473250991,2.7094043,0.11065
2015-01-02,2452.8,2475.2,2434.0,2453.5,2453.2584625118634,12644,2205,31019000.0,3078.0,24.34,41.2,0.7,Bajaj Auto,-0.02444888146366786,41.19999999999982,0.02853881278538071,3.1019,0.12644
2015-01-05,2451.0,2479.6,2450.7,2460.15,2464.740144447788,19938,2573,49141989.0,5012.0,25.14,28.9,9.15,Bajaj Auto,0.27104136947218027,28.90000000000009,0.373317013463896,4.9141989,0.19938
2015-01-06,2460.15,2466.0,2429.15,2440.35,2442.209238143656,13769,2405,33626779.0,4643.0,33.72,36.85,-19.8,Bajaj Auto,-0.8048289738430636,36.84999999999991,-0.8048289738430657,3.3626779,0.13769
2015-01-07,2433.35,2474.5,2433.35,2447.2,2453.4338145896654,13160,2404,32287189.0,3166.0,24.06,41.15,13.85,Bajaj Auto,0.2806974409408358,41.15000000000009,0.5691741837384638,3.2287189,0.1316
2015-01-08,2437.05,2464.6,2437.05,2450.05,2448.770428374021,21710,2603,53162806.0,6662.0,30.69,27.55,13.0,Bajaj Auto,0.11645962732920179,27.549999999999727,0.5334318130526661,5.3162806,0.2171
2015-01-09,2462.7,2466.0,2350.4,2381.5,2390.9089361144765,30539,4474,73015968.0,11802.0,38.65,115.6,-81.2,Bajaj Auto,-2.7979020836309543,115.59999999999991,-3.2971941365168242,7.3015968,0.30539
2015-01-12,2383.0,2383.0,2323.3,2333.25,2343.6662698243967,23519,3558,55120687.0,7649.0,32.52,59.7,-49.75,Bajaj Auto,-2.0260340121772025,59.69999999999982,-2.087704574066303,5.5120687,0.23519
2015-01-13,2340.9,2356.85,2319.0,2326.25,2333.9222355547354,21668,3076,50571427.0,6324.0,29.19,37.85,-14.65,Bajaj Auto,-0.30001071466838614,37.84999999999991,-0.625827673117181,5.0571427,0.21668
2015-01-14,2325.5,2370.0,2325.5,2363.65,2357.876332961961,12566,2431,29629074.0,3352.0,26.68,44.5,38.15,Bajaj Auto,1.6077377753895838,44.5,1.6405074177596255,2.9629074,0.12566
2015-01-15,2370.0,2435.0,2359.25,2417.95,2411.0856147431746,105052,13183,253289366.0,19836.0,18.88,75.75,47.95,Bajaj Auto,2.297294438685915,75.75,2.0232067510548446,25.3289366,1.05052
2015-01-16,2406.55,2439.9,2395.2,2420.05,2419.9687116735536,1183093,3230,2863048043.0,1164284.0,98.41,44.7,13.5,Bajaj Auto,0.08685043115037594,44.70000000000027,0.5609690220440049,286.3048043,11.83093
2015-01-19,2418.0,2429.2,2399.95,2411.3,2407.564473153008,12385,1599,29817686.0,4330.0,34.96,29.25,-6.7,Bajaj Auto,-0.3615627776285657,29.25,-0.27708850289494696,2.9817686,0.12385
2015-01-20,2413.85,2420.0,2377.9,2411.05,2401.4388208453406,16656,2228,39998365.0,5411.0,32.49,42.1,-2.8,Bajaj Auto,-0.010367851366477332,42.09999999999991,-0.11599726577872392,3.9998365,0.16656
2015-01-21,2401.3,2458.95,2401.25,2442.0,2441.2280298859614,254300,3508,620804288.0,4988.0,1.96,57.7,40.7,Bajaj Auto,1.2836730884884018,57.69999999999982,1.6949152542372805,62.0804288,2.543
2015-01-22,2476.95,2489.0,2434.0,2438.9,2457.0535230352302,25092,3798,61652387.0,6987.0,27.85,55.0,-38.05,Bajaj Auto,-0.1269451269451216,55.0,-1.5361634267950395,6.1652387,0.25092
2015-01-23,2450.0,2474.0,2421.0,2442.2,2444.7792030567684,25648,4119,62703697.0,10107.0,39.41,53.0,-7.8,Bajaj Auto,0.13530690065193252,53.0,-0.31836734693878294,6.2703697,0.25648
2015-01-27,2441.5,2441.5,2386.4,2417.55,2405.6001212541137,34638,5165,83325177.0,13938.0,40.24,55.1,-23.95,Bajaj Auto,-1.0093358447301415,55.09999999999991,-0.9809543313536685,8.3325177,0.34638
2015-01-28,2436.05,2436.05,2381.0,2396.9,2397.8513871301943,17374,2395,41660270.0,5664.0,32.6,55.05,-39.15,Bajaj Auto,-0.8541705445595738,55.05000000000018,-1.6071098704870626,4.166027,0.17374
2015-01-29,2396.0,2415.0,2377.0,2402.7,2395.026617447056,15441,2202,36981606.0,4378.0,28.35,38.0,6.7,Bajaj Auto,0.24197922316324671,38.0,0.2796327212019957,3.6981606,0.15441
2015-01-30,2406.45,2414.0,2375.0,2389.35,2387.314834279308,14271,2562,34069370.0,4255.0,29.82,39.0,-17.1,Bajaj Auto,-0.5556249219627829,39.0,-0.7105902885993854,3.406937,0.14271
2015-02-02,2390.0,2420.05,2325.0,2347.8,2351.541097312788,24077,4569,56618055.0,6876.0,28.56,95.05,-42.2,Bajaj Auto,-1.7389666645740376,95.05000000000018,-1.7656903765690302,5.6618055,0.24077
2015-02-03,2356.0,2356.0,2257.0,2260.1,2273.6496159754224,45570,7684,103610213.0,17211.0,37.77,99.0,-95.9,Bajaj Auto,-3.73541187494677,99.0,-4.0704584040747065,10.3610213,0.4557
2015-02-04,2272.0,2272.0,2231.5,2247.55,2247.446500054095,18486,2735,41546296.0,3497.0,18.92,40.5,-24.45,Bajaj Auto,-0.5552851643732426,40.5,-1.076144366197175,4.1546296,0.18486
2015-02-05,2255.55,2270.0,2238.0,2243.05,2251.383599306676,16731,2560,37667899.0,3250.0,19.43,32.0,-12.5,Bajaj Auto,-0.20021801517207116,32.0,-0.5541885571146726,3.7667899,0.16731
2015-02-06,2245.3,2255.15,2216.8,2228.25,2230.7064730335255,18523,3148,41319376.0,3771.0,20.36,38.35,-17.05,Bajaj Auto,-0.659815875704961,38.34999999999991,-0.7593640048100557,4.1319376,0.18523
2015-02-09,2217.7,2273.2,2197.55,2267.55,2255.6372417268603,23812,4376,53711234.0,8734.0,36.68,75.65,49.85,Bajaj Auto,1.7637159205654784,75.64999999999964,2.247824322496297,5.3711234,0.23812
2015-02-10,2258.7,2276.4,2239.0,2266.5,2264.27646914489,16302,2397,36912235.0,1983.0,12.16,37.4,7.8,Bajaj Auto,-0.046305483892317145,37.40000000000009,0.34533138531014224,3.6912235,0.16302
2015-02-11,2266.5,2303.0,2255.0,2291.95,2282.7501082208487,25411,2735,58006963.0,7713.0,30.35,48.0,25.45,Bajaj Auto,1.1228766821089753,48.0,1.1228766821089706,5.8006963,0.25411
2015-02-12,2292.0,2313.0,2253.0,2260.65,2281.369776698856,56023,5901,127809179.0,26810.0,47.86,60.0,-31.35,Bajaj Auto,-1.3656493379000323,60.0,-1.367801047120415,12.7809179,0.56023
2015-02-13,2279.75,2280.0,2248.9,2261.75,2260.8095964183753,30824,2618,69687195.0,16103.0,52.24,31.1,-18.0,Bajaj Auto,0.04865857164975118,31.09999999999991,-0.789560258800307,6.9687195,0.30824
2015-02-16,2256.0,2274.0,2256.0,2261.7,2264.4022856045326,20826,1840,47158442.0,11328.0,54.39,18.0,5.7,Bajaj Auto,-0.0022106775726893346,18.0,0.2526595744680771,4.7158442,0.20826
2015-02-18,2265.0,2265.0,2230.4,2240.65,2240.9181217155447,23596,2527,52876704.0,8168.0,34.62,34.6,-24.35,Bajaj Auto,-0.9307158332227838,34.59999999999991,-1.075055187637965,5.2876704,0.23596
2015-02-19,2246.0,2247.0,2200.1,2223.4,2217.114979355904,30275,3849,67123156.0,8601.0,28.41,46.9,-22.6,Bajaj Auto,-0.7698658871309716,46.90000000000009,-1.006233303650931,6.7123156,0.30275
2015-02-20,2231.3,2240.0,2202.35,2209.3,2221.1054974635053,28977,2840,64360974.0,12756.0,44.02,37.65,-22.0,Bajaj Auto,-0.63416389313663,37.65000000000009,-0.9859723031416662,6.4360974,0.28977
2015-02-23,2220.5,2224.0,2171.0,2184.75,2190.7878036929055,20580,3408,45086413.0,8039.0,39.06,53.0,-35.75,Bajaj Auto,-1.1112116960123153,53.0,-1.6099977482548975,4.5086413,0.2058
2015-02-24,2185.0,2202.65,2171.45,2191.95,2191.5862841945286,26320,2977,57682551.0,11825.0,44.93,31.2,6.95,Bajaj Auto,0.32955715756950443,31.200000000000273,0.31807780320365303,5.7682551,0.2632
2015-02-25,2218.0,2218.0,2174.35,2180.8,2182.929486263867,21003,1598,45848068.0,12626.0,60.12,43.65,-37.2,Bajaj Auto,-0.5086794863021327,43.65000000000009,-1.6771866546438152,4.5848068,0.21003
2015-02-26,2175.6,2177.55,2127.5,2134.95,2139.007100282143,53519,5446,114477521.0,32358.0,60.46,50.05,-40.65,Bajaj Auto,-2.1024394717535033,50.05000000000018,-1.8684500827358013,11.4477521,0.53519
2015-02-27,2145.9,2159.0,2105.0,2150.45,2105.9815425066604,2011920,6907,4237066385.0,1971610.0,98.0,54.0,4.55,Bajaj Auto,0.7260123187896594,54.0,0.21203224754181121,423.7066385,20.1192
2015-02-28,2173.0,2190.0,2126.7,2161.8,2157.904585969612,64959,6140,140175324.0,15324.0,23.59,63.3,-11.2,Bajaj Auto,0.5277965077077118,63.30000000000018,-0.5154164749194579,14.0175324,0.64959
2015-03-02,2161.4,2204.0,2051.0,2074.75,2096.2398714473675,139087,14268,291559715.0,45244.0,32.53,153.0,-86.65,Bajaj Auto,-4.0267369784439015,153.0,-4.008975663921537,29.1559715,1.39087
2015-03-03,2069.8,2122.5,2053.0,2116.15,2099.6992006540104,22018,3177,46231177.0,5440.0,24.71,69.5,46.35,Bajaj Auto,1.9954211350765139,69.5,2.2393467967919563,4.6231177,0.22018
2015-03-04,2126.7,2140.0,2112.0,2122.1,2123.150921213953,59541,3909,126414529.0,39565.0,66.45,28.0,-4.6,Bajaj Auto,0.28117099449471716,28.0,-0.21629755019513375,12.6414529,0.59541
2015-03-05,2130.0,2137.8,2108.0,2120.35,2120.3435631229236,24080,1589,51057873.0,14969.0,62.16,29.8,-9.65,Bajaj Auto,-0.08246548230526063,29.800000000000182,-0.4530516431924926,5.1057873,0.2408
2015-03-09,2123.0,2150.5,2093.8,2113.1,2130.9792966322852,40235,3735,85739952.0,18410.0,45.76,56.7,-9.9,Bajaj Auto,-0.34192468224585326,56.69999999999982,-0.4663212435233204,8.5739952,0.40235
2015-03-10,2120.0,2155.0,2110.45,2128.95,2140.058682413729,27095,4957,57984890.0,10255.0,37.85,44.55,8.95,Bajaj Auto,0.750082816714781,44.55000000000018,0.4221698113207461,5.798489,0.27095
2015-03-11,2144.95,2148.0,2090.0,2099.0,2119.4069477001117,26023,3333,55153327.0,11823.0,45.43,58.0,-45.95,Bajaj Auto,-1.4067967777542822,58.0,-2.142241077880595,5.5153327,0.26023
2015-03-12,2106.0,2113.1,2073.0,2077.85,2081.4454495750283,20119,2678,41876601.0,7926.0,39.4,40.1,-28.15,Bajaj Auto,-1.0076226774654695,40.09999999999991,-1.3366571699905077,4.1876601,0.20119
2015-03-13,2081.6,2084.15,2011.8,2022.9,2035.1168384879725,63147,6917,128511523.0,34831.0,55.16,72.35,-58.7,Bajaj Auto,-2.644560483191749,72.35000000000014,-2.8199461952344262,12.8511523,0.63147
2015-03-16,2035.0,2059.9,2011.0,2030.25,2038.3374600796435,25363,3089,51698353.0,7863.0,31.0,48.9,-4.75,Bajaj Auto,0.363339759750847,48.90000000000009,-0.23341523341523343,5.1698353,0.25363
2015-03-17,2035.0,2056.0,2030.0,2045.65,2043.7394654761176,16351,1876,33417184.0,5622.0,34.38,26.0,10.65,Bajaj Auto,0.7585272749661476,26.0,0.5233415233415278,3.3417184,0.16351
2015-03-18,2042.0,2050.8,2025.1,2034.55,2046.7239314400456,55776,2031,114158074.0,44851.0,80.41,25.7,-7.45,Bajaj Auto,-0.5426148168063971,25.700000000000273,-0.3648383937316379,11.4158074,0.55776
2015-03-19,2036.0,2047.35,2021.35,2024.4,2032.0947097821677,51737,5095,105134484.0,34249.0,66.2,26.0,-11.6,Bajaj Auto,-0.4988818166179132,26.0,-0.5697445972495043,10.5134484,0.51737
2015-03-20,2024.0,2033.75,2008.5,2021.35,2021.323477447516,19244,2477,38898349.0,7190.0,37.36,25.25,-2.65,Bajaj Auto,-0.15066192452085625,25.25,-0.1309288537549452,3.8898349,0.19244
2015-03-23,2016.2,2041.7,2014.6,2032.75,2033.1931957917748,36595,4820,74404705.0,18267.0,49.92,27.1,16.55,Bajaj Auto,0.5639795186385355,27.100000000000136,0.820851106041065,7.4404705,0.36595
2015-03-24,2036.55,2042.55,2020.5,2027.9,2027.9988557417244,12235,1781,24812566.0,3486.0,28.49,22.05,-8.65,Bajaj Auto,-0.2385930389865898,22.049999999999955,-0.4247379146104865,2.4812566,0.12235
2015-03-25,2034.0,2034.0,2010.85,2017.85,2017.8544518730764,18846,2246,38028485.0,4935.0,26.19,23.15,-16.15,Bajaj Auto,-0.49558656738498685,23.15000000000009,-0.7940019665683428,3.8028485,0.18846
2015-03-26,2018.0,2031.0,1976.2,2001.75,2005.9546671150908,71361,3879,143146931.0,48786.0,68.37,54.8,-16.25,Bajaj Auto,-0.7978789305448819,54.799999999999955,-0.8052527254707632,14.3146931,0.71361
2015-03-27,2010.0,2022.45,1978.0,2017.15,2003.3477418521547,46454,6804,93063516.0,27729.0,59.69,44.45,7.15,Bajaj Auto,0.7693268390158714,44.450000000000045,0.3557213930348304,9.3063516,0.46454
2015-03-30,2023.0,2043.25,1998.45,2023.75,2021.7145689528563,13618,2415,27531709.0,3569.0,26.21,44.8,0.75,Bajaj Auto,0.3271943088020146,44.799999999999955,0.03707365299060801,2.7531709,0.13618
2015-03-31,2032.45,2032.95,2007.0,2017.35,2014.2865288078167,48407,2206,97505568.0,35824.0,74.01,25.95,-15.1,Bajaj Auto,-0.3162445954292825,25.950000000000045,-0.7429457059214316,9.7505568,0.48407
2015-04-01,2016.0,2029.65,2005.0,2018.65,2018.3676877812393,11556,1725,23324257.0,2185.0,18.91,24.65,2.65,Bajaj Auto,0.06444097454583186,24.65000000000009,0.13144841269841723,2.3324257,0.11556
2015-04-06,2021.0,2039.05,1994.0,2031.35,2013.8970208845208,32560,4016,65572487.0,9402.0,28.88,45.05,10.35,Bajaj Auto,0.6291333316820635,45.049999999999955,0.5121227115289416,6.5572487,0.3256
2015-04-07,2034.8,2100.0,2027.2,2093.0,2080.1505409060173,29580,4094,61530853.0,11080.0,37.46,72.8,58.2,Bajaj Auto,3.0349275112609986,72.79999999999995,2.8602319638293716,6.1530853,0.2958
2015-04-08,2090.8,2128.35,2084.25,2104.75,2105.9560413047675,20724,2942,43643833.0,3951.0,19.06,44.1,13.95,Bajaj Auto,0.5613951266125072,44.09999999999991,0.6672087239334139,4.3643833,0.20724
2015-04-09,2125.0,2125.0,2080.3,2097.25,2095.808587479936,9968,1607,20891020.0,2661.0,26.7,44.7,-27.75,Bajaj Auto,-0.3563368571089187,44.69999999999982,-1.3058823529411765,2.089102,0.09968
2015-04-10,2100.0,2104.95,2080.0,2100.6,2094.5580322828596,13010,1845,27250200.0,2127.0,16.35,24.95,0.6,Bajaj Auto,0.15973298366909194,24.949999999999818,0.02857142857142424,2.72502,0.1301
2015-04-13,2102.0,2141.0,2083.1,2100.45,2095.2846196972528,16053,2648,33635604.0,3003.0,18.71,57.9,-1.55,Bajaj Auto,-0.007140816909456671,57.90000000000009,-0.07373929590866708,3.3635604,0.16053
2015-04-15,2100.0,2103.0,2061.2,2077.8,2083.283816162056,22955,2503,47821780.0,11178.0,48.7,41.8,-22.2,Bajaj Auto,-1.0783403556380633,41.80000000000018,-1.0571428571428485,4.782178,0.22955
2015-04-16,2070.0,2093.7,2051.15,2086.7,2074.7810097385955,15608,2618,32383182.0,3127.0,20.03,42.55,16.7,Bajaj Auto,0.4283376648377857,42.54999999999973,0.8067632850241458,3.2383182,0.15608
2015-04-17,2066.75,2078.9,2040.05,2065.7,2059.7092362875505,13382,2479,27563029.0,3892.0,29.08,38.85,-1.05,Bajaj Auto,-1.0063737001006379,38.850000000000136,-0.05080440304827299,2.7563029,0.13382
2015-04-20,2070.0,2082.75,2002.9,2018.5,2046.5182009160724,29037,4629,59424749.0,11288.0,38.87,79.85,-51.5,Bajaj Auto,-2.2849397298736474,79.84999999999991,-2.4879227053140096,5.9424749,0.29037
2015-04-21,2020.5,2055.3,1985.0,1992.95,2010.3947908887228,21424,3148,43070698.0,4482.0,20.92,70.3,-27.55,Bajaj Auto,-1.2657914292791617,70.30000000000018,-1.3635238802276641,4.3070698,0.21424
2015-04-22,1992.0,2019.2,1948.4,1988.5,1981.9189265803648,31749,4107,62923944.0,8896.0,28.02,70.8,-3.5,Bajaj Auto,-0.22328708698161615,70.79999999999995,-0.1757028112449799,6.2923944,0.31749
2015-04-23,1997.0,2016.6,1974.0,1991.4,1991.5796350794585,16990,2975,33836938.0,5400.0,31.78,42.6,-5.6,Bajaj Auto,0.14583857178778192,42.59999999999991,-0.28042063094641506,3.3836938,0.1699
2015-04-24,1992.0,2006.7,1965.0,1996.85,1988.7312835529528,20490,2512,40749104.0,5944.0,29.01,41.7,4.85,Bajaj Auto,0.2736768102842069,41.700000000000045,0.24347389558232474,4.0749104,0.2049
2015-04-27,1998.4,2015.0,1972.0,1990.55,1991.4803188839064,14049,2411,27978307.0,2205.0,15.7,43.0,-7.85,Bajaj Auto,-0.3154969076295089,43.0,-0.3928142514011277,2.7978307,0.14049
2015-04-28,1984.45,2000.85,1947.85,1990.55,1986.6355433130695,10528,1586,20915299.0,2257.0,21.44,53.0,6.1,Bajaj Auto,0.0,53.0,0.30738995691500964,2.0915299,0.10528
2015-04-29,1998.85,1998.9,1971.05,1978.1,1982.5142564452792,5857,1093,11611586.0,1592.0,27.18,27.85,-20.75,Bajaj Auto,-0.6254552761799537,27.850000000000136,-1.0380969057207894,1.1611586,0.05857
2015-04-30,1980.0,1980.0,1913.8,1949.4,1942.4243057629144,36839,5107,71556969.0,6135.0,16.65,66.2,-30.6,Bajaj Auto,-1.4508872150042929,66.20000000000005,-1.5454545454545408,7.1556969,0.36839
2015-05-04,1955.0,2102.05,1938.25,2093.7,2044.7398600764247,88191,10223,180327653.0,21259.0,24.11,163.8,138.7,Bajaj Auto,7.402277623884257,163.80000000000018,7.094629156010221,18.0327653,0.88191
2015-05-05,2100.0,2100.0,2031.0,2063.35,2058.0765639144315,20989,3109,43196969.0,4083.0,19.45,69.0,-36.65,Bajaj Auto,-1.449586855805507,69.0,-1.7452380952380997,4.3196969,0.20989
2015-05-06,2059.85,2059.85,2016.8,2020.25,2033.754100275688,42802,5887,87048743.0,15413.0,36.01,43.05,-39.6,Bajaj Auto,-2.088836116024906,43.049999999999955,-1.9224700827730132,8.7048743,0.42802
2015-05-07,2013.4,2089.0,2010.0,2067.0,2067.157113701616,28909,4162,59759445.0,4799.0,16.6,79.0,53.6,Bajaj Auto,2.3140700408365245,79.0,2.662163504519713,5.9759445,0.28909
2015-05-08,2063.0,2150.4,2054.95,2129.35,2125.6313917296575,49478,8599,105171990.0,15354.0,31.03,95.45,66.35,Bajaj Auto,3.016448959845186,95.45000000000027,3.2161900145419247,10.517199,0.49478
2015-05-11,2137.0,2190.45,2137.0,2182.1,2174.393786211456,25717,2439,55918885.0,5645.0,21.95,53.45,45.1,Bajaj Auto,2.4772817996102203,53.44999999999982,2.110435189518012,5.5918885,0.25717
2015-05-12,2165.65,2182.15,2126.6,2128.95,2144.2446870898375,35809,1845,76783258.0,12525.0,34.98,55.55,-36.7,Bajaj Auto,-2.435727051922465,55.55000000000018,-1.694641331701811,7.6783258,0.35809
2015-05-13,2147.0,2171.2,2093.95,2125.2,2123.399602738268,28193,2176,59865005.0,7279.0,25.82,77.25,-21.8,Bajaj Auto,-0.17614316916789718,77.25,-1.0153702841173815,5.9865005,0.28193
2015-05-14,2130.0,2178.45,2108.1,2165.0,2160.295573274677,21822,2191,47141970.0,3713.0,17.01,70.35,35.0,Bajaj Auto,1.8727649162431748,70.34999999999991,1.643192488262911,4.714197,0.21822
2015-05-15,2180.0,2187.0,2155.55,2181.85,2176.662144833637,14817,1343,32251603.0,2761.0,18.63,31.45,1.85,Bajaj Auto,0.7782909930715842,31.449999999999818,0.08486238532109674,3.2251603,0.14817
2015-05-18,2187.0,2232.0,2178.95,2221.95,2207.9933760813014,33062,3196,73000677.0,10977.0,33.2,53.05,34.95,Bajaj Auto,1.8378898641061348,53.05000000000018,1.5980795610425158,7.3000677,0.33062
2015-05-19,2220.0,2241.85,2194.05,2199.25,2218.124404252719,16366,1176,36301824.0,3053.0,18.65,47.8,-20.75,Bajaj Auto,-1.0216251490807515,47.79999999999973,-0.9346846846846847,3.6301824,0.16366
2015-05-20,2198.0,2221.95,2137.4,2150.5,2162.246785058175,26128,1898,56495184.0,4926.0,18.85,84.55,-47.5,Bajaj Auto,-2.2166647720813892,84.54999999999973,-2.1610555050045495,5.6495184,0.26128
2015-05-21,2150.0,2313.3,2124.0,2299.75,2226.603166774821,308200,18231,686239096.0,17350.0,5.63,189.3,149.75,Bajaj Auto,6.940246454312948,189.30000000000018,6.965116279069767,68.6239096,3.082
2015-05-22,2278.0,2342.55,2255.85,2310.5,2291.284091293322,88725,5800,203294181.0,11002.0,12.4,86.7,32.5,Bajaj Auto,0.4674421132731865,86.70000000000027,1.4266900790166812,20.3294181,0.88725
2015-05-25,2305.0,2323.7,2280.15,2301.85,2300.0654326168383,64341,2741,147988510.0,34335.0,53.36,43.55,-3.15,Bajaj Auto,-0.3743778402943154,43.54999999999973,-0.13665943600868075,14.798851,0.64341
2015-05-26,2299.95,2325.85,2287.4,2315.5,2297.5980858399716,50466,1617,115950585.0,1963.0,3.89,38.45,15.55,Bajaj Auto,0.5930012815778651,38.44999999999982,0.6761016543837989,11.5950585,0.50466
2015-05-27,2319.0,2334.95,2305.5,2306.4,2311.1474849312804,193613,2341,447468198.0,165101.0,85.27,29.45,-12.6,Bajaj Auto,-0.3930036709134055,29.449999999999818,-0.5433376455368655,44.7468198,1.93613
2015-05-28,2310.0,2332.95,2277.0,2302.65,2303.229637314476,47231,2067,108783839.0,25120.0,53.19,55.95,-7.35,Bajaj Auto,-0.16259105098855864,55.94999999999982,-0.31818181818181424,10.8783839,0.47231
2015-05-29,2301.1,2329.95,2287.9,2315.0,2314.30566675236,27229,2013,63016229.0,3998.0,14.68,42.05,13.9,Bajaj Auto,0.5363385664343134,42.04999999999973,0.6040589283386246,6.3016229,0.27229
2015-06-01,2305.0,2352.25,2305.0,2336.3,2325.8489743625446,71809,1525,167016889.0,48953.0,68.17,47.25,31.3,Bajaj Auto,0.9200863930885594,47.25,1.3579175704989233,16.7016889,0.71809
2015-06-02,2338.0,2345.0,2260.6,2269.1,2305.5990712864213,39194,2675,90365650.0,4633.0,11.82,84.4,-68.9,Bajaj Auto,-2.876342935410703,84.40000000000009,-2.9469632164242983,9.036565,0.39194
2015-06-03,2266.85,2290.9,2230.0,2240.8,2254.22084623323,25194,1927,56792840.0,4303.0,17.08,60.9,-26.05,Bajaj Auto,-1.2471905160636232,60.90000000000009,-1.149171758166607,5.679284,0.25194
2015-06-04,2280.0,2280.0,2190.45,2216.2,2222.7460127262207,24202,2187,53794899.0,6811.0,28.14,89.55,-63.8,Bajaj Auto,-1.0978222063548926,89.55000000000018,-2.7982456140350958,5.3794899,0.24202
2015-06-05,2214.95,2234.45,2191.0,2199.35,2215.1834822042047,36385,1706,80599451.0,6847.0,18.82,43.45,-15.6,Bajaj Auto,-0.7603104412959083,43.44999999999982,-0.7043048375809797,8.0599451,0.36385
2015-06-08,2200.45,2240.0,2200.45,2221.3,2220.379636815148,12886,1703,28611812.0,2890.0,22.43,39.55,20.85,Bajaj Auto,0.9980221429058744,39.55000000000018,0.9475334590652078,2.8611812,0.12886
2015-06-09,2220.0,2230.0,2175.25,2185.85,2206.7459594926354,19552,1783,43146297.0,2307.0,11.8,54.75,-34.15,Bajaj Auto,-1.5959123036060063,54.75,-1.5382882882882924,4.3146297,0.19552
2015-06-10,2183.0,2267.05,2182.15,2253.1,2232.4479021874317,109352,2238,244122643.0,91521.0,83.69,84.9,70.1,Bajaj Auto,3.076606354507394,84.90000000000009,3.2111772789738846,24.4122643,1.09352
2015-06-11,2261.0,2277.7,2202.0,2207.55,2232.9842404409233,23224,1574,51858826.0,4957.0,21.34,75.7,-53.45,Bajaj Auto,-2.0216590475344964,75.69999999999982,-2.363998230871288,5.1858826,0.23224
2015-06-12,2211.0,2297.95,2210.0,2285.55,2271.1498684705,26610,2353,60435298.0,8000.0,30.06,87.95,74.55,Bajaj Auto,3.533328803424607,87.94999999999982,3.3717774762550965,6.0435298,0.2661
2015-06-15,2271.3,2339.0,2265.0,2334.3,2303.024282826338,41552,2650,95695265.0,9709.0,23.37,74.0,63.0,Bajaj Auto,2.132965806917375,74.0,2.773741909919429,9.5695265,0.41552
2015-06-16,2334.0,2401.95,2315.95,2391.35,2352.1749759569147,51990,2549,122289577.0,25274.0,48.61,86.0,57.35,Bajaj Auto,2.4439874908966264,86.0,2.4571550985432693,12.2289577,0.5199
2015-06-17,2391.0,2407.8,2360.0,2368.05,2381.9247839583854,23838,1901,56780323.0,4364.0,18.31,47.8,-22.95,Bajaj Auto,-0.9743450352311389,47.80000000000018,-0.9598494353826774,5.6780323,0.23838
2015-06-18,2380.0,2414.0,2375.0,2397.35,2394.935103983964,23946,2024,57349116.0,4080.0,17.04,39.0,17.35,Bajaj Auto,1.2373049555541416,39.0,0.7289915966386517,5.7349116,0.23946
2015-06-19,2402.15,2425.0,2391.1,2405.6,2408.5594205114485,26161,1765,63010323.0,2992.0,11.44,33.9,3.45,Bajaj Auto,0.3441299768494277,33.90000000000009,0.1436213392169439,6.3010323,0.26161
2015-06-22,2410.0,2436.0,2400.0,2425.4,2420.3555982700623,16648,1549,40294080.0,4301.0,25.83,36.0,15.4,Bajaj Auto,0.8230794812105202,36.0,0.6390041493775972,4.029408,0.16648
2015-06-23,2424.0,2437.7,2401.25,2412.45,2419.4597331187556,14913,1147,36081403.0,3656.0,24.52,36.45,-11.55,Bajaj Auto,-0.5339325472087153,36.44999999999982,-0.476485148514859,3.6081403,0.14913
2015-06-24,2415.0,2415.0,2388.05,2395.0,2398.8691202703967,10651,797,25550355.0,3157.0,29.64,26.95,-20.0,Bajaj Auto,-0.7233310534933257,26.949999999999818,-0.8281573498964804,2.5550355,0.10651
2015-06-25,2395.0,2524.9,2395.0,2506.25,2474.0852426632346,66821,5449,165320850.0,21556.0,32.26,129.9,111.25,Bajaj Auto,4.645093945720258,129.9000000000001,4.645093945720251,16.532085,0.66821
2015-06-26,2490.0,2553.95,2472.6,2540.15,2522.6824479688694,50883,4380,128361651.0,7010.0,13.78,81.35,50.15,Bajaj Auto,1.3526184538653396,81.34999999999991,2.014056224899602,12.8361651,0.50883
2015-06-29,2500.0,2565.0,2483.15,2550.6,2538.709834944819,51195,4287,129969250.0,4618.0,9.02,81.85,50.6,Bajaj Auto,0.4113930279707745,81.84999999999991,2.0239999999999965,12.996925,0.51195
2015-06-30,2554.9,2581.0,2527.1,2535.65,2551.3318322680607,41304,3684,105380210.0,8339.0,20.19,53.9,-19.25,Bajaj Auto,-0.5861365953109043,53.90000000000009,-0.7534541469333437,10.538021,0.41304
2015-07-01,2536.1,2554.8,2520.0,2523.6,2529.8909204807956,25541,1650,64615944.0,7505.0,29.38,34.8,-12.5,Bajaj Auto,-0.47522331552067865,34.80000000000018,-0.4928827727613265,6.4615944,0.25541
2015-07-02,2559.0,2585.0,2529.35,2565.8,2567.7121807151975,62640,4143,160841491.0,25613.0,40.89,55.65,6.8,Bajaj Auto,1.67221429703599,55.65000000000009,0.26572880031262924,16.0841491,0.6264
2015-07-03,2575.0,2605.95,2575.0,2586.15,2591.634379075994,29134,2696,75504676.0,5890.0,20.22,30.95,11.15,Bajaj Auto,0.7931249512822536,30.949999999999818,0.4330097087378676,7.5504676,0.29134
2015-07-06,2589.7,2603.0,2570.1,2595.35,2592.793796972584,28341,1782,73482369.0,10847.0,38.27,32.9,5.65,Bajaj Auto,0.3557411596388338,32.90000000000009,0.2181719890334823,7.3482369,0.28341
2015-07-07,2596.25,2618.0,2587.0,2606.25,2602.2073987356594,21355,1434,55570139.0,4216.0,19.74,31.0,10.0,Bajaj Auto,0.41998189068912506,31.0,0.38517091959557054,5.5570139,0.21355
2015-07-08,2590.0,2607.75,2562.1,2573.9,2582.517271727173,22725,1772,58687705.0,3224.0,14.19,45.65,-16.1,Bajaj Auto,-1.2412470023980826,45.65000000000009,-0.6216216216216182,5.8687705,0.22725
2015-07-09,2550.0,2558.45,2502.65,2513.95,2532.681436154526,13564,1208,34353291.0,2050.0,15.11,55.8,-36.05,Bajaj Auto,-2.3291503166401273,55.79999999999973,-1.4137254901960854,3.4353291,0.13564
2015-07-10,2520.0,2523.0,2456.05,2470.9,2479.6482708760086,24897,2046,61735803.0,3284.0,13.19,66.95,-49.1,Bajaj Auto,-1.7124445593587723,66.94999999999982,-1.9484126984126948,6.1735803,0.24897
2015-07-13,2481.0,2508.0,2440.0,2497.45,2481.520555193748,24568,1387,60965997.0,8252.0,33.59,68.0,16.45,Bajaj Auto,1.0745072645594655,68.0,0.6630390971382434,6.0965997,0.24568
2015-07-14,2498.0,2519.5,2487.75,2499.05,2504.420249355116,18608,1329,46602252.0,5033.0,27.05,31.75,1.05,Bajaj Auto,0.06406534665359676,31.75,0.042033626901528495,4.6602252,0.18608
2015-07-15,2500.0,2539.0,2500.0,2532.45,2528.2033402413754,24609,1535,62216556.0,7417.0,30.14,39.0,32.45,Bajaj Auto,1.3365078729917323,39.0,1.2979999999999927,6.2216556,0.24609
2015-07-16,2532.0,2562.3,2532.0,2544.25,2547.0956704306873,17623,1153,44887467.0,3730.0,21.17,30.3,12.25,Bajaj Auto,0.46595194376988225,30.300000000000182,0.48380726698262244,4.4887467,0.17623
2015-07-17,2550.0,2566.45,2498.0,2527.25,2541.112816593423,47103,2603,119694037.0,19620.0,41.65,68.45,-22.75,Bajaj Auto,-0.668173332023192,68.44999999999982,-0.892156862745098,11.9694037,0.47103
2015-07-20,2531.0,2548.25,2514.0,2519.55,2525.0846870047544,20192,1237,50986510.0,6760.0,33.48,34.25,-11.45,Bajaj Auto,-0.3046789989118559,34.25,-0.45239035954167595,5.098651,0.20192
2015-07-21,2518.9,2571.0,2510.55,2544.6,2541.4798731555784,15452,1161,39270947.0,2518.0,16.3,60.45,25.7,Bajaj Auto,0.9942251592546247,60.44999999999982,1.0202866330541036,3.9270947,0.15452
2015-07-22,2544.6,2629.7,2535.0,2619.1,2605.0137489189715,56659,3687,147597474.0,28296.0,49.94,94.7,74.5,Bajaj Auto,2.9277686080326992,94.69999999999982,2.927768608032697,14.7597474,0.56659
2015-07-23,2629.95,2655.0,2478.9,2487.75,2538.235789824105,258336,19775,655717681.0,50677.0,19.62,176.1,-142.2,Bajaj Auto,-5.015081516551478,176.0999999999999,-5.4069469001311745,65.5717681,2.58336
2015-07-24,2496.9,2517.6,2478.05,2497.45,2498.5136997387226,43249,3311,108058219.0,8884.0,20.54,39.55,0.55,Bajaj Auto,0.3899105617525711,39.54999999999973,0.02202731386918688,10.8058219,0.43249
2015-07-27,2500.1,2527.0,2465.0,2507.7,2508.844877644131,53042,2916,133074150.0,27575.0,51.99,62.0,7.6,Bajaj Auto,0.41041862699953136,62.0,0.3039878404863769,13.307415,0.53042
2015-07-28,2509.05,2520.95,2457.55,2476.05,2492.604058742455,21041,1536,52446882.0,5628.0,26.75,63.4,-33.0,Bajaj Auto,-1.2621126929058368,63.399999999999636,-1.3152388354157947,5.2446882,0.21041
2015-07-29,2484.9,2512.0,2478.0,2495.15,2499.4098563262783,19419,1418,48536040.0,5132.0,26.43,34.0,10.25,Bajaj Auto,0.771389915389431,34.0,0.41249144834802204,4.853604,0.19419
2015-07-30,2507.4,2530.0,2507.4,2523.8,2521.928801084641,25815,2348,65103592.0,7196.0,27.88,22.6,16.4,Bajaj Auto,1.1482275614692616,22.59999999999991,0.6540639706468888,6.5103592,0.25815
2015-07-31,2527.25,2554.0,2514.6,2519.15,2529.6554209316896,28722,2076,72656763.0,4702.0,16.37,39.4,-8.1,Bajaj Auto,-0.1842459782867123,39.40000000000009,-0.3205064793748109,7.2656763,0.28722
2015-08-03,2541.0,2562.25,2487.5,2504.4,2511.9880102294997,30109,2312,75633447.0,6965.0,23.13,74.75,-36.6,Bajaj Auto,-0.5855149554413241,74.75,-1.4403778040141642,7.5633447,0.30109
2015-08-04,2500.0,2524.0,2477.0,2510.55,2508.794897774561,27635,2895,69330547.0,7735.0,27.99,47.0,10.55,Bajaj Auto,0.24556780067082062,47.0,0.42200000000000726,6.9330547,0.27635
2015-08-05,2522.0,2584.0,2521.95,2569.7,2565.8327205416235,39437,4020,101188745.0,11756.0,29.81,62.05,47.7,Bajaj Auto,2.356057437613268,62.05000000000018,1.8913560666137914,10.1188745,0.39437
2015-08-06,2570.0,2606.0,2564.0,2575.45,2583.136928654668,15446,1215,39899133.0,2752.0,17.82,42.0,5.45,Bajaj Auto,0.2237615285830996,42.0,0.21206225680933144,3.9899133,0.15446
2015-08-07,2578.0,2581.0,2529.0,2537.85,2549.471762123329,20044,1653,51101612.0,4409.0,22.0,52.0,-40.15,Bajaj Auto,-1.4599390397794565,52.0,-1.5574088440651703,5.1101612,0.20044
2015-08-10,2550.0,2572.5,2544.0,2556.3,2560.9513416920554,34136,1932,87420635.0,17134.0,50.19,28.5,6.3,Bajaj Auto,0.7269933211182744,28.5,0.24705882352941888,8.7420635,0.34136
2015-08-11,2560.0,2565.0,2529.2,2541.75,2542.23436678928,9515,667,24189360.0,1569.0,16.49,35.8,-18.25,Bajaj Auto,-0.5691820208895693,35.80000000000018,-0.712890625,2.418936,0.09515
2015-08-12,2549.7,2549.7,2454.15,2462.1,2482.6726555419314,18757,1548,46567491.0,4800.0,25.59,95.55,-87.6,Bajaj Auto,-3.133667748598412,95.54999999999973,-3.4356983174491083,4.6567491,0.18757
2015-08-13,2472.4,2515.0,2437.8,2489.05,2477.74310273118,28852,2680,71487844.0,4917.0,17.04,77.2,16.65,Bajaj Auto,1.0945940457333325,77.19999999999982,0.6734347193010877,7.1487844,0.28852
2015-08-14,2501.2,2570.4,2478.5,2558.8,2541.7695036874625,25085,2013,63760288.0,6035.0,24.06,91.9,57.6,Bajaj Auto,2.802273959944568,91.90000000000009,2.302894610586933,6.3760288,0.25085
2015-08-17,2559.0,2565.0,2525.0,2529.95,2538.576027957469,13449,1208,34141309.0,2439.0,18.14,40.0,-29.05,Bajaj Auto,-1.127481632015026,40.0,-1.1352090660414296,3.4141309,0.13449
2015-08-18,2550.6,2557.9,2512.8,2522.0,2527.1321222130473,21798,1907,55086426.0,7079.0,32.48,45.1,-28.6,Bajaj Auto,-0.31423545919878615,45.09999999999991,-1.1213047910295582,5.5086426,0.21798
2015-08-19,2522.1,2554.8,2499.95,2541.25,2527.221255544183,11724,1018,29629142.0,1275.0,10.88,54.85,19.15,Bajaj Auto,0.7632831086439307,54.850000000000364,0.7592878950081318,2.9629142,0.11724
2015-08-20,2513.0,2537.35,2480.4,2492.1,2503.7339670178653,17464,1564,43725210.0,4851.0,27.78,56.95,-20.9,Bajaj Auto,-1.9340875553369385,56.94999999999982,-0.8316752884998048,4.372521,0.17464
2015-08-21,2492.0,2512.8,2379.0,2407.35,2411.2830422154957,97784,5253,235784901.0,36125.0,36.94,133.8,-84.65,Bajaj Auto,-3.4007463584928344,133.80000000000018,-3.3968699839486396,23.5784901,0.97784
2015-08-24,2357.1,2357.1,2170.0,2188.45,2243.6422918226804,68103,4676,152798771.0,23406.0,34.37,187.1,-168.65,Bajaj Auto,-9.09298606351383,187.0999999999999,-7.154978575368041,15.2798771,0.68103
2015-08-25,2240.0,2246.85,2142.7,2204.65,2191.413953488372,64715,5243,141817354.0,20831.0,32.19,104.15,-35.35,Bajaj Auto,0.740249948593763,104.15000000000009,-1.5781249999999958,14.1817354,0.64715
2015-08-26,2204.65,2270.0,2133.15,2244.15,2231.450765411668,33838,3482,75507831.0,7931.0,23.44,136.85,39.5,Bajaj Auto,1.791667611639025,136.8499999999999,1.7916676116390355,7.5507831,0.33838
2015-08-27,2251.3,2305.0,2177.5,2189.3,2200.557668752276,60414,3760,132944491.0,30516.0,50.51,127.5,-62.0,Bajaj Auto,-2.444132522335851,127.5,-2.753964376138231,13.2944491,0.60414
2015-08-28,2215.0,2290.0,2202.05,2269.2,2260.9788099422544,39830,3116,90054786.0,15687.0,39.38,87.95,54.2,Bajaj Auto,3.649568355181998,87.94999999999982,2.4469525959367866,9.0054786,0.3983
2015-08-31,2280.0,2397.0,2222.85,2254.9,2246.2861945786926,23795,1922,53450380.0,5513.0,23.17,174.15,-25.1,Bajaj Auto,-0.6301780363123455,174.1500000000001,-1.1008771929824521,5.345038,0.23795
2015-09-01,2225.0,2259.9,2217.1,2251.75,2238.526144146103,27597,2402,61776606.0,9083.0,32.91,42.8,26.75,Bajaj Auto,-0.13969577364850716,42.80000000000018,1.202247191011236,6.1776606,0.27597
2015-09-02,2251.75,2281.95,2200.0,2207.35,2244.851704740639,46576,2819,104556213.0,18028.0,38.71,81.95,-44.4,Bajaj Auto,-1.9717997113356311,81.94999999999982,-1.9717997113356318,10.4556213,0.46576
2015-09-03,2250.0,2265.6,2214.15,2246.85,2244.433289478123,29643,2087,66531736.0,14673.0,49.5,51.45,-3.15,Bajaj Auto,1.7894760685890354,51.44999999999982,-0.14000000000000404,6.6531736,0.29643
2015-09-04,2233.0,2234.0,2186.2,2207.85,2200.73969110076,20395,1740,44884086.0,5311.0,26.04,47.8,-25.15,Bajaj Auto,-1.7357634020962687,47.80000000000018,-1.1262875055978545,4.4884086,0.20395
2015-09-07,2215.1,2221.45,2177.7,2192.75,2193.1446762608853,38009,2075,83359236.0,18571.0,48.86,43.75,-22.35,Bajaj Auto,-0.6839232737731238,43.75,-1.0089837930567427,8.3359236,0.38009
2015-09-08,2222.0,2222.0,2175.05,2209.8,2205.768734891217,14892,1253,32848308.0,1674.0,11.24,46.95,-12.2,Bajaj Auto,0.7775624216167065,46.94999999999982,-0.5490549054905408,3.2848308,0.14892
2015-09-09,2220.0,2276.95,2220.0,2269.05,2253.7447404663526,21057,1846,47457103.0,6539.0,31.05,56.95,49.05,Bajaj Auto,2.6812381210969294,56.94999999999982,2.2094594594594676,4.7457103,0.21057
2015-09-10,2250.0,2316.0,2220.0,2302.45,2277.015232058884,19564,1690,44547526.0,1930.0,9.87,96.0,52.45,Bajaj Auto,1.4719816663361085,96.0,2.331111111111103,4.4547526,0.19564
2015-09-11,2313.7,2331.8,2277.0,2318.5,2300.821684926332,31764,2166,73083300.0,11819.0,37.21,54.8,4.8,Bajaj Auto,0.6970835414449983,54.80000000000018,0.20745991269396127,7.30833,0.31764
2015-09-14,2339.2,2339.2,2299.25,2310.5,2311.1374208925786,12167,1029,28119609.0,2045.0,16.81,39.95,-28.7,Bajaj Auto,-0.34505067931852595,39.94999999999982,-1.226915184678515,2.8119609,0.12167
2015-09-15,2316.0,2316.0,2282.05,2295.2,2296.347767032489,18406,777,42266577.0,10905.0,59.25,33.95,-20.8,Bajaj Auto,-0.662194330231558,33.94999999999982,-0.8981001727115795,4.2266577,0.18406
2015-09-16,2302.2,2369.0,2299.05,2345.65,2340.572625856504,35318,1564,82664344.0,23058.0,65.29,69.95,43.45,Bajaj Auto,2.198065528058568,69.94999999999982,1.887325167231356,8.2664344,0.35318
2015-09-18,2350.15,2374.0,2267.0,2294.15,2309.455209049912,52332,3096,120858410.0,27913.0,53.34,107.0,-56.0,Bajaj Auto,-2.195553471319256,107.0,-2.3828266280875687,12.085841,0.52332
2015-09-21,2292.7,2311.0,2267.6,2303.05,2295.344475233807,11548,1127,26506638.0,2060.0,17.84,43.4,10.35,Bajaj Auto,0.38794324695421434,43.40000000000009,0.45143280847910167,2.6506638,0.11548
2015-09-22,2311.7,2316.45,2241.0,2258.15,2278.2104045287383,24201,1222,55134970.0,12774.0,52.78,75.45,-53.55,Bajaj Auto,-1.9495885890449705,75.44999999999982,-2.3164770515205144,5.513497,0.24201
2015-09-23,2258.15,2258.15,2213.05,2240.25,2234.7042232353087,19961,1707,44606931.0,2938.0,14.72,45.1,-17.9,Bajaj Auto,-0.7926842769523712,45.09999999999991,-0.7926842769523765,4.4606931,0.19961
2015-09-24,2245.0,2292.3,2235.8,2283.1,2271.85385828151,22834,1890,51875511.0,2189.0,9.59,56.5,38.1,Bajaj Auto,1.912732953911389,56.5,1.6971046770601295,5.1875511,0.22834
2015-09-28,2290.0,2303.95,2264.4,2275.9,2277.713338600529,29111,1563,66306513.0,13858.0,47.6,39.55,-14.1,Bajaj Auto,-0.3153606937935205,39.54999999999973,-0.6157205240174632,6.6306513,0.29111
2015-09-29,2274.0,2293.3,2206.6,2251.75,2249.078596963888,19301,1651,43409466.0,5694.0,29.5,86.7,-22.25,Bajaj Auto,-1.061118678325057,86.70000000000027,-0.978452066842568,4.3409466,0.19301
2015-09-30,2260.0,2320.0,2252.5,2309.75,2289.5706687940437,15042,1323,34439722.0,2298.0,15.28,67.5,49.75,Bajaj Auto,2.5757743976906777,67.5,2.2013274336283186,3.4439722,0.15042
2015-10-01,2329.7,2329.7,2285.95,2313.85,2309.0862612210926,16821,1239,38841140.0,5364.0,31.89,43.75,-15.85,Bajaj Auto,0.17750838835370875,43.75,-0.6803451088122896,3.884114,0.16821
2015-10-05,2315.3,2399.0,2311.75,2384.4,2363.1376616481475,26369,2393,62313577.0,3822.0,14.49,87.25,69.1,Bajaj Auto,3.04903083605248,87.25,2.9844944499632837,6.2313577,0.26369
2015-10-06,2390.0,2390.0,2345.75,2377.6,2367.0548393697563,19548,1862,46271188.0,4217.0,21.57,44.25,-12.4,Bajaj Auto,-0.2851870491528352,44.25,-0.518828451882849,4.6271188,0.19548
2015-10-07,2377.0,2467.0,2362.0,2452.3,2427.140599660569,26515,2350,64355633.0,4993.0,18.83,105.0,75.3,Bajaj Auto,3.1418236877523764,105.0,3.167858645351291,6.4355633,0.26515
2015-10-08,2465.0,2472.3,2407.65,2435.2,2437.5829298766203,12806,1457,31215687.0,1128.0,8.81,64.65,-29.8,Bajaj Auto,-0.6973045712188708,64.65000000000009,-1.2089249492900682,3.1215687,0.12806
2015-10-09,2435.0,2498.0,2432.9,2444.15,2463.945787384208,22670,1790,55857651.0,1799.0,7.94,65.1,9.15,Bajaj Auto,0.3675262812089519,65.09999999999991,0.37577002053388464,5.5857651,0.2267
2015-10-12,2444.15,2455.0,2408.0,2425.35,2433.957667650351,9827,902,23918502.0,1255.0,12.77,47.0,-18.8,Bajaj Auto,-0.7691835607470998,47.0,-0.7691835607470974,2.3918502,0.09827
2015-10-13,2436.2,2475.95,2431.5,2460.75,2456.6519838601207,14870,1557,36530415.0,2081.0,13.99,44.45,24.55,Bajaj Auto,1.4595831529470082,44.44999999999982,1.0077169362121412,3.6530415,0.1487
2015-10-14,2460.9,2478.8,2432.05,2439.6,2445.229980879541,13075,1097,31971382.0,2755.0,21.07,46.75,-21.3,Bajaj Auto,-0.8594940566900355,46.75,-0.8655369986590346,3.1971382,0.13075
2015-10-15,2458.35,2459.95,2441.8,2451.8,2452.473530042152,13997,1098,34327272.0,6800.0,48.58,18.15,-6.55,Bajaj Auto,0.5000819806525669,18.149999999999636,-0.26643887160085944,3.4327272,0.13997
2015-10-16,2449.8,2488.4,2438.0,2458.45,2466.1178198562975,25191,1952,62123974.0,5823.0,23.12,50.4,8.65,Bajaj Auto,0.27122930092176034,50.40000000000009,0.3530900481671824,6.2123974,0.25191
2015-10-19,2458.45,2470.75,2433.3,2459.75,2450.3538178164767,11944,1226,29267026.0,1655.0,13.86,37.45,1.3,Bajaj Auto,0.052878846427639736,37.44999999999982,0.05287884642763457,2.9267026,0.11944
2015-10-20,2463.0,2465.55,2403.75,2438.3,2439.897682397877,30894,2562,75378199.0,9318.0,30.16,61.8,-24.7,Bajaj Auto,-0.8720398414472919,61.80000000000018,-1.0028420625253682,7.5378199,0.30894
2015-10-21,2459.7,2535.0,2435.0,2518.25,2505.344589409056,118573,9650,297066224.0,20193.0,17.03,100.0,58.55,Bajaj Auto,3.2789238403805765,100.0,2.380371590031312,29.7066224,1.18573
2015-10-23,2535.0,2564.0,2505.0,2513.85,2534.6366449719244,31344,2510,79445651.0,6876.0,21.94,59.0,-21.15,Bajaj Auto,-0.17472451106920195,59.0,-0.8343195266272226,7.9445651,0.31344
2015-10-26,2520.0,2575.0,2520.0,2567.55,2561.2939860390193,33522,3035,85859697.0,9962.0,29.72,55.0,47.55,Bajaj Auto,2.1361656423414477,55.0,1.8869047619047692,8.5859697,0.33522
2015-10-27,2550.1,2594.45,2550.1,2582.25,2582.1706014444376,16477,1438,42546425.0,2193.0,13.31,44.35,32.15,Bajaj Auto,0.572530233101598,44.34999999999991,1.2607348731422334,4.2546425,0.16477
2015-10-28,2570.0,2584.0,2560.0,2568.8,2570.522790197942,24199,1142,62204081.0,12838.0,53.05,24.0,-1.2,Bajaj Auto,-0.5208635879562329,24.0,-0.046692607003883974,6.2204081,0.24199
2015-10-29,2574.7,2599.0,2565.1,2575.15,2580.4999233246435,13042,1191,33654880.0,3849.0,29.51,33.9,0.45,Bajaj Auto,0.24719713484895323,33.90000000000009,0.01747776439974649,3.365488,0.13042
2015-10-30,2597.7,2597.7,2538.35,2549.6,2556.836559399952,8266,957,21134811.0,1175.0,14.21,59.35,-48.1,Bajaj Auto,-0.9921752130943928,59.34999999999991,-1.8516379874504336,2.1134811,0.08266
2015-11-02,2530.3,2555.0,2394.0,2432.15,2437.9435127205847,45674,4324,111350632.0,8881.0,19.44,161.0,-98.15,Bajaj Auto,-4.606604957640403,161.0,-3.878986681421179,11.1350632,0.45674
2015-11-03,2432.4,2449.9,2412.15,2421.35,2429.602042273636,14004,1107,34024147.0,4968.0,35.48,37.75,-11.05,Bajaj Auto,-0.4440515593199468,37.75,-0.4542838348955839,3.4024147,0.14004
2015-11-04,2449.95,2472.95,2435.0,2448.75,2456.9877153484726,20432,1580,50201173.0,3945.0,19.31,37.95,-1.2,Bajaj Auto,1.1316001404175324,37.94999999999982,-0.04898059144063423,5.0201173,0.20432
2015-11-05,2449.05,2468.55,2405.55,2414.25,2446.469681397739,23352,1037,57129960.0,2757.0,11.81,63.0,-34.8,Bajaj Auto,-1.4088820826952508,63.0,-1.420959147424519,5.712996,0.23352
2015-11-06,2415.0,2447.0,2415.0,2422.9,2429.12755058482,11713,1514,28452371.0,1478.0,12.62,32.0,7.9,Bajaj Auto,0.35828932380657097,32.0,0.3271221532091135,2.8452371,0.11713
2015-11-09,2404.7,2428.0,2384.1,2409.0,2406.978332387975,17630,1464,42435028.0,4886.0,27.71,43.9,4.3,Bajaj Auto,-0.573692682322835,43.90000000000009,0.17881648438475412,4.2435028,0.1763
2015-11-10,2409.0,2470.0,2386.0,2453.2,2445.8172622760894,22442,1866,54889031.0,1922.0,8.56,84.0,44.2,Bajaj Auto,1.8347862183478503,84.0,1.8347862183478547,5.4889031,0.22442
2015-11-11,2484.7,2484.7,2435.8,2451.05,2447.7961548590993,7594,926,18588564.0,1446.0,19.04,48.9,-33.65,Bajaj Auto,-0.0876406326430601,48.899999999999636,-1.3542882440535935,1.8588564,0.07594
2015-11-13,2451.0,2469.5,2362.35,2377.0,2401.769221392656,32815,2399,78814057.0,12872.0,39.23,107.15,-74.0,Bajaj Auto,-3.0211541992207547,107.15000000000009,-3.0191758465932272,7.8814057,0.32815
2015-11-16,2377.0,2410.0,2346.1,2383.5,2377.6098481671,23842,2367,56686974.0,6538.0,27.42,63.9,6.5,Bajaj Auto,0.27345393352966596,63.90000000000009,0.27345393352965924,5.6686974,0.23842
2015-11-17,2395.0,2417.35,2355.1,2363.85,2373.940844582901,28890,2332,68583151.0,11115.0,38.47,62.25,-31.15,Bajaj Auto,-0.8244178728760265,62.25,-1.300626304801674,6.8583151,0.2889
2015-11-18,2368.1,2384.35,2341.0,2345.65,2359.8483559273145,13868,1099,32726377.0,3420.0,24.66,43.35,-22.45,Bajaj Auto,-0.7699304101359994,43.34999999999991,-0.9480173979139318,3.2726377,0.13868
2015-11-19,2371.9,2430.0,2363.6,2423.65,2409.732513661202,21960,2097,52917726.0,4221.0,19.22,66.4,51.75,Bajaj Auto,3.3253042866582927,66.40000000000009,2.1817951852944897,5.2917726,0.2196
2015-11-20,2428.25,2504.1,2427.05,2468.5,2472.0165527168047,36127,2854,89306542.0,3571.0,9.88,77.05,40.25,Bajaj Auto,1.8505147195345906,77.04999999999973,1.657572325748996,8.9306542,0.36127
2015-11-23,2477.0,2529.5,2477.0,2523.2,2519.260723359737,26764,2391,67425494.0,9542.0,35.65,52.5,46.2,Bajaj Auto,2.2159205995543774,52.5,1.8651594670972877,6.7425494,0.26764
2015-11-24,2520.0,2544.3,2472.1,2478.85,2506.857891491985,19464,1800,48793482.0,3255.0,16.72,72.2,-41.15,Bajaj Auto,-1.757688649334177,72.20000000000027,-1.6329365079365117,4.8793482,0.19464
2015-11-26,2488.0,2520.0,2451.0,2462.4,2477.453248054985,20951,2075,51905123.0,5763.0,27.51,69.0,-25.6,Bajaj Auto,-0.6636141759283509,69.0,-1.028938906752408,5.1905123,0.20951
2015-11-27,2442.7,2463.05,2427.1,2448.85,2444.618621973929,13425,1263,32819005.0,2364.0,17.61,35.95,6.15,Bajaj Auto,-0.5502761533463407,35.95000000000027,0.2517705817333316,3.2819005,0.13425
2015-11-30,2460.0,2510.0,2460.0,2481.55,2494.324157435776,21215,2217,52917087.0,4134.0,19.49,50.0,21.55,Bajaj Auto,1.3353206607183088,50.0,0.8760162601626089,5.2917087,0.21215
2015-12-01,2481.55,2499.0,2455.65,2461.2,2470.4320520480646,15063,1735,37212118.0,3476.0,23.08,43.35,-20.35,Bajaj Auto,-0.8200519836392695,43.34999999999991,-0.8200519836392725,3.7212118,0.15063
2015-12-02,2498.0,2513.0,2427.5,2499.4,2473.2053134567514,139796,4116,345744210.0,93380.0,66.8,85.5,1.4,Bajaj Auto,1.5520884121566825,85.5,0.0560448358686986,34.574421,1.39796
2015-12-03,2467.0,2506.0,2467.0,2481.1,2489.0087487411884,15888,1661,39545371.0,6064.0,38.17,39.0,14.1,Bajaj Auto,-0.7321757221733338,39.0,0.5715443858937945,3.9545371,0.15888
2015-12-04,2480.0,2486.0,2455.0,2469.15,2466.94108570627,14258,1331,35173646.0,2046.0,14.35,31.0,-10.85,Bajaj Auto,-0.4816412075289156,31.0,-0.43749999999999634,3.5173646,0.14258
2015-12-07,2480.0,2483.9,2443.0,2449.0,2458.0897101449277,20700,1760,50882457.0,8841.0,42.71,40.9,-31.0,Bajaj Auto,-0.8160703075957398,40.90000000000009,-1.25,5.0882457,0.207
2015-12-08,2449.0,2481.45,2440.0,2462.45,2461.2329629629626,10800,1336,26581316.0,2098.0,19.43,41.45,13.45,Bajaj Auto,0.5492037566353636,41.44999999999982,0.5492037566353539,2.6581316,0.108
2015-12-09,2459.1,2471.3,2383.2,2390.45,2416.400500221873,24789,1707,59900152.0,8936.0,36.05,88.1,-68.65,Bajaj Auto,-2.9239172368982103,88.10000000000036,-2.7916717498271764,5.9900152,0.24789
2015-12-10,2404.05,2449.0,2400.3,2441.45,2420.970932380835,8119,1038,19655863.0,1470.0,18.11,48.7,37.4,Bajaj Auto,2.133489510343245,48.69999999999982,1.5557080759551438,1.9655863,0.08119
2015-12-11,2443.5,2450.0,2400.0,2411.9,2420.5545403691963,10726,1021,25962868.0,1066.0,9.94,50.0,-31.6,Bajaj Auto,-1.2103463105941015,50.0,-1.293226928586041,2.5962868,0.10726
2015-12-14,2411.9,2426.95,2375.05,2409.75,2403.6984576907043,11995,1512,28832363.0,1334.0,11.12,51.9,-2.15,Bajaj Auto,-0.08914134085161729,51.899999999999636,-0.08914134085161454,2.8832363,0.11995
2015-12-15,2410.0,2449.0,2391.05,2435.45,2416.17250565063,12388,1464,29931545.0,2013.0,16.25,57.95,25.45,Bajaj Auto,1.0665006743437955,57.94999999999982,1.056016597510366,2.9931545,0.12388
2015-12-16,2437.3,2465.8,2430.5,2451.65,2447.7641139804095,11230,1240,27488391.0,2702.0,24.06,35.3,14.35,Bajaj Auto,0.6651748136894842,35.30000000000018,0.5887662577442214,2.7488391,0.1123
2015-12-17,2452.7,2534.0,2452.7,2524.2,2497.0896891379,22132,2052,55265589.0,8197.0,37.04,81.3,71.5,Bajaj Auto,2.9592315379438183,81.30000000000018,2.9151547274432263,5.5265589,0.22132
2015-12-18,2483.1,2502.85,2466.0,2481.95,2484.053957798797,26113,2723,64866101.0,5860.0,22.44,36.85,-1.15,Bajaj Auto,-1.6737976388558784,36.84999999999991,-0.0463130763964436,6.4866101,0.26113
2015-12-21,2483.95,2506.0,2475.35,2489.25,2493.7995307917886,8525,833,21259641.0,1674.0,19.64,30.65,5.3,Bajaj Auto,0.2941235721912294,30.65000000000009,0.2133698343364473,2.1259641,0.08525
2015-12-22,2485.05,2501.85,2466.75,2476.1,2483.827458659704,13788,1043,34247013.0,1540.0,11.17,35.1,-8.95,Bajaj Auto,-0.5282715677412897,35.09999999999991,-0.36015371924107253,3.4247013,0.13788
2015-12-23,2480.0,2500.8,2472.0,2475.6,2485.3368066519315,9501,1030,23613185.0,1621.0,17.06,28.8,-4.4,Bajaj Auto,-0.020193045515126684,28.800000000000182,-0.17741935483871335,2.3613185,0.09501
2015-12-24,2497.0,2497.0,2469.0,2484.8,2480.170155465785,8169,731,20260510.0,639.0,7.82,28.0,-12.2,Bajaj Auto,0.37162708030378244,28.0,-0.48858630356426985,2.026051,0.08169
2015-12-28,2488.0,2496.6,2484.0,2487.45,2489.1341976173794,2854,336,7103989.0,557.0,19.52,12.6,-0.55,Bajaj Auto,0.10664842240821759,12.599999999999909,-0.022106109324766154,0.7103989,0.02854
2015-12-29,2500.0,2539.9,2496.9,2531.15,2520.5654804913293,11072,1334,27907701.0,2487.0,22.46,43.0,31.15,Bajaj Auto,1.756819232547402,43.0,1.2460000000000038,2.7907701,0.11072
2015-12-30,2540.0,2550.65,2512.0,2515.5,2527.918325197146,15978,1558,40391079.0,2114.0,13.23,38.65,-24.5,Bajaj Auto,-0.6182960314481623,38.65000000000009,-0.9645669291338582,4.0391079,0.15978
2015-12-31,2516.0,2550.0,2505.0,2533.5,2524.0845369960125,11285,1037,28484294.0,3428.0,30.38,45.0,17.5,Bajaj Auto,0.7155635062611854,45.0,0.6955484896661367,2.8484294,0.11285
2016-01-01,2530.0,2530.0,2512.15,2520.05,2519.52545554942,9055,995,22814303.0,1124.0,12.41,17.85,-9.95,Bajaj Auto,-0.5308861259127662,17.84999999999991,-0.39328063241106,2.2814303,0.09055
2016-01-04,2507.9,2545.85,2480.65,2488.15,2515.733977553408,23077,1726,58055593.0,8304.0,35.98,65.2,-19.75,Bajaj Auto,-1.2658478998432643,65.19999999999982,-0.7875114637744726,5.8055593,0.23077
2016-01-05,2518.0,2520.0,2480.0,2497.05,2505.3865630483833,11967,1405,29981961.0,1682.0,14.06,40.0,-20.95,Bajaj Auto,0.35769547655888356,40.0,-0.8320095313740993,2.9981961,0.11967
2016-01-06,2495.0,2513.7,2475.0,2485.5,2495.412025052192,11975,1582,29882559.0,2247.0,18.76,38.7,-9.5,Bajaj Auto,-0.4625458040487862,38.69999999999982,-0.3807615230460922,2.9882559,0.11975
2016-01-07,2470.0,2481.8,2407.25,2419.25,2446.5554441799277,15962,1761,39051918.0,1545.0,9.68,74.55,-50.75,Bajaj Auto,-2.6654596660631635,74.55000000000018,-2.054655870445344,3.9051918,0.15962
2016-01-08,2430.0,2444.0,2361.0,2376.85,2384.3410918154045,24876,3264,59312869.0,8275.0,33.26,83.0,-53.15,Bajaj Auto,-1.752609279735462,83.0,-2.187242798353913,5.9312869,0.24876
2016-01-11,2361.0,2369.8,2331.05,2359.8,2353.483113541332,15545,1708,36584895.0,2659.0,17.11,38.75,-1.2,Bajaj Auto,-0.7173359698760873,38.75,-0.05082592121981441,3.6584895,0.15545
2016-01-12,2359.8,2378.0,2337.0,2342.45,2349.9981571066573,13023,1430,30604026.0,5472.0,42.02,41.0,-17.35,Bajaj Auto,-0.7352317993050361,41.0,-0.7352317993050412,3.0604026,0.13023
2016-01-13,2364.0,2383.75,2331.05,2364.0,2356.683282208589,14344,1612,33804265.0,1627.0,11.34,52.7,0.0,Bajaj Auto,0.9199769472133967,52.69999999999982,0.0,3.3804265,0.14344
2016-01-14,2350.0,2375.9,2321.45,2362.15,2346.419998203216,11131,1285,26118001.0,1440.0,12.94,54.45,12.15,Bajaj Auto,-0.07825719120134744,54.45000000000027,0.5170212765957485,2.6118001,0.11131
2016-01-15,2356.0,2380.0,2315.5,2335.2,2328.936027846305,29591,3762,68915546.0,15507.0,52.4,64.5,-20.8,Bajaj Auto,-1.140909764409559,64.5,-0.8828522920203813,6.8915546,0.29591
2016-01-18,2335.0,2335.0,2241.0,2249.6,2258.4327333123847,22277,2807,50311106.0,3639.0,16.34,94.0,-85.4,Bajaj Auto,-3.665638917437475,94.0,-3.6573875802997895,5.0311106,0.22277
2016-01-19,2246.0,2290.0,2235.0,2266.6,2266.7796411023282,9362,1395,21221591.0,2100.0,22.43,55.0,20.6,Bajaj Auto,0.755689900426737,55.0,0.9171861086375738,2.1221591,0.09362
2016-01-20,2254.0,2284.95,2230.1,2276.25,2261.1764140977625,10413,1544,23545630.0,2020.0,19.4,54.85,22.25,Bajaj Auto,0.425747816112243,54.84999999999991,0.9871339840283939,2.354563,0.10413
2016-01-21,2278.35,2296.4,2258.2,2274.0,2273.9123621273343,18314,2087,41644431.0,4288.0,23.41,38.2,-4.35,Bajaj Auto,-0.09884678747941189,38.20000000000027,-0.19092764500625053,4.1644431,0.18314
2016-01-22,2290.0,2334.4,2276.2,2317.6,2315.9911370120803,16473,2505,38151322.0,3909.0,23.73,58.2,27.6,Bajaj Auto,1.917326297273525,58.20000000000027,1.205240174672485,3.8151322,0.16473
2016-01-25,2320.1,2347.45,2311.5,2323.15,2328.1215078687324,8197,1184,19083612.0,801.0,9.77,35.95,3.05,Bajaj Auto,0.23947186744910365,35.94999999999982,0.1314598508685049,1.9083612,0.08197
2016-01-27,2347.0,2347.0,2287.0,2301.7,2304.637071438328,14642,1939,33744496.0,4762.0,32.52,60.0,-45.3,Bajaj Auto,-0.9233153261735239,60.0,-1.9301235619940424,3.3744496,0.14642
2016-01-28,2303.0,2309.35,2250.0,2269.75,2284.476726478183,15103,1721,34502452.0,3555.0,23.54,59.35,-33.25,Bajaj Auto,-1.388104444540983,59.34999999999991,-1.4437689969604863,3.4502452,0.15103
2016-01-29,2270.0,2360.0,2264.6,2341.9,2302.667118886112,14005,1592,32248853.0,2570.0,18.35,95.4,71.9,Bajaj Auto,3.1787641810772094,95.40000000000009,3.167400881057273,3.2248853,0.14005
2016-02-01,2380.0,2380.0,2312.5,2328.1,2330.7050021076298,14234,1982,33175255.0,4005.0,28.14,67.5,-51.9,Bajaj Auto,-0.5892651266066085,67.5,-2.180672268907567,3.3175255,0.14234
2016-02-02,2322.55,2382.75,2300.0,2362.55,2355.342749103132,30941,3964,72876660.0,6695.0,21.64,82.75,40.0,Bajaj Auto,1.4797474335294991,82.75,1.7222449462874858,7.287666,0.30941
2016-02-03,2368.0,2396.85,2332.1,2348.05,2366.91253968254,18900,2202,44734647.0,1715.0,9.07,64.75,-19.95,Bajaj Auto,-0.6137436244735506,64.75,-0.8424831081081003,4.4734647,0.189
2016-02-04,2364.0,2392.75,2292.25,2310.05,2337.133778037939,155459,14365,363328480.0,26025.0,16.74,100.5,-53.95,Bajaj Auto,-1.6183641745277977,100.5,-2.282148900169197,36.332848,1.55459
2016-02-05,2310.5,2378.0,2310.0,2361.1,2347.826008360637,26553,3004,62341824.0,5452.0,20.53,68.0,50.6,Bajaj Auto,2.2099088764312436,68.0,2.190002164033755,6.2341824,0.26553
2016-02-08,2356.7,2389.0,2343.45,2348.7,2365.4056433408578,8860,1006,20957494.0,1246.0,14.06,45.55,-8.0,Bajaj Auto,-0.525178942018556,45.55000000000018,-0.33945771629821364,2.0957494,0.0886
2016-02-09,2348.7,2386.0,2340.0,2377.65,2365.564377121964,15316,1405,36230984.0,2933.0,19.15,46.0,28.95,Bajaj Auto,1.2325967556520823,46.0,1.2325967556520747,3.6230984,0.15316
2016-02-10,2381.0,2384.0,2341.7,2371.05,2363.0187859907487,10593,903,25031458.0,2491.0,23.52,42.3,-9.95,Bajaj Auto,-0.2775850104094313,42.30000000000018,-0.41789164216714897,2.5031458,0.10593
2016-02-11,2380.65,2386.85,2289.6,2331.15,2355.7308463080008,12974,1706,30563252.0,3343.0,25.77,97.25,-49.5,Bajaj Auto,-1.682798760043025,97.25,-2.07926406653645,3.0563252,0.12974
2016-02-12,2315.0,2331.0,2251.55,2302.95,2282.1223628691982,16116,1772,36778684.0,3726.0,23.12,79.45,-12.05,Bajaj Auto,-1.2097033652918254,79.44999999999982,-0.5205183585313253,3.6778684,0.16116
2016-02-15,2328.75,2363.7,2306.35,2343.25,2328.642611683849,22407,2801,52177895.0,4828.0,21.55,57.35,14.5,Bajaj Auto,1.7499294383291009,57.34999999999991,0.6226516371443908,5.2177895,0.22407
2016-02-16,2353.1,2367.0,2322.1,2334.75,2342.452675982072,18965,2191,44424615.0,2715.0,14.32,44.9,-18.35,Bajaj Auto,-0.3627440520644454,44.90000000000009,-0.7798223619905618,4.4424615,0.18965
2016-02-17,2336.0,2375.0,2266.4,2356.9,2302.1506942092783,23624,3097,54386008.0,3108.0,13.16,108.6,20.9,Bajaj Auto,0.9487097119605936,108.59999999999991,0.8946917808219218,5.4386008,0.23624
2016-02-18,2370.0,2416.5,2363.2,2405.5,2392.9613445378154,13685,1820,32747676.0,1713.0,12.52,53.3,35.5,Bajaj Auto,2.0620306334592,53.30000000000018,1.49789029535865,3.2747676,0.13685
2016-02-19,2410.0,2466.8,2406.6,2457.0,2441.7587708385167,16076,2051,39253714.0,2513.0,15.63,60.2,47.0,Bajaj Auto,2.1409270421949733,60.20000000000027,1.950207468879668,3.9253714,0.16076
2016-02-22,2465.0,2488.0,2450.0,2475.3,2471.202942706398,13457,2340,33254978.0,5535.0,41.13,38.0,10.3,Bajaj Auto,0.7448107448107422,38.0,0.41784989858012905,3.3254978,0.13457
2016-02-23,2476.75,2476.75,2387.1,2396.25,2416.554002541296,14953,1863,36134732.0,1308.0,8.75,89.65,-80.5,Bajaj Auto,-3.1935522966913155,89.65000000000009,-3.250227112142929,3.6134732,0.14953
2016-02-24,2396.0,2409.0,2334.2,2344.65,2365.718143100511,11740,1688,27773531.0,1695.0,14.44,74.8,-51.35,Bajaj Auto,-2.153364632237864,74.80000000000018,-2.143155258764604,2.7773531,0.1174
2016-02-25,2349.9,2351.5,2293.0,2317.8,2309.167064593147,61988,2634,143140648.0,41539.0,67.01,58.5,-32.1,Bajaj Auto,-1.1451602584607423,58.5,-1.3660155751308527,14.3140648,0.61988
2016-02-26,2340.0,2349.0,2227.9,2236.85,2251.9094653545703,49285,4705,110985358.0,18984.0,38.52,121.1,-103.15,Bajaj Auto,-3.4925360255414706,121.09999999999991,-4.408119658119662,11.0985358,0.49285
2016-02-29,2240.0,2263.9,2173.4,2200.4,2213.7574278438033,61256,6739,135605925.0,13248.0,21.63,90.5,-39.6,Bajaj Auto,-1.629523660504717,90.5,-1.7678571428571388,13.5605925,0.61256
2016-03-01,2206.5,2266.5,2206.5,2260.0,2245.7867587580117,16071,1694,36092039.0,2445.0,15.21,60.0,53.5,Bajaj Auto,2.70859843664788,60.0,2.4246544300929074,3.6092039,0.16071
2016-03-02,2262.0,2315.35,2216.95,2233.6,2251.716199425332,77262,6025,173972097.0,30105.0,38.96,98.4,-28.4,Bajaj Auto,-1.1681415929203576,98.40000000000009,-1.255526083112294,17.3972097,0.77262
2016-03-03,2264.0,2285.3,2238.95,2279.25,2268.636446577009,29594,2326,67138027.0,7318.0,24.73,46.35,15.25,Bajaj Auto,2.043785816618926,46.350000000000364,0.6735865724381626,6.7138027,0.29594
2016-03-04,2283.0,2321.0,2263.55,2304.7,2289.551842939954,18286,2275,41866745.0,3490.0,19.09,57.45,21.7,Bajaj Auto,1.1165953712844123,57.44999999999982,0.9505037231712579,4.1866745,0.18286
2016-03-08,2306.25,2340.0,2285.45,2316.85,2321.5777801246168,18938,1832,43966040.0,3563.0,18.81,54.55,10.6,Bajaj Auto,0.5271835813771997,54.55000000000018,0.45962059620595813,4.396604,0.18938
2016-03-09,2323.3,2333.2,2297.75,2313.85,2318.7248376623374,19712,1874,45706704.0,4548.0,23.07,35.45,-9.45,Bajaj Auto,-0.12948615577184075,35.44999999999982,-0.4067490207894061,4.5706704,0.19712
2016-03-10,2325.0,2337.45,2305.3,2319.9,2320.82163599848,18423,2378,42756497.0,4076.0,22.12,32.15,-5.1,Bajaj Auto,0.26146898027099574,32.149999999999636,-0.21935483870967348,4.2756497,0.18423
2016-03-11,2314.55,2346.8,2312.05,2325.8,2327.689933427476,9914,1180,23076718.0,1438.0,14.5,34.75,11.25,Bajaj Auto,0.2543213069528871,34.75,0.4860556047611846,2.3076718,0.09914
2016-03-14,2331.95,2331.95,2303.0,2313.05,2314.220637154555,15632,1578,36175897.0,3731.0,23.87,28.95,-18.9,Bajaj Auto,-0.5481984693438857,28.949999999999818,-0.8104804991530539,3.6175897,0.15632
2016-03-15,2314.0,2325.8,2268.6,2278.45,2293.2661039230607,14453,1658,33144575.0,5023.0,34.75,57.2,-35.55,Bajaj Auto,-1.495860444002528,57.20000000000027,-1.5363007778738196,3.3144575,0.14453
2016-03-16,2244.0,2258.7,2213.2,2249.65,2242.033087492423,19796,1987,44383287.0,3449.0,17.42,45.5,5.65,Bajaj Auto,-1.2640172046786025,45.5,0.25178253119429994,4.4383287,0.19796
2016-03-17,2268.0,2282.0,2251.55,2269.8,2268.43416346536,15098,1929,34248819.0,5005.0,33.15,30.45,1.8,Bajaj Auto,0.8956948858711344,30.449999999999818,0.07936507936508738,3.4248819,0.15098
2016-03-18,2275.0,2308.8,2271.8,2301.85,2293.332679738562,10710,1262,24561593.0,3026.0,28.25,37.0,26.85,Bajaj Auto,1.4120186800599122,37.0,1.1802197802197762,2.4561593,0.1071
2016-03-21,2301.85,2317.0,2289.55,2311.8,2306.3099626401,8030,1014,18519669.0,2049.0,25.52,27.45,9.95,Bajaj Auto,0.43226100745055174,27.449999999999818,0.4322610074505408,1.8519669,0.0803
2016-03-22,2315.0,2324.7,2299.5,2309.65,2310.2697848957982,14923,1165,34476156.0,5917.0,39.65,25.2,-5.35,Bajaj Auto,-0.09300112466477106,25.199999999999818,-0.23110151187904576,3.4476156,0.14923
2016-03-23,2317.85,2363.0,2305.2,2354.45,2337.944303016277,12963,1301,30306772.0,3066.0,23.65,57.8,36.6,Bajaj Auto,1.9396878314896115,57.80000000000018,1.5790495502297348,3.0306772,0.12963
2016-03-28,2367.0,2370.05,2334.0,2355.5,2349.5587899543375,7008,852,16465708.0,1434.0,20.46,36.05,-11.5,Bajaj Auto,0.04459640255687347,36.05000000000018,-0.48584706379383186,1.6465708,0.07008
2016-03-29,2361.5,2374.5,2333.85,2347.3,2351.6449941948736,11197,781,26331369.0,2809.0,25.09,40.65,-14.2,Bajaj Auto,-0.34812141795795837,40.65000000000009,-0.6013127249629395,2.6331369,0.11197
2016-03-30,2360.0,2434.0,2360.0,2417.2,2412.3127414766695,23553,2886,56817202.0,4699.0,19.95,74.0,57.2,Bajaj Auto,2.9778894900523767,74.0,2.4237288135593142,5.6817202,0.23553
2016-03-31,2420.95,2455.0,2392.45,2406.1,2430.94061226121,12511,1319,30413498.0,3839.0,30.68,62.55,-14.85,Bajaj Auto,-0.4592090021512507,62.55000000000018,-0.6133955678555901,3.0413498,0.12511
2016-04-01,2407.0,2424.95,2380.0,2417.15,2403.884600716955,13111,2280,31517331.0,2538.0,19.36,44.95,10.15,Bajaj Auto,0.4592494077553022,44.94999999999982,0.4216867469879556,3.1517331,0.13111
2016-04-04,2420.0,2477.4,2420.0,2449.7,2453.019143413368,21574,2625,52921435.0,1743.0,8.08,57.4,29.7,Bajaj Auto,1.3466272262788737,57.40000000000009,1.2272727272727197,5.2921435,0.21574
2016-04-05,2450.0,2460.0,2387.0,2396.45,2407.9308534270367,24759,2876,59617960.0,9696.0,39.16,73.0,-53.55,Bajaj Auto,-2.173735559456258,73.0,-2.185714285714293,5.961796,0.24759
2016-04-06,2397.2,2425.0,2391.05,2396.75,2400.4669666114137,4223,691,10137172.0,1138.0,26.95,33.95,-0.45,Bajaj Auto,0.012518516973036853,33.94999999999982,-0.01877190055063483,1.0137172,0.04223
2016-04-07,2386.0,2390.3,2356.0,2374.8,2371.9162626130255,7631,1078,18100093.0,1324.0,17.35,34.3,-11.2,Bajaj Auto,-0.9158235110044766,34.30000000000018,-0.4694048616932027,1.8100093,0.07631
2016-04-08,2375.0,2404.75,2350.15,2390.65,2381.9520102483248,10148,1270,24172049.0,1164.0,11.47,54.6,15.65,Bajaj Auto,0.6674246252315941,54.59999999999991,0.6589473684210564,2.4172049,0.10148
2016-04-11,2402.6,2437.5,2375.05,2431.8,2403.566536627655,9228,1182,22180112.0,1661.0,18.0,62.45,29.2,Bajaj Auto,1.7212891891326576,62.44999999999982,1.2153500374594304,2.2180112,0.09228
2016-04-12,2431.8,2469.0,2431.8,2459.1,2451.522098733523,7738,1222,18969878.0,1436.0,18.56,37.2,27.3,Bajaj Auto,1.1226252158894612,37.19999999999982,1.1226252158894534,1.8969878,0.07738
2016-04-13,2460.0,2611.7,2460.0,2580.8,2554.172893338696,47243,4869,120666790.0,9107.0,19.28,151.7,120.8,Bajaj Auto,4.948965068521005,151.69999999999982,4.9105691056910645,12.066679,0.47243
2016-04-18,2610.0,2610.0,2532.7,2540.3,2551.926947446888,18781,2127,47927740.0,5363.0,28.56,77.3,-69.7,Bajaj Auto,-1.569280843149412,77.30000000000018,-2.6704980842911805,4.792774,0.18781
2016-04-20,2541.3,2573.55,2517.5,2536.3,2546.5411169744943,13644,1694,34745007.0,3183.0,23.33,56.05,-5.0,Bajaj Auto,-0.1574617171200221,56.05000000000018,-0.19674969503797268,3.4745007,0.13644
2016-04-21,2533.05,2549.1,2481.55,2496.1,2506.726650366748,14315,1373,35883792.0,2273.0,15.88,67.55,-36.95,Bajaj Auto,-1.5849860032330687,67.54999999999973,-1.4587157774224857,3.5883792,0.14315
2016-04-22,2501.0,2553.5,2483.95,2521.1,2525.7645489411366,17991,2585,45441030.0,3833.0,21.31,69.55,20.1,Bajaj Auto,1.001562437402348,69.55000000000018,0.8036785285885609,4.544103,0.17991
2016-04-25,2521.8,2560.0,2520.0,2543.25,2547.310623098293,22677,1953,57765363.0,7290.0,32.15,40.0,21.45,Bajaj Auto,0.8785847447542849,40.0,0.8505829169640661,5.7765363,0.22677
2016-04-26,2535.0,2560.0,2509.0,2549.65,2539.9555992141454,17815,2025,45249309.0,4715.0,26.47,51.0,14.65,Bajaj Auto,0.25164651528555293,51.0,0.5779092702169661,4.5249309,0.17815
2016-04-27,2556.0,2581.3,2540.0,2549.1,2554.6730941704036,11150,1234,28484605.0,2013.0,18.05,41.3,-6.9,Bajaj Auto,-0.02157158825721872,41.30000000000018,-0.26995305164319605,2.8484605,0.1115
2016-04-28,2548.9,2557.0,2481.75,2488.45,2519.517071260768,12770,1424,32174233.0,1741.0,13.63,75.25,-60.45,Bajaj Auto,-2.3792711152956003,75.25,-2.3716112832986886,3.2174233,0.1277
2016-04-29,2490.0,2502.0,2465.55,2484.6,2484.427366972408,132247,2693,328558066.0,111587.0,84.38,36.45,-5.4,Bajaj Auto,-0.15471478229419633,36.44999999999982,-0.2168674698795217,32.8558066,1.32247
2016-05-02,2486.0,2520.0,2450.0,2477.55,2476.100261344737,12627,1257,31265718.0,2784.0,22.05,70.0,-8.45,Bajaj Auto,-0.2837478869838095,70.0,-0.33990345937247857,3.1265718,0.12627
2016-05-03,2480.0,2500.0,2453.0,2463.2,2467.848778004073,15712,2003,38774840.0,2276.0,14.49,47.0,-16.8,Bajaj Auto,-0.5792012270186442,47.0,-0.6774193548387171,3.877484,0.15712
2016-05-04,2469.0,2474.9,2450.45,2459.2,2460.757324345346,7714,900,18982282.0,1239.0,16.06,24.45,-9.8,Bajaj Auto,-0.16239038648911963,24.450000000000273,-0.3969218307006959,1.8982282,0.07714
2016-05-05,2473.4,2486.0,2448.0,2453.0,2463.3112151248165,10896,964,26840239.0,1518.0,13.93,38.0,-20.4,Bajaj Auto,-0.25211450878334096,38.0,-0.8247756125171865,2.6840239,0.10896
2016-05-06,2453.0,2453.0,2430.0,2435.85,2438.8011393746688,7548,1033,18408071.0,1765.0,23.38,23.0,-17.15,Bajaj Auto,-0.6991439054219395,23.0,-0.699143905421936,1.8408071,0.07548
2016-05-09,2453.0,2539.65,2450.5,2527.95,2507.269691499836,24376,2015,61117206.0,9497.0,38.96,89.15,74.95,Bajaj Auto,3.781020998829976,89.15000000000009,3.055442315531994,6.1117206,0.24376
2016-05-10,2526.15,2544.7,2500.6,2532.8,2522.8137233579814,9196,995,23199795.0,1593.0,17.32,44.1,6.65,Bajaj Auto,0.19185506042447287,44.09999999999991,0.2632464422144406,2.3199795,0.09196
2016-05-11,2521.8,2554.35,2499.35,2517.75,2526.088403604552,15203,1679,38404122.0,3344.0,22.0,55.0,-4.05,Bajaj Auto,-0.5942040429564144,55.0,-0.16059957173448258,3.8404122,0.15203
2016-05-12,2518.0,2554.8,2517.35,2550.45,2544.2788999444847,23417,1878,59579379.0,10782.0,46.04,37.45,32.45,Bajaj Auto,1.2987786714328209,37.45000000000027,1.2887212073073795,5.9579379,0.23417
2016-05-13,2554.8,2554.8,2506.0,2514.3,2518.7160714285715,8400,970,21157215.0,1394.0,16.6,48.8,-40.5,Bajaj Auto,-1.4173969299535183,48.80000000000018,-1.5852512916862378,2.1157215,0.084
2016-05-16,2526.75,2526.75,2457.7,2518.6,2498.035062399185,11779,1868,29424355.0,1544.0,13.11,69.05,-8.15,Bajaj Auto,0.17102175555818722,69.05000000000018,-0.32254872860394146,2.9424355,0.11779
2016-05-17,2520.0,2535.75,2503.85,2513.0,2519.0236514145363,10993,1518,27691627.0,3027.0,27.54,31.9,-7.0,Bajaj Auto,-0.22234574763757564,31.90000000000009,-0.2777777777777778,2.7691627,0.10993
2016-05-18,2503.8,2503.8,2456.8,2466.45,2470.982723918148,11924,1687,29463998.0,3291.0,27.6,47.0,-37.35,Bajaj Auto,-1.852367688022294,47.0,-1.491732566498936,2.9463998,0.11924
2016-05-19,2470.0,2470.0,2430.0,2440.7,2447.652503052503,20475,1957,50115685.0,5174.0,25.27,40.0,-29.3,Bajaj Auto,-1.0440106225546808,40.0,-1.1862348178137725,5.0115685,0.20475
2016-05-20,2440.3,2466.0,2429.5,2461.0,2454.1449777469816,37523,2860,92086882.0,15913.0,42.41,36.5,20.7,Bajaj Auto,0.8317286024501325,36.5,0.8482563619227069,9.2086882,0.37523
2016-05-23,2466.0,2466.0,2405.0,2416.75,2429.3443468770156,20157,1974,48968294.0,5168.0,25.64,61.0,-49.25,Bajaj Auto,-1.7980495733441737,61.0,-1.9971613949716138,4.8968294,0.20157
2016-05-24,2421.0,2421.0,2366.0,2384.5,2388.9202162811653,16645,2133,39763577.0,4051.0,24.34,55.0,-36.5,Bajaj Auto,-1.334436743560563,55.0,-1.5076414704667493,3.9763577,0.16645
2016-05-25,2395.35,2505.0,2381.0,2478.85,2460.819603063701,95179,10427,234218349.0,10426.0,10.95,124.0,83.5,Bajaj Auto,3.956804361501365,124.0,3.485920637902603,23.4218349,0.95179
2016-05-26,2488.0,2517.35,2478.5,2505.15,2499.114912451633,35923,3449,89775705.0,9287.0,25.85,38.85,17.15,Bajaj Auto,1.0609758557395654,38.84999999999991,0.6893086816720293,8.9775705,0.35923
2016-05-27,2501.4,2581.1,2490.0,2567.45,2551.992326384448,39095,3766,99770140.0,14981.0,38.32,91.1,66.05,Bajaj Auto,2.4868770333113632,91.09999999999991,2.640521308067471,9.977014,0.39095
2016-05-30,2567.45,2614.95,2567.45,2608.75,2595.8609749610546,26319,2475,68320465.0,10030.0,38.11,47.5,41.3,Bajaj Auto,1.6085999727355915,47.5,1.6085999727356008,6.8320465,0.26319
2016-05-31,2610.0,2642.0,2606.2,2618.9,2625.7851470046808,19013,2281,49924053.0,6723.0,35.36,35.8,8.9,Bajaj Auto,0.3890752275994336,35.80000000000018,0.34099616858237897,4.9924053,0.19013
2016-06-01,2625.0,2633.0,2594.75,2602.7,2613.2715570085816,14682,1530,38368053.0,2658.0,18.1,38.25,-22.3,Bajaj Auto,-0.6185803199816875,38.25,-0.8495238095238165,3.8368053,0.14682
2016-06-02,2602.0,2602.0,2558.0,2594.85,2584.7969286064367,24484,2280,63286168.0,3297.0,13.47,44.0,-7.15,Bajaj Auto,-0.3016098666769107,44.0,-0.27478862413528404,6.3286168,0.24484
2016-06-03,2599.0,2658.0,2594.85,2635.0,2639.8284621808116,22753,2509,60064017.0,5397.0,23.72,63.15,36.0,Bajaj Auto,1.547295604755572,63.15000000000009,1.385148133897653,6.0064017,0.22753
2016-06-06,2635.0,2647.0,2620.45,2633.25,2633.9115168539324,13528,1639,35631555.0,4309.0,31.85,26.55,-1.75,Bajaj Auto,-0.06641366223908429,26.550000000000182,-0.06641366223908918,3.5631555,0.13528
2016-06-07,2645.0,2657.65,2627.4,2642.25,2644.3029593191222,12807,1571,33865588.0,3713.0,28.99,30.25,-2.75,Bajaj Auto,0.3417829678154405,30.25,-0.10396975425330812,3.3865588,0.12807
2016-06-08,2637.1,2655.05,2624.6,2631.55,2638.171608236674,30692,2652,80970763.0,16019.0,52.19,30.45,-5.55,Bajaj Auto,-0.4049578957327937,30.450000000000273,-0.2104584581547809,8.0970763,0.30692
2016-06-09,2655.0,2655.0,2580.0,2593.25,2604.1714285714284,15540,2127,40468824.0,4641.0,29.86,75.0,-61.75,Bajaj Auto,-1.455416009576116,75.0,-2.3258003766478343,4.0468824,0.1554
2016-06-10,2593.5,2620.85,2570.0,2585.05,2586.2981886865555,20648,1850,53401885.0,8965.0,43.42,50.85,-8.45,Bajaj Auto,-0.3162055335968361,50.84999999999991,-0.3258145363408451,5.3401885,0.20648
2016-06-13,2579.95,2593.85,2555.2,2587.2,2573.8093471066086,9971,1070,25663453.0,1213.0,12.17,38.65,7.25,Bajaj Auto,0.08317053828743592,38.65000000000009,0.28101319793019247,2.5663453,0.09971
2016-06-14,2572.9,2579.5,2549.25,2561.2,2560.5142743221686,12540,1481,32108849.0,2868.0,22.87,30.25,-11.7,Bajaj Auto,-1.0049474335188657,30.25,-0.4547397877881096,3.2108849,0.1254
2016-06-15,2573.95,2610.85,2564.15,2602.1,2596.1617862026687,21207,1415,55056803.0,7547.0,35.59,46.7,28.15,Bajaj Auto,1.5969076995158593,46.69999999999982,1.0936498377979407,5.5056803,0.21207
2016-06-16,2585.0,2588.9,2551.5,2566.4,2568.1123522895123,21664,2220,55635586.0,5952.0,27.47,37.4,-18.6,Bajaj Auto,-1.371968794435252,37.40000000000009,-0.7195357833655671,5.5635586,0.21664
2016-06-17,2579.6,2590.0,2557.45,2577.1,2571.53748027354,7604,810,19553971.0,1221.0,16.06,32.55,-2.5,Bajaj Auto,0.416926433915199,32.55000000000018,-0.0969142502713599,1.9553971,0.07604
2016-06-20,2550.0,2619.0,2549.0,2612.05,2604.876026654269,12906,1700,33618530.0,2970.0,23.01,70.0,62.05,Bajaj Auto,1.3561755461565461,70.0,2.4333333333333407,3.361853,0.12906
2016-06-21,2610.1,2649.85,2610.1,2625.2,2632.117320390048,22869,2546,60193891.0,3741.0,16.36,39.75,15.1,Bajaj Auto,0.5034359985451875,39.75,0.5785218957128044,6.0193891,0.22869
2016-06-22,2626.2,2639.5,2615.0,2626.65,2625.925892696932,5573,767,14634285.0,976.0,17.51,24.5,0.45,Bajaj Auto,0.05523388694195219,24.5,0.017135023989043974,1.4634285,0.05573
2016-06-23,2631.9,2666.95,2600.0,2651.25,2631.869864661654,33250,2323,87509673.0,13386.0,40.26,66.95,19.35,Bajaj Auto,0.9365541659528187,66.94999999999982,0.7352103043428666,8.7509673,0.3325
2016-06-24,2592.0,2687.4,2562.0,2679.0,2633.802952359651,31297,2754,82430131.0,6847.0,21.88,125.4,87.0,Bajaj Auto,1.046676096181054,125.40000000000009,3.356481481481482,8.2430131,0.31297
2016-06-27,2680.0,2702.55,2642.0,2651.6,2667.606384729307,24308,2489,64844176.0,3674.0,15.11,60.55,-28.4,Bajaj Auto,-1.022769690182912,60.55000000000018,-1.059701492537317,6.4844176,0.24308
2016-06-28,2651.6,2671.05,2614.0,2626.2,2638.34236482757,41669,3500,109937088.0,7443.0,17.86,57.05,-25.4,Bajaj Auto,-0.957912203952338,57.05000000000018,-0.9579122039523342,10.9937088,0.41669
2016-06-29,2636.5,2650.55,2632.5,2644.75,2643.362401560581,27682,1955,73173558.0,12188.0,44.03,18.05,8.25,Bajaj Auto,0.7063437666590566,18.050000000000182,0.3129148492319363,7.3173558,0.27682
2016-06-30,2650.0,2695.0,2650.0,2686.25,2675.6233653202407,44810,3733,119894683.0,10627.0,23.72,45.0,36.25,Bajaj Auto,1.5691464221571083,45.0,1.3679245283018868,11.9894683,0.4481
2016-07-01,2689.95,2719.0,2661.95,2668.9,2692.898055157022,25092,2498,67570198.0,6161.0,24.55,57.05,-21.05,Bajaj Auto,-0.6458818054909221,57.05000000000018,-0.782542426439143,6.7570198,0.25092
2016-07-04,2684.4,2689.1,2640.0,2650.85,2656.970663436953,14862,1372,39487898.0,2873.0,19.33,49.1,-33.55,Bajaj Auto,-0.6763085915545752,49.09999999999991,-1.2498137386380637,3.9487898,0.14862
2016-07-05,2650.0,2650.0,2604.0,2613.95,2615.9759965709386,16331,2041,42721504.0,5941.0,36.38,46.0,-36.05,Bajaj Auto,-1.392006337589835,46.0,-1.360377358490573,4.2721504,0.16331
2016-07-07,2634.7,2634.7,2590.55,2610.4,2606.98364081868,13876,1273,36174505.0,5072.0,36.55,44.15,-24.3,Bajaj Auto,-0.13580978978173786,44.149999999999636,-0.9223061449121239,3.6174505,0.13876
2016-07-08,2616.3,2635.95,2597.0,2606.45,2611.0851546638005,16746,1147,43725232.0,10089.0,60.25,38.95,-9.85,Bajaj Auto,-0.15131780570029063,38.94999999999982,-0.37648587700188674,4.3725232,0.16746
2016-07-11,2625.0,2661.15,2623.1,2649.2,2629.1524074364784,89182,2258,234473070.0,68939.0,77.3,38.05,24.2,Bajaj Auto,1.6401619060407935,38.05000000000018,0.921904761904755,23.447307,0.89182
2016-07-12,2649.2,2674.95,2638.0,2652.15,2655.784827975184,10638,1155,28252239.0,2456.0,23.09,36.95,2.95,Bajaj Auto,0.11135437113092284,36.94999999999982,0.11135437113091774,2.8252239,0.10638
2016-07-13,2643.15,2663.0,2631.0,2655.65,2647.8952359783652,13497,1696,35738642.0,4601.0,34.09,32.0,12.5,Bajaj Auto,0.13196840299378731,32.0,0.4729205682613548,3.5738642,0.13497
2016-07-14,2620.1,2673.05,2620.1,2661.55,2659.7721893491125,6760,879,17980060.0,1411.0,20.87,52.95,41.45,Bajaj Auto,0.2221678308512054,52.95000000000027,1.5820006869966898,1.798006,0.0676
2016-07-15,2675.9,2698.1,2666.05,2688.4,2686.233917245545,13244,1664,35576482.0,3910.0,29.52,32.05,12.5,Bajaj Auto,1.008810655445136,32.04999999999973,0.4671325535333906,3.5576482,0.13244
2016-07-18,2715.0,2761.15,2705.55,2755.8,2747.6419155509784,38840,3324,106718412.0,15735.0,40.51,55.6,40.8,Bajaj Auto,2.5070674006844262,55.59999999999991,1.5027624309392333,10.6718412,0.3884
2016-07-19,2756.0,2766.0,2741.9,2750.25,2750.6176479181886,34225,2395,94139889.0,17709.0,51.74,24.1,-5.75,Bajaj Auto,-0.2013934247768412,24.09999999999991,-0.20863570391872277,9.4139889,0.34225
2016-07-20,2758.0,2790.5,2746.5,2769.0,2774.124371779375,15719,2012,43606461.0,3786.0,24.09,44.0,11.0,Bajaj Auto,0.681756203981454,44.0,0.3988397389412618,4.3606461,0.15719
2016-07-21,2792.0,2801.05,2758.0,2764.9,2780.92489626556,12050,1922,33510145.0,3450.0,28.63,43.05,-27.1,Bajaj Auto,-0.14806789454676617,43.05000000000018,-0.9706303724928333,3.3510145,0.1205
2016-07-22,2765.0,2765.0,2715.0,2720.75,2728.116204756345,16273,1955,44394635.0,7628.0,46.88,50.0,-44.25,Bajaj Auto,-1.5968027776773197,50.0,-1.600361663652803,4.4394635,0.16273
2016-07-25,2725.0,2754.0,2680.9,2700.0,2707.12001180928,20323,1965,55016800.0,4006.0,19.71,73.1,-25.0,Bajaj Auto,-0.7626573555085892,73.09999999999991,-0.9174311926605505,5.50168,0.20323
2016-07-26,2700.0,2714.0,2660.6,2670.15,2687.112320916905,12215,1149,32823077.0,4140.0,33.89,53.4,-29.85,Bajaj Auto,-1.1055555555555485,53.40000000000009,-1.105555555555552,3.2823077,0.12215
2016-07-27,2680.0,2724.0,2625.0,2668.75,2665.374272916304,109169,10243,290976244.0,16928.0,15.51,99.0,-11.25,Bajaj Auto,-0.052431511338313364,99.0,-0.4197761194029851,29.0976244,1.09169
2016-07-28,2670.0,2709.95,2650.0,2660.6,2682.81359223301,14935,1630,40067821.0,2658.0,17.8,59.95,-9.4,Bajaj Auto,-0.3053864168618303,59.94999999999982,-0.35205992509363637,4.0067821,0.14935
2016-07-29,2661.9,2724.0,2661.0,2702.0,2704.996646891927,19385,1869,52436360.0,5315.0,27.42,63.0,40.1,Bajaj Auto,1.5560399909794853,63.0,1.506442766445017,5.243636,0.19385
2016-08-01,2710.5,2779.0,2710.5,2735.4,2749.033163863903,25570,3136,70292778.0,6713.0,26.25,68.5,24.9,Bajaj Auto,1.2361213915618174,68.5,0.9186496956281163,7.0292778,0.2557
2016-08-02,2731.55,2777.0,2727.0,2748.45,2755.858065741972,21052,2015,58016324.0,4666.0,22.16,50.0,16.9,Bajaj Auto,0.47707830664618367,50.0,0.6186963445662585,5.8016324,0.21052
2016-08-03,2750.0,2756.1,2708.0,2716.3,2730.5036337209303,11008,1205,30057384.0,1176.0,10.68,48.1,-33.7,Bajaj Auto,-1.1697502228528722,48.09999999999991,-1.2254545454545387,3.0057384,0.11008
2016-08-04,2738.0,2773.2,2725.0,2739.8,2748.5422015641134,13554,1465,37253741.0,2260.0,16.67,48.2,1.8,Bajaj Auto,0.8651474432131989,48.19999999999982,0.06574141709277509,3.7253741,0.13554
2016-08-05,2764.0,2880.0,2757.5,2859.85,2825.2019397298236,34644,3440,97876296.0,8450.0,24.39,122.5,95.85,Bajaj Auto,4.381706693919263,122.5,3.4678002894355973,9.7876296,0.34644
2016-08-08,2877.9,2917.4,2860.05,2873.0,2887.613980043205,19442,1875,56140991.0,4661.0,23.97,57.35,-4.9,Bajaj Auto,0.45981432592618887,57.34999999999991,-0.1702630390215119,5.6140991,0.19442
2016-08-09,2863.1,2893.5,2827.3,2864.15,2869.734193789749,10692,1585,30683198.0,1089.0,10.19,66.2,1.05,Bajaj Auto,-0.3080403759136763,66.19999999999982,0.03667353567811749,3.0683198,0.10692
2016-08-10,2864.15,2902.0,2843.35,2849.0,2872.2402743289585,16914,1441,48581072.0,2728.0,16.13,58.65,-15.15,Bajaj Auto,-0.5289527433968266,58.65000000000009,-0.5289527433968224,4.8581072,0.16914
2016-08-11,2856.95,2886.15,2827.05,2844.7,2853.378457343202,10268,914,29298490.0,932.0,9.08,59.1,-12.25,Bajaj Auto,-0.15093015093016193,59.09999999999991,-0.4287789425786241,2.929849,0.10268
2016-08-12,2869.6,2901.6,2840.5,2867.45,2874.027896081772,14088,1349,40489305.0,2497.0,17.72,61.1,-2.15,Bajaj Auto,0.7997328365029643,61.09999999999991,-0.07492333426261817,4.0489305,0.14088
2016-08-16,2870.0,2892.4,2840.4,2875.65,2868.191671624033,8405,980,24107151.0,1643.0,19.55,52.0,5.65,Bajaj Auto,0.285968369108458,52.0,0.196864111498261,2.4107151,0.08405
2016-08-17,2878.0,2948.0,2878.0,2932.9,2929.5436299292214,19780,2033,57946373.0,3195.0,16.15,70.0,54.9,Bajaj Auto,1.9908542416497088,70.0,1.907574704656014,5.7946373,0.1978
2016-08-18,2932.0,2957.4,2920.6,2942.75,2947.3034671532846,10960,1044,32302446.0,2090.0,19.07,36.8,10.75,Bajaj Auto,0.3358450680214009,36.80000000000018,0.36664392905866305,3.2302446,0.1096
2016-08-19,2938.0,2944.0,2922.25,2931.5,2933.267049808429,5220,569,15311654.0,1357.0,26.0,21.75,-6.5,Bajaj Auto,-0.38229547192252245,21.75,-0.22123893805309736,1.5311654,0.0522
2016-08-22,2931.5,2948.0,2908.2,2931.45,2928.0759791769956,8068,767,23623717.0,2223.0,27.55,39.8,-0.05,Bajaj Auto,-0.0017056114617108875,39.80000000000018,-0.0017056114617152278,2.3623717,0.08068
2016-08-23,2910.5,2918.0,2870.0,2875.25,2875.43774634009,56832,1373,163416878.0,46309.0,81.48,48.0,-35.25,Bajaj Auto,-1.9171399819202017,48.0,-1.211132107885243,16.3416878,0.56832
2016-08-24,2888.9,2899.0,2851.5,2872.25,2873.771007417144,10651,959,30608535.0,3004.0,28.2,47.5,-16.65,Bajaj Auto,-0.10433875315190022,47.5,-0.5763439371387065,3.0608535,0.10651
2016-08-25,2874.15,2901.95,2851.0,2863.0,2873.5148107080627,12626,1293,36280998.0,3422.0,27.1,50.95,-11.15,Bajaj Auto,-0.3220471755592258,50.94999999999982,-0.38794078249221825,3.6280998,0.12626
2016-08-26,2870.0,2880.95,2847.0,2857.25,2858.692509635257,17903,1266,51179172.0,8540.0,47.7,33.95,-12.75,Bajaj Auto,-0.20083828152287486,33.94999999999982,-0.4442508710801394,5.1179172,0.17903
2016-08-29,2857.3,2899.9,2812.95,2884.3,2858.0841563205418,14176,1327,40516201.0,3336.0,23.53,86.95,27.0,Bajaj Auto,0.9467144982063136,86.95000000000027,0.9449480278584678,4.0516201,0.14176
2016-08-30,2880.0,3011.85,2880.0,2982.15,2976.281230631499,58084,4020,172874319.0,15959.0,27.48,131.85,102.15,Bajaj Auto,3.392504247131023,131.8499999999999,3.5468750000000036,17.2874319,0.58084
2016-08-31,2982.15,3038.0,2970.05,2980.95,3002.312421468318,22284,2164,66903530.0,5252.0,23.57,67.95,-1.2,Bajaj Auto,-0.0402394245762383,67.94999999999982,-0.040239424576237706,6.690353,0.22284
2016-09-01,2980.0,3017.05,2970.05,2996.55,3001.658402378091,15811,1617,47459221.0,3390.0,21.44,47.0,16.55,Bajaj Auto,0.5233231016957829,47.0,0.5553691275167847,4.7459221,0.15811
2016-09-02,2990.0,3010.45,2922.7,2999.85,2974.353107249689,29753,3652,88495928.0,5294.0,17.79,87.75,9.85,Bajaj Auto,0.1101266456424721,87.75,0.32943143812708725,8.8495928,0.29753
2016-09-06,2999.85,3034.5,2993.0,3006.65,3010.590154383921,17165,1648,51676780.0,5266.0,30.68,41.5,6.8,Bajaj Auto,0.22667800056670462,41.5,0.22667800056670107,5.167678,0.17165
2016-09-07,3020.0,3020.0,2976.55,2985.85,2997.8405187521903,17118,1445,51317034.0,4869.0,28.44,43.45,-34.15,Bajaj Auto,-0.6917998436798523,43.44999999999982,-1.1307947019867581,5.1317034,0.17118
2016-09-08,2995.0,3115.6,2995.0,3090.55,3084.182240565455,40463,3462,124795266.0,7528.0,18.6,120.6,95.55,Bajaj Auto,3.5065391764489195,120.59999999999991,3.190317195325549,12.4795266,0.40463
2016-09-09,3122.0,3122.0,3020.0,3034.1,3047.9091365182003,17939,1679,54676442.0,3288.0,18.33,102.0,-87.9,Bajaj Auto,-1.8265357298862694,102.0,-2.81550288276746,5.4676442,0.17939
2016-09-12,3000.0,3000.0,2929.0,2955.3,2950.588153463172,13658,1831,40299133.0,3157.0,23.11,71.0,-44.7,Bajaj Auto,-2.5971457763422356,71.0,-1.489999999999994,4.0299133,0.13658
2016-09-14,2959.9,2993.95,2940.6,2980.05,2968.1379381656498,9671,1118,28704862.0,1393.0,14.4,53.35,20.15,Bajaj Auto,0.8374784285859249,53.34999999999991,0.6807662421027768,2.8704862,0.09671
2016-09-15,2980.05,2980.05,2921.55,2931.95,2937.2663835778194,44038,1224,129351337.0,33714.0,76.56,58.5,-48.1,Bajaj Auto,-1.6140668780725287,58.5,-1.6140668780725276,12.9351337,0.44038
2016-09-16,2954.45,3029.5,2952.8,2980.0,2991.744816886841,21271,2352,63637404.0,3087.0,14.51,76.7,25.55,Bajaj Auto,1.638841044356143,76.69999999999982,0.8647971703701258,6.3637404,0.21271
2016-09-19,2985.0,3009.25,2940.05,2945.75,2956.343948105558,13566,1175,40105762.0,4094.0,30.18,69.2,-39.25,Bajaj Auto,-1.1493288590604056,69.19999999999982,-1.3149078726968175,4.0105762,0.13566
2016-09-20,2933.0,2941.45,2878.0,2888.1,2899.31458566004,22385,1945,64901157.0,7402.0,33.07,63.45,-44.9,Bajaj Auto,-1.9570567767122182,63.44999999999982,-1.530855779065806,6.4901157,0.22385
2016-09-21,2893.0,2961.5,2858.0,2902.9,2919.7231497073208,62355,3235,182059337.0,36088.0,57.88,103.5,9.9,Bajaj Auto,0.5124476299297243,103.5,0.3422053231939195,18.2059337,0.62355
2016-09-22,2930.0,2964.0,2914.0,2925.5,2933.72641274583,44187,1776,129632569.0,29222.0,66.13,50.0,-4.5,Bajaj Auto,0.7785318130145713,50.0,-0.15358361774744025,12.9632569,0.44187
2016-09-23,2925.5,2954.4,2917.05,2926.6,2934.5020536769257,17773,1666,52154905.0,2075.0,11.68,37.35,1.1,Bajaj Auto,0.03760041018630034,37.34999999999991,0.03760041018628983,5.2154905,0.17773
2016-09-26,2926.6,2926.6,2881.05,2890.75,2896.6229165109494,13379,1242,38753918.0,3394.0,25.37,45.55,-35.85,Bajaj Auto,-1.2249709560582245,45.54999999999973,-1.2249709560582216,3.8753918,0.13379
2016-09-27,2928.0,2928.0,2865.1,2871.05,2889.091719398517,14697,1338,42460981.0,4238.0,28.84,62.9,-56.95,Bajaj Auto,-0.6814840439332337,62.90000000000009,-1.9450136612021793,4.2460981,0.14697
2016-09-28,2889.85,2928.8,2874.9,2913.9,2906.3480408454047,21055,1103,61193158.0,12990.0,61.7,53.9,24.05,Bajaj Auto,1.4924853276675698,53.90000000000009,0.8322231257677797,6.1193158,0.21055
2016-09-29,2960.55,2990.0,2839.0,2844.55,2886.6580234421117,23718,2245,68465755.0,5828.0,24.57,151.0,-116.0,Bajaj Auto,-2.3799718590205576,151.0,-3.9181908766952085,6.8465755,0.23718
2016-09-30,2888.8,2888.8,2820.6,2832.15,2836.0729797080808,22472,2178,63732232.0,4876.0,21.7,68.2,-56.65,Bajaj Auto,-0.43592132323214683,68.20000000000027,-1.9610218775962367,6.3732232,0.22472
2016-10-03,2829.0,2905.8,2829.0,2882.55,2880.871996919918,77920,1847,224477546.0,61305.0,78.68,76.8,53.55,Bajaj Auto,1.7795667602351628,76.80000000000018,1.892895015906687,22.4477546,0.7792
2016-10-04,2890.0,2916.05,2878.65,2894.35,2893.9016413140125,41613,1612,120423929.0,26536.0,63.77,37.4,4.35,Bajaj Auto,0.40935976826073084,37.40000000000009,0.15051903114186538,12.0423929,0.41613
2016-10-05,2900.9,2900.9,2847.95,2857.2,2863.605921454032,31141,1894,89175552.0,16627.0,53.39,52.95,-43.7,Bajaj Auto,-1.2835351633354697,52.95000000000027,-1.506429039263686,8.9175552,0.31141
2016-10-06,2885.8,2885.8,2816.7,2825.9,2836.6521292970756,23388,1126,66343620.0,12936.0,55.31,69.1,-59.9,Bajaj Auto,-1.0954780904381844,69.10000000000036,-2.075680920368705,6.634362,0.23388
2016-10-07,2826.1,2893.0,2785.5,2883.9,2834.2109594975086,27702,3277,78513312.0,4091.0,14.77,107.5,57.8,Bajaj Auto,2.052443469337195,107.5,2.0452213297477155,7.8513312,0.27702
2016-10-10,2883.9,2910.0,2860.0,2874.85,2879.777582818641,14248,850,41031071.0,4369.0,30.66,50.0,-9.05,Bajaj Auto,-0.3138111585006431,50.0,-0.3138111585006478,4.1031071,0.14248
2016-10-13,2899.9,2899.9,2815.0,2823.75,2826.561013289655,53726,1856,151859817.0,38694.0,72.02,84.9,-76.15,Bajaj Auto,-1.777484042645705,84.90000000000009,-2.625952619055832,15.1859817,0.53726
2016-10-14,2842.45,2847.4,2797.5,2804.8,2811.246545696687,12014,1201,33774316.0,3852.0,32.06,49.9,-37.65,Bajaj Auto,-0.6710934041611272,49.90000000000009,-1.3245615578110306,3.3774316,0.12014
2016-10-17,2816.0,2816.0,2749.0,2754.3,2772.0398487289026,14279,1652,39581957.0,5122.0,35.87,67.0,-61.7,Bajaj Auto,-1.8004848830576181,67.0,-2.19105113636363,3.9581957,0.14279
2016-10-18,2763.05,2810.0,2757.5,2790.85,2786.2776835116197,13555,1900,37767994.0,5063.0,37.35,52.5,27.8,Bajaj Auto,1.3270159387140046,52.5,1.006134525252881,3.7767994,0.13555
2016-10-19,2800.0,2818.3,2770.0,2787.15,2795.980330290011,14896,1389,41648923.0,2956.0,19.84,48.3,-12.85,Bajaj Auto,-0.1325760968880374,48.30000000000018,-0.4589285714285682,4.1648923,0.14896
2016-10-20,2799.0,2826.0,2782.35,2788.25,2801.328573080481,17296,1621,48451779.0,7113.0,41.13,43.65,-10.75,Bajaj Auto,0.03946683888560454,43.65000000000009,-0.38406573776348696,4.8451779,0.17296
2016-10-21,2810.0,2812.5,2780.55,2798.95,2796.7500795924866,6282,874,17569184.0,1213.0,19.31,31.95,-11.05,Bajaj Auto,0.3837532502465546,31.949999999999818,-0.3932384341637075,1.7569184,0.06282
2016-10-24,2813.8,2813.8,2785.0,2789.3,2794.75831702544,6132,824,17137458.0,2204.0,35.94,28.8,-24.5,Bajaj Auto,-0.34477214669785816,28.800000000000182,-0.8707086502238965,1.7137458,0.06132
2016-10-25,2795.35,2811.5,2787.15,2799.95,2800.604023383769,5816,1084,16288313.0,1215.0,20.89,24.35,4.6,Bajaj Auto,0.3818162262933189,24.34999999999991,0.16455899976746774,1.6288313,0.05816
2016-10-26,2796.0,2842.95,2792.75,2818.65,2816.81365675614,65755,2105,185219582.0,25895.0,39.38,50.2,22.65,Bajaj Auto,0.667869069090532,50.19999999999982,0.8100858369098746,18.5219582,0.65755
2016-10-27,2844.0,2844.0,2751.0,2764.35,2786.9897951637954,13523,1790,37688463.0,3155.0,23.33,93.0,-79.65,Bajaj Auto,-1.9264541535841673,93.0,-2.800632911392408,3.7688463,0.13523
2016-10-28,2788.0,2858.95,2767.5,2834.65,2823.308324945701,151016,8466,426364730.0,22499.0,14.9,91.45,46.65,Bajaj Auto,2.5430933130754063,91.44999999999982,1.6732424677187983,42.636473,1.51016
2016-10-30,2860.0,2874.25,2820.0,2833.45,2842.0,2935,270,8341270.0,861.0,29.34,54.25,-26.55,Bajaj Auto,-0.04233326865751286,54.25,-0.9283216783216848,0.834127,0.02935
2016-11-01,2830.0,2910.0,2811.2,2824.7,2840.640051562026,39564,3385,112387083.0,15045.0,38.03,98.8,-5.3,Bajaj Auto,-0.3088108136723777,98.80000000000018,-0.18727915194346934,11.2387083,0.39564
2016-11-02,2802.35,2839.8,2771.0,2817.65,2802.0955362003265,18370,1946,51474495.0,3081.0,16.77,68.8,15.3,Bajaj Auto,-0.24958402662228485,68.80000000000018,0.5459703463164909,5.1474495,0.1837
2016-11-03,2820.0,2852.2,2792.55,2831.45,2828.2498310810806,17760,2372,50229717.0,4533.0,25.52,59.65,11.45,Bajaj Auto,0.4897698436640452,59.649999999999636,0.40602836879431975,5.0229717,0.1776
2016-11-04,2829.9,2849.0,2805.0,2813.35,2824.0864900372235,18268,2028,51590412.0,4438.0,24.29,44.0,-16.55,Bajaj Auto,-0.6392484416111843,44.0,-0.5848263189512061,5.1590412,0.18268
2016-11-07,2814.35,2848.05,2787.05,2828.1,2822.749452261551,20539,2111,57976451.0,3086.0,15.03,61.0,13.75,Bajaj Auto,0.5242859935663979,61.0,0.4885675200312683,5.7976451,0.20539
2016-11-08,2828.0,2875.0,2824.95,2865.7,2860.9189015577326,18681,1942,53444826.0,5039.0,26.97,50.05,37.7,Bajaj Auto,1.329514515045438,50.05000000000018,1.3330975954738267,5.3444826,0.18681
2016-11-09,2775.0,2824.65,2666.1,2781.6,2752.594164915317,40445,6010,111328671.0,6657.0,16.46,158.55,6.6,Bajaj Auto,-2.9347105419269215,158.55000000000018,0.23783783783783455,11.1328671,0.40445
2016-11-10,2800.95,2849.0,2715.6,2735.3,2775.3399829892523,25866,2701,71786944.0,6138.0,23.73,133.4,-65.65,Bajaj Auto,-1.6645096347425836,133.4000000000001,-2.3438476231278544,7.1786944,0.25866
2016-11-11,2735.3,2857.0,2635.05,2648.05,2671.186851338873,27075,2757,72322384.0,5375.0,19.85,221.95,-87.25,Bajaj Auto,-3.18977808649874,221.94999999999982,-3.189778086498739,7.2322384,0.27075
2016-11-15,2644.0,2656.55,2510.0,2575.75,2571.6377261535167,28023,3255,72065004.0,4541.0,16.2,146.55,-68.25,Bajaj Auto,-2.7303109835539408,146.55000000000018,-2.5813161875945534,7.2065004,0.28023
2016-11-16,2576.0,2660.0,2572.0,2610.85,2618.1482864602267,30259,2812,79222549.0,1877.0,6.2,88.0,34.85,Bajaj Auto,1.3627098903232104,88.0,1.3528726708074499,7.9222549,0.30259
2016-11-17,2588.0,2653.0,2524.9,2544.35,2574.0397564587793,30385,3701,78212198.0,3583.0,11.79,128.1,-43.65,Bajaj Auto,-2.5470632169599994,128.0999999999999,-1.6866306027820748,7.8212198,0.30385
2016-11-18,2550.0,2580.0,2547.0,2574.6,2568.435152951633,13501,1197,34676443.0,2146.0,15.9,33.0,24.6,Bajaj Auto,1.1889087586220537,33.0,0.9647058823529376,3.4676443,0.13501
2016-11-21,2571.6,2584.1,2512.5,2527.6,2540.518186379029,15946,1635,40511103.0,3393.0,21.28,71.6,-44.0,Bajaj Auto,-1.8255262953468465,71.59999999999991,-1.7109970446414686,4.0511103,0.15946
2016-11-22,2565.0,2610.9,2518.55,2600.6,2570.5325075930145,21072,1990,54166261.0,6280.0,29.8,92.35,35.6,Bajaj Auto,2.8881152081025485,92.34999999999991,1.3879142300194895,5.4166261,0.21072
2016-11-23,2600.0,2622.35,2567.5,2595.75,2594.9530994051206,23198,1907,60197722.0,5067.0,21.84,54.85,-4.25,Bajaj Auto,-0.1864954241328931,54.84999999999991,-0.16346153846153846,6.0197722,0.23198
2016-11-24,2596.0,2651.2,2558.05,2632.3,2625.271648614815,18373,1917,48234116.0,1970.0,10.72,93.15,36.3,Bajaj Auto,1.408070885100643,93.14999999999964,1.3983050847457696,4.8234116,0.18373
2016-11-25,2630.0,2641.95,2603.7,2612.85,2615.0635607778463,14553,1381,38057020.0,4280.0,29.41,38.25,-17.15,Bajaj Auto,-0.73889754207348,38.25,-0.6520912547528551,3.805702,0.14553
2016-11-28,2622.8,2662.0,2615.05,2637.45,2639.829185574397,20935,1935,55264824.0,1848.0,8.83,46.95,14.65,Bajaj Auto,0.9415006601986242,46.94999999999982,0.5585633673936112,5.5264824,0.20935
2016-11-29,2637.45,2690.0,2637.45,2661.8,2668.490092690237,18017,1522,48078186.0,2621.0,14.55,52.55,24.35,Bajaj Auto,0.9232402510000348,52.55000000000018,0.9232402510000327,4.8078186,0.18017
2016-11-30,2687.0,2690.0,2664.9,2683.75,2681.314618951029,13804,1154,37012867.0,2453.0,17.77,25.1,-3.25,Bajaj Auto,0.8246299496581289,25.09999999999991,-0.12095273539263118,3.7012867,0.13804
2016-12-01,2680.55,2714.0,2666.7,2685.15,2681.9824749938,12097,1255,32443942.0,1799.0,14.87,47.3,4.6,Bajaj Auto,0.052165812761995056,47.30000000000018,0.17160657327786868,3.2443942,0.12097
2016-12-02,2666.7,2723.45,2653.55,2702.45,2685.8602777021506,18365,1793,49325824.0,1364.0,7.43,69.9,35.75,Bajaj Auto,0.6442843044150104,69.89999999999964,1.34060824239697,4.9325824,0.18365
2016-12-05,2700.0,2757.45,2689.55,2737.5,2727.963017553263,22389,1912,61076364.0,5226.0,23.34,67.9,37.5,Bajaj Auto,1.2969712668134514,67.89999999999964,1.3888888888888888,6.1076364,0.22389
2016-12-06,2750.9,2752.45,2720.55,2728.05,2734.002248688265,12007,1236,32827165.0,2917.0,24.29,31.9,-22.85,Bajaj Auto,-0.3452054794520487,31.899999999999636,-0.8306372459922174,3.2827165,0.12007
2016-12-07,2755.0,2755.0,2685.55,2701.7,2714.0519059205194,9864,1000,26771408.0,1668.0,16.91,69.45,-53.3,Bajaj Auto,-0.9658913876212094,69.44999999999982,-1.9346642468239632,2.6771408,0.09864
2016-12-08,2721.0,2787.9,2721.0,2773.75,2761.8375024145257,20708,1884,57192131.0,4992.0,24.11,66.9,52.75,Bajaj Auto,2.666839397416454,66.90000000000009,1.9386255053289232,5.7192131,0.20708
2016-12-09,2778.5,2778.5,2712.6,2719.55,2729.2693090097773,15239,1603,41591335.0,4186.0,27.47,65.9,-58.95,Bajaj Auto,-1.9540333483551109,65.90000000000009,-2.121648371423423,4.1591335,0.15239
2016-12-12,2725.0,2725.0,2646.05,2652.75,2663.8683604069474,17791,1817,47392882.0,6231.0,35.02,78.95,-72.25,Bajaj Auto,-2.4562887242374765,78.94999999999982,-2.6513761467889907,4.7392882,0.17791
2016-12-13,2656.0,2667.15,2646.0,2659.4,2658.77906538534,10614,1028,28220281.0,3290.0,31.0,21.15,3.4,Bajaj Auto,0.2506832532277903,21.15000000000009,0.1280120481927745,2.8220281,0.10614
2016-12-14,2665.0,2665.7,2633.0,2649.45,2647.8883681295274,7041,877,18643782.0,1560.0,22.16,32.7,-15.55,Bajaj Auto,-0.3741445438820934,32.69999999999982,-0.5834896810506635,1.8643782,0.07041
2016-12-15,2649.0,2697.5,2632.5,2674.65,2675.1031282450676,15408,1684,41217989.0,2957.0,19.19,65.0,25.65,Bajaj Auto,0.951140802808137,65.0,0.9682899207248052,4.1217989,0.15408
2016-12-16,2697.0,2697.0,2653.15,2658.9,2664.3593073593074,8778,1032,23387746.0,2116.0,24.11,43.85,-38.1,Bajaj Auto,-0.5888620941057687,43.84999999999991,-1.4126807563959922,2.3387746,0.08778
2016-12-19,2659.0,2659.0,2635.0,2646.3,2647.0730960581704,5226,709,13833604.0,1210.0,23.15,24.0,-12.7,Bajaj Auto,-0.473880176012631,24.0,-0.4776231666039796,1.3833604,0.05226
2016-12-20,2657.95,2664.85,2572.0,2585.4,2589.3272004398764,23643,2588,61219463.0,8169.0,34.55,92.85,-72.55,Bajaj Auto,-2.3013263802290074,92.84999999999991,-2.729547207434291,6.1219463,0.23643
2016-12-21,2597.5,2631.25,2580.75,2585.65,2602.6437508061395,7753,965,20178297.0,1752.0,22.6,50.5,-11.85,Bajaj Auto,0.009669683607960167,50.5,-0.45620789220403885,2.0178297,0.07753
2016-12-22,2586.0,2589.0,2555.6,2566.55,2570.6811856906756,18757,1921,48218267.0,6209.0,33.1,33.4,-19.45,Bajaj Auto,-0.7386923984297966,33.40000000000009,-0.7521268368136047,4.8218267,0.18757
2016-12-23,2564.15,2635.0,2554.55,2621.35,2607.3756036636137,12010,1289,31314581.0,2888.0,24.05,80.45,57.2,Bajaj Auto,2.13516198788255,80.44999999999982,2.23075873096347,3.1314581,0.1201
2016-12-26,2618.0,2618.35,2578.0,2596.7,2597.001249132547,7205,922,18711394.0,2181.0,30.27,40.35,-21.3,Bajaj Auto,-0.9403551605088989,40.34999999999991,-0.8135981665393499,1.8711394,0.07205
2016-12-27,2563.0,2642.0,2563.0,2633.6,2604.4694984184366,15491,1552,40345837.0,1423.0,9.19,79.0,70.6,Bajaj Auto,1.4210343898024558,79.0,2.7545844713226653,4.0345837,0.15491
2016-12-28,2629.35,2653.0,2624.55,2631.6,2641.3070270270273,6475,806,17102463.0,2009.0,31.03,28.45,2.25,Bajaj Auto,-0.07594167679222386,28.449999999999818,0.08557247989046723,1.7102463,0.06475
2016-12-29,2621.0,2665.65,2611.5,2655.45,2638.2514935661766,8704,1079,22963341.0,1523.0,17.5,54.15,34.45,Bajaj Auto,0.9062927496579887,54.15000000000009,1.3143838229683258,2.2963341,0.08704
2016-12-30,2655.55,2667.0,2627.25,2633.85,2642.002120073239,10377,1231,27416056.0,2068.0,19.93,39.75,-21.7,Bajaj Auto,-0.813421453990848,39.75,-0.8171565212479627,2.7416056,0.10377
2017-01-02,2640.0,2658.3,2556.0,2596.8,2587.110088606513,35099,3376,90804977.0,8595.0,24.49,102.3,-43.2,Bajaj Auto,-1.406686029956139,102.30000000000018,-1.6363636363636296,9.0804977,0.35099
2017-01-03,2590.0,2630.6,2566.0,2620.1,2594.789026362303,26591,2571,68998035.0,7602.0,28.59,64.6,30.1,Bajaj Auto,0.8972581638940103,64.59999999999991,1.1621621621621587,6.8998035,0.26591
2017-01-04,2626.0,2705.8,2619.0,2688.55,2661.2660287081335,16720,2605,44496368.0,4771.0,28.53,86.8,62.55,Bajaj Auto,2.6124957062707566,86.80000000000018,2.381949733434889,4.4496368,0.1672
2017-01-05,2688.55,2727.0,2685.0,2720.95,2708.1193271295638,13970,1856,37832427.0,2741.0,19.62,42.0,32.4,Bajaj Auto,1.2051105614550472,42.0,1.205110561455046,3.7832427,0.1397
2017-01-06,2718.45,2740.0,2697.6,2708.4,2719.1705376620043,7793,1055,21190496.0,1379.0,17.7,42.4,-10.05,Bajaj Auto,-0.4612359653797249,42.40000000000009,-0.36969596645146047,2.1190496,0.07793
2017-01-09,2726.0,2744.0,2708.5,2721.05,2724.779129540781,5836,711,15901811.0,1067.0,18.28,35.5,-4.95,Bajaj Auto,0.4670654260818141,35.5,-0.1815847395451144,1.5901811,0.05836
2017-01-10,2723.55,2746.1,2713.05,2740.8,2729.7517997069504,15697,2370,42848914.0,7781.0,49.57,33.05,17.25,Bajaj Auto,0.7258227522463745,33.04999999999973,0.6333645426006498,4.2848914,0.15697
2017-01-11,2700.1,2750.45,2700.1,2717.55,2720.1211794802743,14854,1391,40404680.0,8429.0,56.75,50.35,17.45,Bajaj Auto,-0.8482924693520189,50.34999999999991,0.6462723602829625,4.040468,0.14854
2017-01-12,2720.0,2740.0,2710.0,2731.5,2723.32894457422,14127,1462,38472468.0,7784.0,55.1,30.0,11.5,Bajaj Auto,0.5133300215267367,30.0,0.4227941176470588,3.8472468,0.14127
2017-01-13,2730.0,2751.5,2692.7,2708.05,2722.5310110974106,16220,1312,44159453.0,8029.0,49.5,58.8,-21.95,Bajaj Auto,-0.8585026542192842,58.80000000000018,-0.8040293040292974,4.4159453,0.1622
2017-01-16,2708.05,2726.55,2688.05,2722.0,2713.123637071651,5136,576,13934603.0,1453.0,28.29,38.5,13.95,Bajaj Auto,0.5151308136851274,38.5,0.5151308136851173,1.3934603,0.05136
2017-01-17,2722.0,2742.25,2708.15,2729.9,2723.525068631701,13842,1374,37699034.0,3881.0,28.04,34.1,7.9,Bajaj Auto,0.2902277736958059,34.09999999999991,0.29022777369581526,3.7699034,0.13842
2017-01-18,2730.05,2740.0,2693.65,2704.3,2710.5746961576206,13247,1425,35906983.0,3898.0,29.43,46.35,-25.75,Bajaj Auto,-0.9377632880325226,46.34999999999991,-0.9432061683851944,3.5906983,0.13247
2017-01-19,2705.0,2711.5,2683.55,2695.95,2698.406582900847,7322,956,19757733.0,1676.0,22.89,27.95,-9.05,Bajaj Auto,-0.3087675183966465,27.949999999999818,-0.3345656192236666,1.9757733,0.07322
2017-01-20,2695.95,2718.0,2688.0,2698.35,2706.754749299284,12844,749,34765558.0,4509.0,35.11,30.0,2.4,Bajaj Auto,0.08902242252266657,30.0,0.08902242252267628,3.4765558,0.12844
2017-01-23,2700.0,2715.9,2688.0,2707.4,2705.025970010821,6469,725,17498813.0,1593.0,24.63,27.9,7.4,Bajaj Auto,0.3353901458298614,27.90000000000009,0.27407407407407747,1.7498813,0.06469
2017-01-24,2707.4,2811.0,2702.0,2796.1,2763.2710211397543,37938,3213,104832976.0,9929.0,26.17,109.0,88.7,Bajaj Auto,3.2762059540518473,109.0,3.276205954051851,10.4832976,0.37938
2017-01-25,2798.0,2868.5,2773.05,2851.0,2821.4913932450445,35263,3417,99494251.0,6004.0,17.03,95.45,53.0,Bajaj Auto,1.9634490898036594,95.44999999999982,1.8942101501072193,9.9494251,0.35263
2017-01-27,2850.0,2871.5,2827.2,2853.5,2845.5635351553587,21917,2380,62366216.0,5026.0,22.93,44.3,3.5,Bajaj Auto,0.08768853034022417,44.30000000000018,0.12280701754385966,6.2366216,0.21917
2017-01-30,2853.5,2854.0,2813.0,2825.35,2827.8268845897264,5996,834,16955650.0,1137.0,18.96,41.0,-28.15,Bajaj Auto,-0.986507797441738,41.0,-0.9865077974417414,1.695565,0.05996
2017-01-31,2825.35,2917.05,2792.3,2837.75,2869.5664115107916,86875,7428,249293582.0,5569.0,6.41,124.75,12.4,Bajaj Auto,0.4388836781283878,124.75,0.4388836781283767,24.9293582,0.86875
2017-02-01,2845.05,2873.0,2810.7,2856.65,2847.74094949057,23065,2558,65683145.0,5884.0,25.51,62.3,11.6,Bajaj Auto,0.6660206149238013,62.30000000000018,0.4077256990211036,6.5683145,0.23065
2017-02-02,2856.65,2856.65,2801.35,2808.8,2821.649127743388,24878,1980,70196987.0,7192.0,28.91,55.3,-47.85,Bajaj Auto,-1.675038944217877,55.30000000000018,-1.6750389442178744,7.0196987,0.24878
2017-02-03,2809.0,2816.8,2790.0,2809.95,2805.018488591854,36509,1779,102408420.0,24104.0,66.02,26.8,0.95,Bajaj Auto,0.04094275135286818,26.800000000000182,0.033819864720534644,10.240842,0.36509
2017-02-06,2819.0,2825.85,2785.0,2798.6,2801.3034442384624,10249,922,28710559.0,3417.0,33.34,40.85,-20.4,Bajaj Auto,-0.4039217779675752,40.84999999999991,-0.7236608726498791,2.8710559,0.10249
2017-02-07,2802.0,2802.0,2756.8,2775.0,2768.310108604845,17955,1519,49705008.0,6045.0,33.67,45.2,-27.0,Bajaj Auto,-0.843278782248269,45.19999999999982,-0.9635974304068522,4.9705008,0.17955
2017-02-08,2780.0,2792.6,2761.55,2786.2,2780.5925635239873,10193,1051,28342580.0,2206.0,21.64,31.05,6.2,Bajaj Auto,0.40360360360358616,31.049999999999727,0.22302158273380643,2.834258,0.10193
2017-02-09,2795.0,2805.95,2752.15,2785.25,2774.361249544184,16454,1550,45649340.0,1164.0,7.07,53.8,-9.75,Bajaj Auto,-0.03409661905102723,53.79999999999973,-0.3488372093023256,4.564934,0.16454
2017-02-10,2785.25,2812.5,2774.25,2795.8,2796.134914429676,11511,1031,32186309.0,2943.0,25.57,38.25,10.55,Bajaj Auto,0.3787810788977719,38.25,0.3787810788977716,3.2186309,0.11511
2017-02-13,2802.1,2818.0,2784.6,2806.4,2798.728830313015,6070,648,16988284.0,1681.0,27.69,33.4,4.3,Bajaj Auto,0.37914013877959896,33.40000000000009,0.1534563363191957,1.6988284,0.0607
2017-02-14,2803.45,2803.45,2759.0,2779.4,2778.008555310644,26767,1742,74358955.0,18779.0,70.16,44.45,-24.05,Bajaj Auto,-0.9620866590649979,44.44999999999982,-0.8578715511244975,7.4358955,0.26767
2017-02-15,2779.4,2803.0,2764.55,2790.0,2787.3279479326184,26120,721,72805006.0,19783.0,75.74,38.45,10.6,Bajaj Auto,0.3813772756710021,38.44999999999982,0.3813772756710048,7.2805006,0.2612
2017-02-16,2798.55,2798.55,2766.0,2788.5,2779.629988262911,10224,1465,28418937.0,2556.0,25.0,32.55,-10.05,Bajaj Auto,-0.053763440860210565,32.55000000000018,-0.3591145414589763,2.8418937,0.10224
2017-02-17,2788.5,2790.0,2753.0,2781.5,2774.677717536219,11251,990,31217899.0,3530.0,31.37,37.0,-7.0,Bajaj Auto,-0.2510310202617938,37.0,-0.25103102026178953,3.1217899,0.11251
2017-02-20,2771.5,2818.35,2767.45,2793.1,2800.237938901564,17971,1533,50323076.0,3814.0,21.22,50.9,21.6,Bajaj Auto,0.4170411648391159,50.90000000000009,0.779361356666062,5.0323076,0.17971
2017-02-21,2795.0,2811.45,2775.0,2806.1,2796.40104879161,13158,1129,36795045.0,4472.0,33.99,36.45,11.1,Bajaj Auto,0.4654326733736669,36.44999999999982,0.39713774597495205,3.6795045,0.13158
2017-02-22,2803.0,2807.45,2780.0,2799.8,2796.702895220588,17408,967,48685004.0,9492.0,54.53,27.45,-3.2,Bajaj Auto,-0.2245108869961765,27.449999999999818,-0.11416339636103526,4.8685004,0.17408
2017-02-23,2799.8,2823.95,2789.0,2812.05,2810.688626037913,12766,930,35881251.0,4452.0,34.87,34.95,12.25,Bajaj Auto,0.4375312522322927,34.94999999999982,0.43753125223230227,3.5881251,0.12766
2017-02-27,2812.0,2843.2,2790.0,2801.85,2820.724050008225,12158,1040,34294363.0,4361.0,35.87,53.2,-10.15,Bajaj Auto,-0.3627247026190994,53.19999999999982,-0.3609530583214826,3.4294363,0.12158
2017-02-28,2794.0,2801.65,2747.2,2758.25,2771.6460913312694,15504,1378,42971601.0,4215.0,27.19,54.45,-35.75,Bajaj Auto,-1.5561147099237949,54.45000000000027,-1.279527559055118,4.2971601,0.15504
2017-03-01,2780.0,2792.6,2758.25,2773.0,2777.18584258539,14141,1011,39272185.0,4534.0,32.06,34.35,-7.0,Bajaj Auto,0.5347593582887722,34.34999999999991,-0.2517985611510791,3.9272185,0.14141
2017-03-02,2790.0,2844.95,2790.0,2831.8,2824.325963053129,34915,2305,98611341.0,12500.0,35.8,54.95,41.8,Bajaj Auto,2.1204471691309124,54.94999999999982,1.498207885304666,9.8611341,0.34915
2017-03-03,2845.9,2845.9,2807.0,2831.1,2822.4671260942446,5369,611,15153826.0,952.0,17.73,38.9,-14.8,Bajaj Auto,-0.024719259834748986,38.90000000000009,-0.5200463825152036,1.5153826,0.05369
2017-03-06,2831.1,2895.0,2831.1,2878.75,2869.9886883371446,24488,1920,70280283.0,9556.0,39.02,63.9,47.65,Bajaj Auto,1.6830913779096512,63.90000000000009,1.68309137790965,7.0280283,0.24488
2017-03-07,2870.15,2893.5,2870.0,2876.55,2879.7336300063566,6292,729,18119284.0,2382.0,37.86,23.5,6.4,Bajaj Auto,-0.07642205818496617,23.5,0.22298486141839594,1.8119284,0.06292
2017-03-08,2880.0,2886.15,2855.0,2865.5,2874.325010817828,46220,751,132851302.0,41631.0,90.07,31.15,-14.5,Bajaj Auto,-0.38414072413134326,31.15000000000009,-0.5034722222222222,13.2851302,0.4622
2017-03-09,2865.5,2884.0,2854.95,2872.7,2870.3304538124858,8682,979,24920209.0,1230.0,14.17,29.05,7.2,Bajaj Auto,0.2512650497295432,29.050000000000182,0.2512650497295348,2.4920209,0.08682
2017-03-10,2888.0,2891.95,2850.0,2866.15,2875.1009006258582,6551,672,18834786.0,1159.0,17.69,41.95,-21.85,Bajaj Auto,-0.2280084937515081,41.94999999999982,-0.7565789473684179,1.8834786,0.06551
2017-03-14,2900.0,2909.0,2854.05,2867.25,2868.5800172723043,45159,935,129542205.0,36816.0,81.53,54.95,-32.75,Bajaj Auto,0.03837901017043066,54.94999999999982,-1.129310344827586,12.9542205,0.45159
2017-03-15,2867.25,2890.0,2856.3,2870.35,2878.6286942542083,141199,775,406459493.0,135426.0,95.91,33.7,3.1,Bajaj Auto,0.10811753422268477,33.69999999999982,0.10811753422268408,40.6459493,1.41199
2017-03-16,2890.0,2943.85,2865.4,2936.7,2907.1186413219566,18518,1548,53834023.0,6787.0,36.65,78.45,46.7,Bajaj Auto,2.3115647917501425,78.44999999999982,1.6159169550172947,5.3834023,0.18518
2017-03-17,2940.0,2945.35,2892.65,2913.8,2913.5336474088767,20165,1802,58751406.0,7348.0,36.44,52.7,-26.2,Bajaj Auto,-0.7797868355637116,52.69999999999982,-0.8911564625850278,5.8751406,0.20165
2017-03-20,2913.8,2934.45,2900.0,2920.75,2919.0277433501765,10489,854,30617682.0,3555.0,33.89,34.45,6.95,Bajaj Auto,0.23852014551444256,34.44999999999982,0.23852014551444223,3.0617682,0.10489
2017-03-21,2920.0,2929.0,2891.55,2908.6,2905.6637975334015,7784,737,22617687.0,2492.0,32.01,37.45,-11.4,Bajaj Auto,-0.41598904390995894,37.44999999999982,-0.3904109589041127,2.2617687,0.07784
2017-03-22,2900.0,2900.0,2843.85,2853.2,2868.192180471024,15116,1347,43355593.0,2979.0,19.71,56.15,-46.8,Bajaj Auto,-1.9046964175204573,56.15000000000009,-1.613793103448282,4.3355593,0.15116
2017-03-23,2853.2,2873.05,2853.0,2864.65,2864.879020889401,7803,569,22354651.0,1834.0,23.5,20.05,11.45,Bajaj Auto,0.4013037992429691,20.050000000000182,0.40130379924296483,2.2354651,0.07803
2017-03-24,2865.0,2878.0,2832.3,2846.35,2850.9205340699814,10860,1008,30960997.0,4233.0,38.98,45.7,-18.65,Bajaj Auto,-0.6388214965179051,45.69999999999982,-0.6509598603839474,3.0960997,0.1086
2017-03-27,2846.35,2852.2,2800.0,2813.35,2826.687123287671,18250,1861,51587040.0,7213.0,39.52,52.2,-33.0,Bajaj Auto,-1.1593795562738207,52.19999999999982,-1.1593795562738243,5.158704,0.1825
2017-03-28,2819.0,2835.95,2810.3,2822.95,2818.9872245289043,12524,995,35304996.0,2985.0,23.83,25.65,3.95,Bajaj Auto,0.34123020598217924,25.649999999999636,0.1401206101454352,3.5304996,0.12524
2017-03-29,2821.5,2850.0,2798.1,2831.0,2827.1898722925125,33749,3277,95414831.0,9234.0,27.36,51.9,9.5,Bajaj Auto,0.2851626844258659,51.90000000000009,0.33670033670033667,9.5414831,0.33749
2017-03-30,2845.0,2846.0,2811.9,2820.65,2833.548251660609,15958,1266,45217763.0,5139.0,32.2,34.1,-24.35,Bajaj Auto,-0.36559519604379975,34.09999999999991,-0.8558875219683624,4.5217763,0.15958
2017-03-31,2820.75,2832.1,2801.0,2807.5,2818.282820784729,18860,1362,53152814.0,3191.0,16.92,31.1,-13.25,Bajaj Auto,-0.46620459823091265,31.09999999999991,-0.46973322697864045,5.3152814,0.1886
2017-04-03,2800.0,2832.05,2777.2,2783.9,2793.315500685871,23328,1874,65162464.0,4694.0,20.12,54.85,-16.1,Bajaj Auto,-0.8406055209260854,54.850000000000364,-0.5749999999999967,6.5162464,0.23328
2017-04-05,2795.45,2797.95,2755.0,2760.7,2771.0444902319905,13104,1024,36311767.0,6619.0,50.51,42.95,-34.75,Bajaj Auto,-0.8333632673587554,42.94999999999982,-1.243091452181223,3.6311767,0.13104
2017-04-06,2788.0,2813.0,2783.0,2801.0,2794.026381302716,80739,1962,225586896.0,61721.0,76.45,30.0,13.0,Bajaj Auto,1.45977469482379,30.0,0.4662840746054519,22.5586896,0.80739
2017-04-07,2801.0,2844.0,2799.05,2832.7,2831.22468915218,68281,1646,193318853.0,55865.0,81.82,44.95,31.7,Bajaj Auto,1.1317386647625716,44.94999999999982,1.1317386647625782,19.3318853,0.68281
2017-04-10,2833.1,2854.8,2820.0,2837.7,2838.317558076715,9255,799,26268629.0,3202.0,34.6,34.8,4.6,Bajaj Auto,0.17651004342147392,34.80000000000018,0.16236631251985137,2.6268629,0.09255
2017-04-11,2820.0,2832.0,2808.2,2822.45,2820.2453154702634,11047,1268,31155250.0,2978.0,26.96,23.8,2.45,Bajaj Auto,-0.5374070550093424,23.800000000000182,0.08687943262410702,3.115525,0.11047
2017-04-12,2822.45,2848.0,2807.1,2835.75,2829.182958441341,11959,1228,33834199.0,2692.0,22.51,40.9,13.3,Bajaj Auto,0.4712218108381183,40.90000000000009,0.47122181083810816,3.3834199,0.11959
2017-04-13,2810.0,2866.0,2810.0,2837.35,2849.7191472775244,33352,1314,95043833.0,24179.0,72.5,56.0,27.35,Bajaj Auto,0.05642246319315092,56.0,0.973309608540922,9.5043833,0.33352
2017-04-17,2865.0,2865.0,2824.3,2850.5,2848.2967812329516,9165,884,26104640.0,2220.0,24.22,40.7,-14.5,Bajaj Auto,0.4634606234690919,40.69999999999982,-0.5061082024432809,2.610464,0.09165
2017-04-18,2850.5,2861.5,2809.95,2822.55,2841.6983682415976,8212,964,23336027.0,1527.0,18.59,51.55,-27.95,Bajaj Auto,-0.9805297316260231,51.55000000000018,-0.9805297316260241,2.3336027,0.08212
2017-04-19,2822.55,2837.0,2791.7,2810.45,2804.3127235336196,22368,873,62726867.0,17305.0,77.36,45.3,-12.1,Bajaj Auto,-0.4286903686382959,45.30000000000018,-0.42869036863830096,6.2726867,0.22368
2017-04-20,2810.45,2848.9,2800.15,2832.3,2827.369338959212,10665,958,30153894.0,3279.0,30.75,48.75,21.85,Bajaj Auto,0.7774555676137496,48.75,0.7774555676137404,3.0153894,0.10665
2017-04-21,2832.3,2844.8,2817.0,2823.9,2830.7759439859965,7998,705,22640546.0,1998.0,24.98,27.8,-8.4,Bajaj Auto,-0.2965787522508201,27.800000000000182,-0.2965787522508241,2.2640546,0.07998
2017-04-24,2825.0,2864.9,2812.35,2859.3,2850.466187520418,33671,970,95978047.0,26441.0,78.53,52.55,34.3,Bajaj Auto,1.2535854669074808,52.55000000000018,1.2141592920354045,9.5978047,0.33671
2017-04-25,2859.3,2900.0,2852.85,2896.4,2883.0064814814814,14040,1266,40477411.0,5284.0,37.64,47.15,37.1,Bajaj Auto,1.2975203721190542,47.15000000000009,1.2975203721190467,4.0477411,0.1404
2017-04-26,2900.0,2908.6,2861.1,2888.05,2885.475269751611,13809,1392,39845528.0,2703.0,19.57,47.5,-11.95,Bajaj Auto,-0.2882889103714925,47.5,-0.41206896551723504,3.9845528,0.13809
2017-04-27,2888.05,2904.0,2850.75,2860.6,2881.3828327716305,33529,2231,96609885.0,14802.0,44.15,53.25,-27.45,Bajaj Auto,-0.9504683090666766,53.25,-0.9504683090666808,9.6609885,0.33529
2017-04-28,2888.0,2900.0,2861.55,2868.35,2879.9733059548253,10227,879,29453487.0,2568.0,25.11,38.45,-19.65,Bajaj Auto,0.27092218415716296,38.44999999999982,-0.6804016620498646,2.9453487,0.10227
2017-05-02,2876.25,2917.75,2875.65,2904.95,2902.68785899313,17758,1652,51545931.0,6420.0,36.15,42.1,28.7,Bajaj Auto,1.275994909965661,42.09999999999991,0.9978270317253304,5.1545931,0.17758
2017-05-03,2904.95,2945.4,2904.95,2923.6,2925.101299199386,20859,1636,61014688.0,5213.0,24.99,40.45,18.65,Bajaj Auto,0.6420076077040981,40.45000000000027,0.6420076077040945,6.1014688,0.20859
2017-05-04,2940.95,2945.0,2919.7,2934.8,2932.6272791854126,8446,828,24768970.0,2899.0,34.32,25.3,-6.15,Bajaj Auto,0.3830893419072501,25.300000000000182,-0.20911610193983704,2.476897,0.08446
2017-05-05,2934.0,2940.0,2890.0,2890.15,2892.1776983625746,64919,824,187757284.0,59965.0,92.37,50.0,-43.85,Bajaj Auto,-1.5213983917132357,50.0,-1.494546693933194,18.7757284,0.64919
2017-05-08,2900.0,2906.05,2853.85,2854.85,2860.102831631701,80413,795,229989449.0,74029.0,92.06,52.2,-45.15,Bajaj Auto,-1.2213898932581402,52.20000000000027,-1.556896551724141,22.9989449,0.80413
2017-05-09,2862.15,2886.65,2838.15,2861.2,2861.366627979645,168015,1990,480752514.0,146868.0,87.41,48.5,-0.95,Bajaj Auto,0.22242849887033067,48.5,-0.03319183131562891,48.0752514,1.68015
2017-05-10,2874.0,2910.95,2863.6,2899.4,2893.853234520017,14438,989,41781453.0,3100.0,21.47,47.35,25.4,Bajaj Auto,1.3351041521040274,47.34999999999991,0.8837856645789871,4.1781453,0.14438
2017-05-11,2910.9,3005.0,2899.65,2998.25,2970.142022271336,47056,4133,139763003.0,18556.0,39.43,105.35,87.35,Bajaj Auto,3.409326067462226,105.34999999999991,3.0007901336356424,13.9763003,0.47056
2017-05-12,3005.05,3017.6,2975.35,3001.0,3003.7526678197305,30643,1857,92043993.0,9000.0,29.37,42.25,-4.05,Bajaj Auto,0.09172017009921873,42.25,-0.13477313189465004,9.2043993,0.30643
2017-05-15,3017.5,3022.75,2985.0,2992.3,3002.2896713615023,17040,1020,51159016.0,5328.0,31.27,37.75,-25.2,Bajaj Auto,-0.289903365544808,37.75,-0.8351284175642028,5.1159016,0.1704
2017-05-16,3022.0,3027.75,2969.95,3023.9,3010.006094943772,23298,1333,70127122.0,8534.0,36.63,57.8,1.9,Bajaj Auto,1.0560438458710575,57.80000000000018,0.06287227001985742,7.0127122,0.23298
2017-05-17,3018.0,3046.15,3010.05,3032.6,3031.3620163434084,10157,675,30789544.0,2161.0,21.28,36.1,14.6,Bajaj Auto,0.28770792684942315,36.09999999999991,0.4837640821736219,3.0789544,0.10157
2017-05-18,3022.0,3030.95,2955.5,2973.85,2999.848459863428,47301,2905,141895832.0,8394.0,17.75,75.45,-48.15,Bajaj Auto,-1.9372815405922283,75.44999999999982,-1.5933156849768395,14.1895832,0.47301
2017-05-19,2980.0,3017.6,2947.55,2971.45,2981.7753623188405,13938,988,41559985.0,3523.0,25.28,70.05,-8.55,Bajaj Auto,-0.08070346520504534,70.04999999999973,-0.28691275167785846,4.1559985,0.13938
2017-05-22,2977.0,3008.25,2903.0,2912.5,2934.8110135295515,21065,1413,61821794.0,3464.0,16.44,105.25,-64.5,Bajaj Auto,-1.983879923942855,105.25,-2.1666106818945248,6.1821794,0.21065
2017-05-23,2914.0,2926.0,2805.0,2824.4,2855.283838214316,23834,1697,68052835.0,6658.0,27.93,121.0,-89.6,Bajaj Auto,-3.0248927038626583,121.0,-3.0748112560054874,6.8052835,0.23834
2017-05-24,2818.0,2864.95,2757.0,2771.55,2809.0569396716305,20952,1646,58855361.0,4433.0,21.16,107.95,-46.45,Bajaj Auto,-1.8711938818864127,107.94999999999982,-1.6483321504613135,5.8855361,0.20952
2017-05-25,2782.25,2837.5,2761.0,2821.6,2797.2147108611366,18313,1040,51225393.0,4278.0,23.36,76.5,39.35,Bajaj Auto,1.8058487128141287,76.5,1.4143229400664898,5.1225393,0.18313
2017-05-26,2816.5,2839.15,2796.8,2816.3,2818.53679264838,14473,1138,40792683.0,3639.0,25.14,42.35,-0.2,Bajaj Auto,-0.1878366884037308,42.34999999999991,-0.0071010118941884645,4.0792683,0.14473
2017-05-29,2820.0,2840.0,2790.0,2834.4,2821.394403420132,12865,772,36297239.0,2861.0,22.24,50.0,14.4,Bajaj Auto,0.6426872137201167,50.0,0.5106382978723436,3.6297239,0.12865
2017-05-30,2847.1,2860.0,2820.0,2846.25,2843.534302129098,11836,946,33656072.0,2004.0,16.93,40.0,-0.85,Bajaj Auto,0.41807790008467904,40.0,-0.02985494011449928,3.3656072,0.11836
2017-05-31,2845.9,2866.05,2835.45,2843.95,2851.540597725469,7562,515,21563350.0,2231.0,29.5,30.6,-1.95,Bajaj Auto,-0.08080808080809243,30.600000000000364,-0.06851962472329572,2.156335,0.07562
2017-06-01,2843.95,2885.1,2830.1,2840.75,2857.878835929484,10721,768,30639319.0,1795.0,16.74,55.0,-3.2,Bajaj Auto,-0.11251955906397271,55.0,-0.11251955906397154,3.0639319,0.10721
2017-06-02,2801.0,2864.0,2772.2,2846.1,2816.521467879109,33981,1910,95708216.0,5854.0,17.23,91.8,45.1,Bajaj Auto,0.18833054651059555,91.80000000000018,1.610139235987144,9.5708216,0.33981
2017-06-05,2863.0,2927.2,2861.75,2900.7,2902.0101530771635,32010,1982,92893345.0,4929.0,15.4,65.45,37.7,Bajaj Auto,1.9184146727100115,65.44999999999982,1.3168005588543423,9.2893345,0.3201
2017-06-06,2900.7,2908.65,2864.35,2875.25,2879.8460598081624,10634,725,30624283.0,1811.0,17.03,44.3,-25.45,Bajaj Auto,-0.8773744268624761,44.30000000000018,-0.8773744268624752,3.0624283,0.10634
2017-06-07,2864.65,2895.0,2860.05,2873.4,2878.4652497672973,12892,908,37109174.0,2231.0,17.31,34.95,8.75,Bajaj Auto,-0.06434223111033699,34.94999999999982,0.30544743685965126,3.7109174,0.12892
2017-06-08,2873.35,2895.05,2863.35,2869.25,2874.025598587664,9063,605,26047294.0,3090.0,34.09,31.7,-4.1,Bajaj Auto,-0.1444282035219624,31.700000000000273,-0.14269058764159984,2.6047294,0.09063
2017-06-09,2870.25,2873.05,2838.0,2866.1,2860.931963658889,9686,592,27710987.0,1722.0,17.78,35.05,-4.15,Bajaj Auto,-0.10978478696523908,35.05000000000018,-0.14458670847487468,2.7710987,0.09686
2017-06-12,2866.1,2870.0,2818.35,2826.9,2839.33802048609,16499,2074,46846238.0,5167.0,31.32,51.65,-39.2,Bajaj Auto,-1.3677122221834481,51.65000000000009,-1.3677122221834486,4.6846238,0.16499
2017-06-13,2832.65,2857.05,2821.55,2828.1,2840.3307106598986,3940,343,11190903.0,1108.0,28.12,35.5,-4.55,Bajaj Auto,0.04244932611694452,35.5,-0.16062697474097334,1.1190903,0.0394
2017-06-14,2828.0,2837.7,2812.5,2831.1,2826.398892534865,14628,565,41344563.0,3746.0,25.61,25.2,3.1,Bajaj Auto,0.10607828577489098,25.199999999999818,0.1096181046676064,4.1344563,0.14628
2017-06-15,2831.0,2847.0,2803.05,2815.45,2813.918755595345,22340,1442,62862945.0,8536.0,38.21,43.95,-15.55,Bajaj Auto,-0.5527886687153427,43.94999999999982,-0.5492758742493883,6.2862945,0.2234
2017-06-16,2826.65,2826.65,2801.0,2808.95,2813.332508250825,6060,463,17048795.0,2067.0,34.11,25.65,-17.7,Bajaj Auto,-0.23086895522917983,25.65000000000009,-0.6261829373994047,1.7048795,0.0606
2017-06-19,2848.0,2889.5,2814.6,2834.5,2849.672605006513,28403,2094,80939251.0,7600.0,26.76,74.9,-13.5,Bajaj Auto,0.9095925523772364,74.90000000000009,-0.4740168539325843,8.0939251,0.28403
2017-06-20,2815.0,2822.4,2808.5,2816.45,2816.49823061044,6782,735,19101491.0,2435.0,35.9,13.9,1.45,Bajaj Auto,-0.6367966131592961,13.900000000000091,0.05150976909413208,1.9101491,0.06782
2017-06-21,2816.45,2828.05,2791.35,2821.1,2811.4129175946546,6735,499,18934866.0,1528.0,22.69,36.7,4.65,Bajaj Auto,0.1651014575085652,36.70000000000027,0.165101457508569,1.8934866,0.06735
2017-06-22,2820.0,2850.0,2809.05,2840.45,2838.9785471128525,15569,911,44200057.0,5345.0,34.33,40.95,20.45,Bajaj Auto,0.6859026620821718,40.94999999999982,0.7251773049645326,4.4200057,0.15569
2017-06-23,2841.65,2850.0,2810.65,2824.6,2827.434698502183,18093,897,51156776.0,9409.0,52.0,39.35,-17.05,Bajaj Auto,-0.5580101744441901,39.34999999999991,-0.6000035190822297,5.1156776,0.18093
2017-06-27,2824.65,2831.0,2765.0,2779.2,2782.49556418076,14428,996,40145846.0,5335.0,36.98,66.0,-45.45,Bajaj Auto,-1.6073072293422141,66.0,-1.6090489087143636,4.0145846,0.14428
2017-06-28,2780.0,2800.35,2772.0,2781.4,2780.894588613961,9942,649,27647654.0,2617.0,26.32,28.35,1.4,Bajaj Auto,0.07915947035119775,28.34999999999991,0.0503597122302191,2.7647654,0.09942
2017-06-29,2779.1,2812.0,2779.0,2802.9,2799.918424283004,8961,705,25090069.0,3294.0,36.76,33.0,23.8,Bajaj Auto,0.7729920184079919,33.0,0.8563923572379614,2.5090069,0.08961
2017-06-30,2802.9,2802.9,2768.0,2790.5,2783.045165950652,26303,2197,73202437.0,14523.0,55.21,34.9,-12.4,Bajaj Auto,-0.44239894395090573,34.90000000000009,-0.44239894395091117,7.3202437,0.26303
2017-07-03,2775.0,2802.0,2752.0,2790.7,2774.155983580676,22169,1345,61500264.0,7742.0,34.92,50.0,15.7,Bajaj Auto,0.007167174341504712,50.0,0.5657657657657592,6.1500264,0.22169
2017-07-04,2790.7,2790.7,2759.0,2771.25,2769.7003840590555,20049,1460,55529723.0,7939.0,39.6,31.7,-19.45,Bajaj Auto,-0.6969577525351989,31.699999999999818,-0.6969577525351998,5.5529723,0.20049
2017-07-05,2771.25,2815.0,2755.45,2771.8,2765.4753323924833,134630,1415,372315944.0,121259.0,90.07,59.55,0.55,Bajaj Auto,0.01984663960308275,59.55000000000018,0.01984663960307377,37.2315944,1.3463
2017-07-06,2747.0,2747.0,2725.05,2729.6,2731.25925220109,26237,1424,71660049.0,17116.0,65.24,21.95,-17.4,Bajaj Auto,-1.5224763691464083,21.949999999999818,-0.6334182744812556,7.1660049,0.26237
2017-07-07,2725.05,2730.2,2695.0,2707.95,2701.254013846657,100963,2692,272726709.0,81145.0,80.37,35.2,-17.1,Bajaj Auto,-0.7931565064478341,35.19999999999982,-0.6275114218087874,27.2726709,1.00963
2017-07-10,2708.0,2736.0,2695.5,2729.5,2723.1136173670766,86140,9244,234569007.0,58110.0,67.46,40.5,21.5,Bajaj Auto,0.7958049446998627,40.5,0.7939438700147711,23.4569007,0.8614
2017-07-11,2730.0,2800.0,2726.0,2793.4,2775.4640641680367,34659,2291,96194809.0,12865.0,37.12,74.0,63.4,Bajaj Auto,2.341088111375722,74.0,2.3223443223443256,9.6194809,0.34659
2017-07-12,2800.0,2815.0,2776.5,2786.0,2791.74429199555,18877,1238,52699757.0,5327.0,28.22,38.5,-14.0,Bajaj Auto,-0.2649101453426006,38.5,-0.5,5.2699757,0.18877
2017-07-13,2798.55,2805.0,2778.45,2790.5,2790.9261909494467,15093,1152,42123449.0,5388.0,35.7,26.55,-8.05,Bajaj Auto,0.16152189519023086,26.550000000000182,-0.28764896106913157,4.2123449,0.15093
2017-07-14,2795.0,2814.1,2772.0,2811.3,2792.9320028422253,64738,1035,180808832.0,53162.0,82.12,42.1,16.3,Bajaj Auto,0.7453861315176447,42.09999999999991,0.5831842576028687,18.0808832,0.64738
2017-07-17,2809.0,2825.5,2801.0,2811.95,2811.858143103779,10426,761,29316433.0,3578.0,34.32,24.5,2.95,Bajaj Auto,0.023120976060875265,24.5,0.10501957992167385,2.9316433,0.10426
2017-07-18,2811.0,2843.05,2811.0,2824.05,2827.540198675497,15100,976,42695857.0,4399.0,29.13,32.05,13.05,Bajaj Auto,0.43030637102368097,32.05000000000018,0.4642475987193234,4.2695857,0.151
2017-07-19,2832.6,2832.95,2802.0,2824.75,2816.6100008091266,12359,999,34810483.0,3772.0,30.52,30.95,-7.85,Bajaj Auto,0.02478709654574196,30.949999999999818,-0.2771305514368393,3.4810483,0.12359
2017-07-20,2817.1,2855.0,2803.2,2818.65,2828.0425434583717,41534,3161,117459919.0,3573.0,8.6,51.8,1.55,Bajaj Auto,-0.21594831401008374,51.80000000000018,0.055021121010975185,11.7459919,0.41534
2017-07-21,2824.9,2838.0,2806.8,2815.0,2819.5396550366227,25394,2214,71599390.0,11227.0,44.21,31.2,-9.9,Bajaj Auto,-0.12949461621698521,31.199999999999818,-0.35045488335870617,7.159939,0.25394
2017-07-24,2815.0,2835.0,2803.55,2826.85,2821.146948114252,13549,1277,38223720.0,4567.0,33.71,31.45,11.85,Bajaj Auto,0.42095914742450447,31.449999999999818,0.4209591474245083,3.822372,0.13549
2017-07-25,2825.1,2860.65,2817.0,2844.95,2845.774851601037,11961,1219,34038313.0,3689.0,30.84,43.65,19.85,Bajaj Auto,0.6402886605231917,43.65000000000009,0.7026299953983898,3.4038313,0.11961
2017-07-26,2844.95,2848.0,2827.0,2838.05,2836.6825540006826,41018,1077,116355045.0,33947.0,82.76,21.0,-6.9,Bajaj Auto,-0.24253501819011536,21.0,-0.24253501819011358,11.6355045,0.41018
2017-07-27,2841.9,2867.45,2833.0,2846.4,2850.8852754486325,12761,928,36380147.0,5887.0,46.13,34.45,4.5,Bajaj Auto,0.2942160990821119,34.44999999999982,0.15834476934445266,3.6380147,0.12761
2017-07-28,2829.0,2835.0,2805.05,2822.75,2819.5955176976518,12092,917,34094549.0,5057.0,41.82,29.95,-6.25,Bajaj Auto,-0.8308740865654918,29.949999999999818,-0.22092612230470132,3.4094549,0.12092
2017-07-31,2834.4,2835.0,2788.5,2807.6,2805.861736064473,11912,814,33423425.0,3210.0,26.95,46.5,-26.8,Bajaj Auto,-0.5367106545035916,46.5,-0.9455263900649231,3.3423425,0.11912
2017-08-01,2810.65,2828.0,2802.0,2823.0,2816.1617246812775,6981,592,19659625.0,2430.0,34.81,26.0,12.35,Bajaj Auto,0.5485111839293344,26.0,0.4394001387579353,1.9659625,0.06981
2017-08-02,2810.0,2815.9,2789.0,2802.05,2799.0089013820566,12807,1160,35846907.0,4740.0,37.01,26.9,-7.95,Bajaj Auto,-0.7421183138505039,26.90000000000009,-0.2829181494661857,3.5846907,0.12807
2017-08-03,2809.5,2839.3,2801.5,2834.75,2824.2300841167735,8084,842,22831076.0,4035.0,49.91,37.8,25.25,Bajaj Auto,1.1670027301439845,37.80000000000018,0.8987364299697456,2.2831076,0.08084
2017-08-04,2855.0,2898.0,2810.5,2873.7,2835.695299051673,63902,1515,181206601.0,47034.0,73.6,87.5,18.7,Bajaj Auto,1.3740188729164826,87.5,0.654991243432568,18.1206601,0.63902
2017-08-07,2899.95,2901.0,2870.0,2890.0,2889.20134604599,8915,668,25757230.0,3529.0,39.58,31.0,-9.95,Bajaj Auto,0.567213000661182,31.0,-0.3431093639545447,2.575723,0.08915
2017-08-08,2900.0,2988.45,2879.85,2913.8,2942.427721630771,81532,6453,239902017.0,11799.0,14.47,108.6,13.8,Bajaj Auto,0.8235294117647118,108.59999999999991,0.4758620689655236,23.9902017,0.81532
2017-08-09,2913.1,2929.45,2811.0,2833.05,2859.278770163473,18474,1367,52822316.0,3755.0,20.33,118.45,-80.05,Bajaj Auto,-2.771295215869307,118.44999999999982,-2.747931756547998,5.2822316,0.18474
2017-08-10,2833.05,2835.0,2761.85,2794.8,2799.3244767728947,157962,2140,442186893.0,136946.0,86.7,73.15,-38.25,Bajaj Auto,-1.3501350135013523,73.15000000000009,-1.3501350135013501,44.2186893,1.57962
2017-08-11,2790.0,2799.8,2755.15,2788.5,2775.460695132713,58924,885,163541246.0,47541.0,80.68,44.65,-1.5,Bajaj Auto,-0.22541863460713296,44.65000000000009,-0.053763440860215055,16.3541246,0.58924
2017-08-14,2828.0,2842.0,2788.3,2833.4,2818.063401747612,9842,996,27735380.0,2989.0,30.37,53.7,5.4,Bajaj Auto,1.610184687107763,53.69999999999982,0.19094766619519415,2.773538,0.09842
2017-08-16,2841.0,2858.7,2815.1,2850.55,2844.6318726407353,6093,522,17332342.0,1483.0,24.34,43.6,9.55,Bajaj Auto,0.6052798757676392,43.59999999999991,0.33614924322422324,1.7332342,0.06093
2017-08-17,2868.0,2868.0,2812.65,2820.7,2829.1862643080126,4805,671,13594240.0,1374.0,28.6,55.35,-47.3,Bajaj Auto,-1.0471663363210704,55.34999999999991,-1.6492329149232976,1.359424,0.04805
2017-08-18,2820.7,2822.4,2795.0,2815.7,2808.2631374075518,5138,556,14428856.0,1473.0,28.67,27.4,-5.0,Bajaj Auto,-0.1772609635905975,27.40000000000009,-0.1772609635905981,1.4428856,0.05138
2017-08-21,2802.0,2820.5,2760.0,2770.6,2785.3837323712687,9147,650,25477905.0,1742.0,19.04,60.5,-31.4,Bajaj Auto,-1.6017331391838585,60.5,-1.1206281227694537,2.5477905,0.09147
2017-08-22,2771.0,2781.5,2731.0,2740.5,2755.3724023275145,6015,454,16573565.0,2247.0,37.36,50.5,-30.5,Bajaj Auto,-1.0864072764022237,50.5,-1.100685673042223,1.6573565,0.06015
2017-08-23,2755.0,2767.0,2740.0,2760.5,2755.841169379144,3318,339,9143881.0,820.0,24.71,27.0,5.5,Bajaj Auto,0.7297938332420983,27.0,0.1996370235934664,0.9143881,0.03318
2017-08-24,2749.65,2750.05,2717.0,2734.45,2732.3426314249486,10253,874,28014709.0,3271.0,31.9,33.05,-15.2,Bajaj Auto,-0.9436696250679333,33.05000000000018,-0.5527976287891285,2.8014709,0.10253
2017-08-28,2743.0,2754.45,2701.0,2739.55,2731.142893791688,11694,884,31937985.0,2645.0,22.62,53.45,-3.45,Bajaj Auto,0.1865091700341992,53.44999999999982,-0.12577469923440826,3.1937985,0.11694
2017-08-29,2740.0,2753.0,2717.0,2732.25,2732.4393249397267,7466,622,20400392.0,2253.0,30.18,36.0,-7.75,Bajaj Auto,-0.26646712051250354,36.0,-0.28284671532846717,2.0400392,0.07466
2017-08-30,2743.0,2765.0,2741.0,2746.95,2751.638861304204,6042,563,16625402.0,2626.0,43.46,24.0,3.95,Bajaj Auto,0.5380181169365894,24.0,0.14400291651475822,1.6625402,0.06042
2017-08-31,2752.0,2820.95,2734.15,2808.45,2789.2308841270756,17407,1330,48552142.0,6840.0,33.745000000000005,86.8,56.45,Bajaj Auto,2.2388467209086382,86.79999999999973,2.0512354651162723,4.8552142,0.17407
2017-09-01,2830.0,2937.2,2830.0,2918.65,2898.018670665971,46008,3544,133332043.0,11054.0,24.03,107.2,88.65,Bajaj Auto,3.923872598764455,107.19999999999982,3.132508833922264,13.3332043,0.46008
2017-09-04,2925.0,2934.85,2893.6,2913.4,2911.747518886091,27004,1648,78628830.0,7945.0,29.42,41.25,-11.6,Bajaj Auto,-0.1798776831754445,41.25,-0.39658119658119345,7.862883,0.27004
2017-09-05,2910.0,2969.95,2908.5,2949.85,2951.6322777428904,22294,2672,65803690.0,6684.0,29.98,61.45,39.85,Bajaj Auto,1.2511155351136116,61.44999999999982,1.3694158075601344,6.580369,0.22294
2017-09-06,2936.8,2942.0,2905.55,2925.8,2927.0753037111,12018,943,35177591.0,3003.0,24.99,36.45,-11.0,Bajaj Auto,-0.8152956930013278,36.44999999999982,-0.3745573413238899,3.5177591,0.12018
2017-09-07,2927.0,2975.0,2905.25,2965.95,2939.608016846997,13771,1041,40481342.0,2499.0,18.15,69.75,38.95,Bajaj Auto,1.3722742497778162,69.75,1.3307140416808958,4.0481342,0.13771
2017-09-08,2968.0,2983.55,2905.55,2913.85,2933.7376454325536,17362,1072,50935553.0,3988.0,22.97,78.0,-54.15,Bajaj Auto,-1.7566041234680307,78.0,-1.8244609164420518,5.0935553,0.17362
2017-09-11,2949.0,2949.0,2912.05,2930.3,2931.482986044733,10462,834,30669175.0,2737.0,26.16,36.95,-18.7,Bajaj Auto,0.564545189354293,36.94999999999982,-0.6341132587317673,3.0669175,0.10462
2017-09-12,2946.1,2950.0,2915.3,2933.4,2927.172118268819,7001,675,20493132.0,2263.0,32.32,34.7,-12.7,Bajaj Auto,0.10579121591645091,34.69999999999982,-0.43107837480057765,2.0493132,0.07001
2017-09-13,2930.0,2970.0,2922.0,2931.25,2943.240885297089,10889,854,32048950.0,1552.0,14.25,48.0,1.25,Bajaj Auto,-0.07329378877752868,48.0,0.042662116040955635,3.204895,0.10889
2017-09-14,2954.9,2955.0,2916.7,2928.65,2932.826975850713,7288,703,21374443.0,1725.0,23.67,38.3,-26.25,Bajaj Auto,-0.088699360341149,38.30000000000018,-0.8883549358692341,2.1374443,0.07288
2017-09-15,2918.95,3033.45,2904.0,3022.05,2985.3438354635264,35834,2455,106976811.0,9728.0,27.15,129.45,103.1,Bajaj Auto,3.1891827292438446,129.44999999999982,3.5320920193905465,10.6976811,0.35834
2017-09-18,3036.8,3142.9,3036.8,3129.8,3107.5006120209355,47384,2899,147245809.0,7608.0,16.06,106.1,93.0,Bajaj Auto,3.5654605317582355,106.09999999999991,3.062434141201264,14.7245809,0.47384
2017-09-19,3145.0,3152.75,3110.1,3115.6,3128.7946257197696,10420,789,32602040.0,2095.0,20.11,42.65,-29.4,Bajaj Auto,-0.45370311201994307,42.65000000000009,-0.9348171701112906,3.260204,0.1042
2017-09-20,3115.6,3120.5,3077.3,3088.1,3095.845192982456,7125,590,22057897.0,1589.0,22.3,43.2,-27.5,Bajaj Auto,-0.8826550263191679,43.19999999999982,-0.8826550263191681,2.2057897,0.07125
2017-09-21,3088.1,3135.0,3071.4,3078.1,3093.7621060258425,16562,1282,51238888.0,2440.0,14.73,63.6,-10.0,Bajaj Auto,-0.32382371037207314,63.59999999999991,-0.3238237103720734,5.1238888,0.16562
2017-09-22,3070.0,3080.0,3010.0,3039.4,3039.4921460296823,9231,697,28057552.0,2024.0,21.93,70.0,-30.6,Bajaj Auto,-1.2572690945713227,70.0,-0.9967426710097691,2.8057552,0.09231
2017-09-25,3050.0,3181.0,3004.8,3038.6,3028.681791357944,15251,1017,46190426.0,1962.0,12.86,176.2,-11.4,Bajaj Auto,-0.02632098440482622,176.19999999999982,-0.37377049180328165,4.6190426,0.15251
2017-09-26,3038.0,3054.95,3020.65,3036.4,3050.6849359899893,51945,702,158467829.0,43700.0,84.13,34.3,-1.6,Bajaj Auto,-0.07240176397024234,34.29999999999973,-0.05266622778143216,15.8467829,0.51945
2017-09-27,3066.0,3066.0,3007.0,3027.8,3033.1586708800155,10443,857,31675276.0,1093.0,10.47,59.0,-38.2,Bajaj Auto,-0.283230140956392,59.0,-1.2459230267449386,3.1675276,0.10443
2017-09-28,3025.0,3055.4,3020.65,3034.1,3032.32153752288,8195,585,24849875.0,1317.0,16.07,34.75,9.1,Bajaj Auto,0.2080718673624249,34.75,0.3008264462809887,2.4849875,0.08195
2017-09-29,3066.0,3137.95,3054.45,3108.15,3102.7568172199044,16539,1187,51316495.0,2240.0,13.54,83.5,42.15,Bajaj Auto,2.4405919383013064,83.5,1.3747553816046996,5.1316495,0.16539
2017-10-03,3171.6,3208.4,3150.0,3163.8,3185.49603591556,31407,2253,100046874.0,8165.0,26.0,58.4,-7.8,Bajaj Auto,1.7904541286617448,58.40000000000009,-0.24593265228905684,10.0046874,0.31407
2017-10-04,3177.0,3207.25,3132.0,3169.75,3175.1016925734025,14475,1029,45959597.0,2599.0,17.96,75.25,-7.25,Bajaj Auto,0.1880649851444316,75.25,-0.22820270695624803,4.5959597,0.14475
2017-10-05,3187.95,3189.9,3121.0,3130.8,3152.8423587696966,14533,1142,45820258.0,4705.0,32.37,68.9,-57.15,Bajaj Auto,-1.228803533401679,68.90000000000009,-1.7926880910930107,4.5820258,0.14533
2017-10-06,3154.0,3154.0,3135.0,3146.3,3143.2450351820526,92803,443,291702569.0,87973.0,94.8,19.0,-7.7,Bajaj Auto,0.49508112942378,19.0,-0.2441344324667032,29.1702569,0.92803
2017-10-09,3145.0,3152.0,3120.0,3128.15,3136.282518012893,10548,827,33081508.0,3322.0,31.49,32.0,-16.85,Bajaj Auto,-0.5768680672535997,32.0,-0.535771065182827,3.3081508,0.10548
2017-10-10,3130.0,3138.75,3110.0,3134.9,3129.8827991817247,11732,816,36719785.0,3950.0,33.67,28.75,4.9,Bajaj Auto,0.2157824912488282,28.75,0.15654952076677606,3.6719785,0.11732
2017-10-11,3135.0,3214.0,3107.5,3142.25,3169.1341221823636,18677,1337,59189918.0,4083.0,21.86,106.5,7.25,Bajaj Auto,0.23445723946537989,106.5,0.23125996810207336,5.9189918,0.18677
2017-10-12,3152.1,3170.0,3122.0,3154.1,3145.3053685765885,12182,836,38316110.0,3988.0,32.74,48.0,2.0,Bajaj Auto,0.3771183069456674,48.0,0.06344976364963041,3.831611,0.12182
2017-10-13,3140.0,3177.0,3140.0,3164.7,3163.2339739615622,8065,636,25511482.0,1545.0,19.16,37.0,24.7,Bajaj Auto,0.3360705113978568,37.0,0.7866242038216502,2.5511482,0.08065
2017-10-16,3169.0,3232.0,3169.0,3221.8,3208.016712517194,14540,1110,46644563.0,3517.0,24.19,63.0,52.8,Bajaj Auto,1.8042784466142159,63.0,1.6661407384032874,4.6644563,0.1454
2017-10-17,3230.0,3310.2,3221.0,3263.7,3272.336737091709,46811,3496,153181355.0,4444.0,9.49,89.2,33.7,Bajaj Auto,1.3005152399279796,89.19999999999982,1.0433436532507683,15.3181355,0.46811
2017-10-18,3263.0,3264.25,3212.1,3231.85,3240.78717516031,14815,901,48012262.0,4170.0,28.15,52.15,-31.15,Bajaj Auto,-0.975886264056125,52.15000000000009,-0.9546429665951607,4.8012262,0.14815
2017-10-19,3249.0,3249.0,3202.0,3215.2,3225.1805816135084,4264,346,13752170.0,2444.0,57.32,47.0,-33.8,Bajaj Auto,-0.515184801274815,47.0,-1.0403200984918493,1.375217,0.04264
2017-10-23,3184.0,3225.0,3162.15,3215.85,3184.010048117747,14132,990,44996430.0,3295.0,23.32,62.85,31.85,Bajaj Auto,0.02021647175913799,62.84999999999991,1.000314070351756,4.499643,0.14132
2017-10-24,3235.0,3235.0,3196.0,3214.85,3214.344514959202,5515,469,17727110.0,1021.0,18.51,39.0,-20.15,Bajaj Auto,-0.03109597773528483,39.0,-0.622874806800621,1.772711,0.05515
2017-10-25,3215.45,3250.0,3215.45,3233.5,3232.1382196297236,7886,624,25488642.0,2165.0,27.45,34.55,18.05,Bajaj Auto,0.580120378866833,34.55000000000018,0.5613522213065102,2.5488642,0.07886
2017-10-26,3230.0,3300.0,3218.05,3278.9,3264.788035253272,11233,928,36673364.0,3476.0,30.94,81.95,48.9,Bajaj Auto,1.4040513375599195,81.94999999999982,1.5139318885448945,3.6673364,0.11233
2017-10-27,3299.0,3337.4,3269.6,3289.6,3309.358649789029,14694,1076,48627716.0,3320.0,22.59,67.8,-9.4,Bajaj Auto,0.32632895178259513,67.80000000000018,-0.28493482873598336,4.8627716,0.14694
2017-10-30,3295.0,3322.0,3265.3,3274.75,3292.5465474722564,9732,646,32043063.0,2021.0,20.77,56.7,-20.25,Bajaj Auto,-0.4514226653696496,56.69999999999982,-0.6145675265553869,3.2043063,0.09732
2017-10-31,3280.0,3295.0,3211.0,3260.0,3274.487815619495,6812,549,22305811.0,1196.0,17.56,84.0,-20.0,Bajaj Auto,-0.4504160622948339,84.0,-0.6097560975609756,2.2305811,0.06812
2017-11-01,3273.0,3292.0,3231.05,3240.5,3259.8293339668962,12627,796,41161865.0,2724.0,21.57,60.95,-32.5,Bajaj Auto,-0.5981595092024561,60.94999999999982,-0.9929728078215704,4.1161865,0.12627
2017-11-02,3277.0,3277.0,3214.95,3238.5,3256.344420735534,7967,648,25943296.0,1785.0,22.4,62.05,-38.5,Bajaj Auto,-0.06171887054466918,62.05000000000018,-1.1748550503509307,2.5943296,0.07967
2017-11-03,3239.7,3255.45,3211.0,3223.1,3233.4324324324325,6364,525,20577564.0,1995.0,31.35,44.45,-16.6,Bajaj Auto,-0.47552879419484606,44.44999999999982,-0.5123931228200114,2.0577564,0.06364
2017-11-06,3220.0,3245.0,3201.55,3212.35,3226.914547537228,8730,636,28170964.0,2882.0,33.01,43.45,-7.65,Bajaj Auto,-0.3335298315286561,43.44999999999982,-0.2375776397515556,2.8170964,0.0873
2017-11-07,3230.0,3232.0,3150.0,3163.25,3175.6370685889037,9156,782,29076133.0,3252.0,35.52,82.0,-66.75,Bajaj Auto,-1.5284760377916484,82.0,-2.06656346749226,2.9076133,0.09156
2017-11-08,3167.1,3209.6,3161.0,3190.1,3188.2177982469166,6731,519,21459894.0,1661.0,24.68,48.6,23.0,Bajaj Auto,0.8488105587607597,48.59999999999991,0.7262164124909223,2.1459894,0.06731
2017-11-09,3190.1,3215.5,3168.0,3199.95,3200.714074621352,8121,862,25992999.0,2555.0,31.46,47.5,9.85,Bajaj Auto,0.3087677502272568,47.5,0.30876775022726277,2.5992999,0.08121
2017-11-10,3198.0,3265.0,3180.55,3248.25,3237.3294637556887,15161,999,49081152.0,3551.0,23.42,84.45,50.25,Bajaj Auto,1.5093985843528834,84.44999999999982,1.571294559099437,4.9081152,0.15161
2017-11-13,3248.3,3277.0,3200.0,3211.6,3243.266022380468,7864,589,25505044.0,1776.0,22.58,77.0,-36.7,Bajaj Auto,-1.1282998537674116,77.0,-1.1298217529169188,2.5505044,0.07864
2017-11-14,3223.0,3280.0,3200.05,3266.4,3257.32011061314,10487,718,34159516.0,1872.0,17.85,79.95,43.4,Bajaj Auto,1.706314609540427,79.94999999999982,1.3465715172199844,3.4159516,0.10487
2017-11-15,3266.0,3279.15,3206.5,3212.35,3236.4617707618395,7285,556,23577624.0,815.0,11.19,72.65,-53.65,Bajaj Auto,-1.6547269164829848,72.65000000000009,-1.642682180036745,2.3577624,0.07285
2017-11-16,3231.9,3245.35,3186.6,3209.6,3212.709863744076,6752,529,21692217.0,864.0,12.8,58.75,-22.3,Bajaj Auto,-0.08560711005961563,58.75,-0.6899965964293505,2.1692217,0.06752
2017-11-17,3219.95,3238.05,3196.05,3212.05,3219.5606355382615,6168,609,19858250.0,1885.0,30.56,42.0,-7.9,Bajaj Auto,0.07633349950151302,42.0,-0.2453454246183834,1.985825,0.06168
2017-11-20,3214.8,3251.05,3202.65,3242.85,3237.262542102464,5641,450,18261398.0,1081.0,19.16,48.4,28.05,Bajaj Auto,0.9588891829205526,48.40000000000009,0.8725270623366843,1.8261398,0.05641
2017-11-21,3250.0,3300.55,3250.0,3292.95,3279.1288359117425,7886,648,25859210.0,1814.0,23.0,50.55,42.95,Bajaj Auto,1.544937323650486,50.55000000000018,1.321538461538456,2.585921,0.07886
2017-11-22,3306.0,3344.45,3302.55,3312.2,3328.903328050713,11358,756,37809684.0,2381.0,20.96,41.9,6.2,Bajaj Auto,0.58458221351676,41.899999999999636,0.18753781004234174,3.7809684,0.11358
2017-11-23,3313.0,3331.15,3246.05,3261.85,3273.6471520917185,8199,562,26840633.0,2170.0,26.47,85.1,-51.15,Bajaj Auto,-1.520137672845845,85.09999999999991,-1.5439178991850315,2.6840633,0.08199
2017-11-24,3301.1,3327.45,3284.05,3293.1,3299.3234707158354,11525,982,38024703.0,3132.0,27.18,43.4,-8.0,Bajaj Auto,0.9580452810521667,43.399999999999636,-0.2423434612704856,3.8024703,0.11525
2017-11-27,3302.7,3302.7,3260.55,3272.35,3272.4138927539334,9343,580,30574163.0,2930.0,31.36,42.15,-30.35,Bajaj Auto,-0.6301053718380856,42.149999999999636,-0.9189451055197235,3.0574163,0.09343
2017-11-28,3270.0,3308.0,3260.55,3292.6,3290.987972299842,8231,480,27088122.0,1968.0,23.91,47.45,22.6,Bajaj Auto,0.6188213363484962,47.44999999999982,0.6911314984709452,2.7088122,0.08231
2017-11-29,3300.0,3329.4,3295.0,3315.5,3316.067731541784,14587,1013,48371480.0,1884.0,12.92,34.4,15.5,Bajaj Auto,0.6954989977525416,34.40000000000009,0.46969696969696967,4.837148,0.14587
2017-11-30,3313.75,3371.5,3290.0,3311.7,3333.844549690627,26182,1902,87286718.0,5801.0,22.16,81.5,-2.05,Bajaj Auto,-0.11461318051576574,81.5,-0.06186344775556943,8.7286718,0.26182
2017-12-01,3344.0,3344.0,3202.1,3212.65,3276.804304160689,27880,2521,91357304.0,6908.0,24.78,141.9,-131.35,Bajaj Auto,-2.9909110124709315,141.9000000000001,-3.9279306220095664,9.1357304,0.2788
2017-12-04,3218.8,3249.95,3183.55,3199.95,3203.241298488222,8533,733,27333258.0,2517.0,29.5,66.4,-18.85,Bajaj Auto,-0.3953122811386378,66.39999999999964,-0.5856219709208513,2.7333258,0.08533
2017-12-05,3200.2,3200.2,3148.5,3160.85,3167.7498916811087,9232,690,29244667.0,2797.0,30.3,51.7,-39.35,Bajaj Auto,-1.2218940920951882,51.69999999999982,-1.2296106493344137,2.9244667,0.09232
2017-12-06,3160.0,3160.0,3102.1,3108.6,3118.6182032027505,11053,899,34470087.0,3141.0,28.42,57.9,-51.4,Bajaj Auto,-1.6530363668000647,57.90000000000009,-1.6265822784810158,3.4470087,0.11053
2017-12-07,3115.0,3209.4,3106.5,3195.85,3178.1500765696783,17631,1237,56033964.0,3393.0,19.24,102.9,80.85,Bajaj Auto,2.806729717557732,102.90000000000009,2.595505617977525,5.6033964,0.17631
2017-12-08,3222.0,3250.0,3204.25,3215.3,3218.3139698710306,27681,1702,89086149.0,11989.0,43.31,45.75,-6.7,Bajaj Auto,0.6086017804340038,45.75,-0.20794537554313527,8.9086149,0.27681
2017-12-11,3210.0,3235.6,3180.0,3211.9,3206.8732227488154,5908,597,18946207.0,1979.0,33.5,55.6,1.9,Bajaj Auto,-0.1057444095418858,55.59999999999991,0.059190031152650806,1.8946207,0.05908
2017-12-12,3211.0,3211.0,3156.1,3168.65,3175.6926766411334,13969,1612,44361251.0,7675.0,54.94,54.9,-42.35,Bajaj Auto,-1.3465549985989589,54.90000000000009,-1.3189037682964782,4.4361251,0.13969
2017-12-13,3171.0,3191.95,3140.0,3149.35,3165.1641688436684,7273,643,23020239.0,1566.0,21.53,51.95,-21.65,Bajaj Auto,-0.6090922001483312,51.94999999999982,-0.68274992116052,2.3020239,0.07273
2017-12-14,3150.0,3172.4,3133.0,3151.4,3152.604311611955,10205,665,32172327.0,3990.0,39.1,39.4,1.4,Bajaj Auto,0.06509279692634706,39.40000000000009,0.04444444444444733,3.2172327,0.10205
2017-12-15,3184.0,3259.9,3168.8,3205.3,3225.309680777238,17292,2410,55772055.0,4739.0,27.41,91.1,21.3,Bajaj Auto,1.710350955131057,91.09999999999991,0.6689698492462368,5.5772055,0.17292
2017-12-18,3199.0,3242.55,3094.55,3227.4,3200.5384028307776,28826,2698,92258720.0,7397.0,25.66,148.0,28.4,Bajaj Auto,0.6894830437088606,148.0,0.8877774304470174,9.225872,0.28826
2017-12-19,3264.7,3330.7,3227.55,3319.9,3288.681186868687,14256,1045,46883439.0,3797.0,26.63,103.15,55.2,Bajaj Auto,2.866084154427706,103.14999999999964,1.690813857322274,4.6883439,0.14256
2017-12-20,3320.0,3340.7,3274.5,3301.15,3309.5284444957306,17332,1101,57360747.0,4842.0,27.94,66.2,-18.85,Bajaj Auto,-0.5647760474713048,66.19999999999982,-0.5677710843373467,5.7360747,0.17332
2017-12-21,3300.0,3330.0,3265.45,3285.55,3293.8589897775105,9978,674,32866125.0,2114.0,21.19,64.55,-14.45,Bajaj Auto,-0.472562591824055,64.55000000000018,-0.4378787878787824,3.2866125,0.09978
2017-12-22,3263.5,3359.5,3260.0,3326.45,3296.6065067435397,9713,736,32019939.0,2058.0,21.19,99.5,62.95,Bajaj Auto,1.244844850938187,99.5,1.928910678719161,3.2019939,0.09713
2017-12-26,3345.0,3381.0,3316.0,3362.9,3354.106238517453,12519,975,41990056.0,1928.0,15.4,65.0,17.9,Bajaj Auto,1.0957627500789213,65.0,0.5351270553064302,4.1990056,0.12519
2017-12-27,3363.0,3379.55,3321.65,3335.45,3352.875900234708,2016974,1002,6762663516.0,2006125.0,99.46,57.9,-27.55,Bajaj Auto,-0.8162597757887635,57.90000000000009,-0.8192090395480279,676.2663516,20.16974
2017-12-28,3330.0,3339.75,3285.0,3301.45,3315.8467977677383,15052,1088,49910126.0,2324.0,15.44,54.75,-28.55,Bajaj Auto,-1.0193527110284983,54.75,-0.8573573573573628,4.9910126,0.15052
2017-12-29,3333.0,3333.6,3289.55,3323.2,3311.655223603637,10778,654,35693020.0,1601.0,14.85,44.05,-9.8,Bajaj Auto,0.6588014357327809,44.04999999999973,-0.2940294029402995,3.569302,0.10778
2018-01-01,3326.6,3348.05,3285.0,3293.4,3309.122909698997,8372,608,27703977.0,1549.0,18.5,63.05,-33.2,Bajaj Auto,-0.8967260471834271,63.05000000000018,-0.9980159923044496,2.7703977,0.08372
2018-01-02,3314.85,3344.5,3285.25,3294.15,3310.78136380761,15926,1243,52727504.0,3409.0,21.41,59.25,-20.7,Bajaj Auto,0.022772818364003022,59.25,-0.6244626453685632,5.2727504,0.15926
2018-01-03,3299.65,3306.4,3240.0,3247.45,3261.4037597540787,8458,644,27584953.0,2221.0,26.26,66.4,-52.2,Bajaj Auto,-1.4176646479365007,66.40000000000009,-1.5819859682087576,2.7584953,0.08458
2018-01-04,3243.0,3273.0,3221.0,3262.75,3243.430562347188,8180,926,26531262.0,2340.0,28.61,52.0,19.75,Bajaj Auto,0.47113889359344796,52.0,0.609004008633981,2.6531262,0.0818
2018-01-05,3272.7,3292.0,3247.0,3277.55,3277.5006264682847,12770,1292,41853683.0,8064.0,63.15,45.0,4.85,Bajaj Auto,0.45360508773275576,45.0,0.14819567940845066,4.1853683,0.1277
2018-01-08,3316.0,3316.0,3266.65,3275.35,3277.817271113365,7886,828,25848867.0,3630.0,46.03,49.35,-40.65,Bajaj Auto,-0.06712330856890603,49.34999999999991,-1.225874547647771,2.5848867,0.07886
2018-01-09,3276.0,3292.95,3231.0,3240.95,3247.088717454195,11407,1121,37039541.0,4228.0,37.06,61.95,-35.05,Bajaj Auto,-1.0502694368540788,61.94999999999982,-1.0699023199023254,3.7039541,0.11407
2018-01-10,3238.55,3240.55,3203.0,3205.35,3215.859568307449,7598,790,24434101.0,2720.0,35.8,37.55,-33.2,Bajaj Auto,-1.0984433576574748,37.55000000000018,-1.025150144354735,2.4434101,0.07598
2018-01-11,3328.0,3328.0,3185.0,3202.0,3208.1979241231206,8382,631,26891115.0,1796.0,21.43,143.0,-126.0,Bajaj Auto,-0.10451276771646922,143.0,-3.786057692307692,2.6891115,0.08382
2018-01-12,3205.0,3214.7,3154.0,3175.1,3176.6542883136217,12091,858,38408927.0,2959.0,24.47,60.7,-29.9,Bajaj Auto,-0.8400999375390406,60.69999999999982,-0.9329173166926705,3.8408927,0.12091
2018-01-15,3175.1,3184.95,3155.0,3163.3,3168.0456725755994,9590,966,30381558.0,3288.0,34.29,29.95,-11.8,Bajaj Auto,-0.37164183805233897,29.949999999999818,-0.37164183805233625,3.0381558,0.0959
2018-01-16,3164.0,3200.0,3145.0,3160.0,3161.638204142844,10669,1125,33731518.0,3403.0,31.9,55.0,-4.0,Bajaj Auto,-0.10432143647457481,55.0,-0.12642225031605564,3.3731518,0.10669
2018-01-17,3189.0,3212.9,3152.45,3184.9,3185.8872611464967,9420,849,30011058.0,2295.0,24.36,60.45,-4.1,Bajaj Auto,0.7879746835443013,60.45000000000027,-0.1285669488867955,3.0011058,0.0942
2018-01-18,3219.75,3237.15,3187.8,3195.4,3215.0461945386132,26843,1797,86301485.0,10568.0,39.37,49.35,-24.35,Bajaj Auto,0.32968068071210777,49.34999999999991,-0.7562698967311098,8.6301485,0.26843
2018-01-19,3227.9,3227.9,3173.35,3208.05,3193.473296062805,8407,700,26847530.0,3511.0,41.76,54.55,-19.85,Bajaj Auto,0.3958815797709292,54.55000000000018,-0.6149508968679299,2.684753,0.08407
2018-01-22,3207.0,3281.2,3207.0,3272.1,3252.5560312732687,10744,920,34945462.0,2010.0,18.71,74.2,65.1,Bajaj Auto,1.9965399541777673,74.19999999999982,2.029934518241344,3.4945462,0.10744
2018-01-23,3299.0,3322.0,3272.1,3294.3,3290.4970333181195,10955,843,36047395.0,2897.0,26.44,49.9,-4.7,Bajaj Auto,0.6784633721463429,49.90000000000009,-0.1424674143679848,3.6047395,0.10955
2018-01-24,3285.0,3349.3,3283.2,3335.6,3323.6558200741715,16718,1233,55564878.0,4140.0,24.76,66.1,50.6,Bajaj Auto,1.2536805998239364,66.10000000000036,1.5403348554033458,5.5564878,0.16718
2018-01-25,3335.5,3337.0,3291.0,3303.2,3313.629152437132,19326,875,64039197.0,12382.0,64.07,46.0,-32.3,Bajaj Auto,-0.9713394891473826,46.0,-0.9683705591365668,6.4039197,0.19326
2018-01-29,3306.9,3378.2,3296.85,3362.1,3349.1205854820864,11751,1024,39355516.0,3314.0,28.2,81.35,55.2,Bajaj Auto,1.7831193993703032,81.34999999999991,1.6692370498049478,3.9355516,0.11751
2018-01-30,3367.0,3402.4,3344.0,3351.4,3370.9688130125014,14878,1003,50153274.0,3654.0,24.56,58.4,-15.6,Bajaj Auto,-0.3182534725320485,58.40000000000009,-0.4633204633204606,5.0153274,0.14878
2018-01-31,3352.0,3379.15,3306.05,3338.8,3368.647668117616,56285,1089,189604334.0,46191.0,82.07,73.1,-13.2,Bajaj Auto,-0.3759622844184518,73.09999999999991,-0.3937947494033358,18.9604334,0.56285
2018-02-01,3325.0,3418.25,3297.85,3409.5,3372.843398678041,35402,2712,119405402.0,13399.0,37.85,120.4,84.5,Bajaj Auto,2.117527255301299,120.40000000000009,2.5413533834586466,11.9405402,0.35402
2018-02-02,3413.0,3472.6,3172.0,3242.6,3311.4868168473354,70848,5167,234612218.0,14165.0,19.99,300.6,-170.4,Bajaj Auto,-4.89514591582344,300.5999999999999,-4.992675065924409,23.4612218,0.70848
2018-02-05,3205.0,3239.0,3142.35,3177.8,3180.371598721797,20654,1627,65687395.0,4969.0,24.06,96.65,-27.2,Bajaj Auto,-1.9983963486091327,96.65000000000009,-0.8486739469578727,6.5687395,0.20654
2018-02-06,3101.0,3165.0,3029.25,3138.2,3114.428370852249,21367,1508,66545991.0,3792.0,17.75,135.75,37.2,Bajaj Auto,-1.2461451318522387,135.75,1.19961302805546,6.6545991,0.21367
2018-02-07,3188.0,3193.95,3128.7,3137.3,3151.605638041733,9968,790,31415205.0,1905.0,19.11,65.25,-50.7,Bajaj Auto,-0.02867886049326973,65.25,-1.5903387703889529,3.1415205,0.09968
2018-02-08,3180.0,3188.5,3139.0,3152.4,3160.1117447088495,9119,582,28817059.0,1705.0,18.7,49.5,-27.6,Bajaj Auto,0.48130558123227196,49.5,-0.8679245283018839,2.8817059,0.09119
2018-02-09,3140.0,3140.4,3095.15,3103.5,3116.862048461424,6727,564,20967131.0,2458.0,36.54,45.25,-36.5,Bajaj Auto,-1.5511990864103598,45.25,-1.162420382165605,2.0967131,0.06727
2018-02-12,3124.75,3160.0,3108.0,3143.35,3133.8937519492674,9619,729,30144924.0,2250.0,23.39,52.0,18.6,Bajaj Auto,1.2840341549863021,52.0,0.5952476198095819,3.0144924,0.09619
2018-02-14,3187.0,3187.0,3100.0,3110.85,3126.96046745184,10953,749,34249598.0,2603.0,23.77,87.0,-76.15,Bajaj Auto,-1.0339287702610278,87.0,-2.389394414810169,3.4249598,0.10953
2018-02-15,3158.0,3164.0,3099.65,3140.6,3134.5181945962827,6403,514,20070320.0,1626.0,25.39,64.35,-17.4,Bajaj Auto,0.9563302634328252,64.34999999999991,-0.550981633945538,2.007032,0.06403
2018-02-16,3169.0,3169.0,3096.4,3102.95,3116.871042147201,9538,702,29728716.0,2723.0,28.55,72.6,-66.05,Bajaj Auto,-1.1988155129593059,72.59999999999991,-2.0842537077942627,2.9728716,0.09538
2018-02-19,3081.0,3111.55,3014.6,3039.85,3064.202489303773,12855,926,39390323.0,1738.0,13.52,96.95,-41.15,Bajaj Auto,-2.0335487197666757,96.95000000000027,-1.335605322947098,3.9390323,0.12855
2018-02-20,3035.6,3067.35,3015.6,3049.65,3054.923417576544,13097,542,40010332.0,7446.0,56.85,51.75,14.05,Bajaj Auto,0.3223843281740857,51.75,0.4628409540123924,4.0010332,0.13097
2018-02-21,3055.0,3075.6,3000.0,3008.25,3026.315007656968,13060,957,39523674.0,4441.0,34.0,75.6,-46.75,Bajaj Auto,-1.357532831636421,75.59999999999991,-1.530278232405892,3.9523674,0.1306
2018-02-22,3044.0,3044.0,2956.35,2971.0,2987.6566051136365,8448,863,25239723.0,2940.0,34.8,87.65,-73.0,Bajaj Auto,-1.2382614476855291,87.65000000000009,-2.3981603153745072,2.5239723,0.08448
2018-02-23,2975.0,3004.0,2960.05,2988.0,2983.9044844185455,27629,1423,82442297.0,11603.0,42.0,43.95,13.0,Bajaj Auto,0.5721979131605437,43.94999999999982,0.4369747899159664,8.2442297,0.27629
2018-02-26,3024.0,3043.75,3000.6,3007.2,3016.2873664500494,9079,650,27384873.0,2880.0,31.72,43.15,-16.8,Bajaj Auto,0.6425702811244882,43.15000000000009,-0.5555555555555616,2.7384873,0.09079
2018-02-27,3010.0,3057.0,3010.0,3033.85,3037.793201568869,13003,1288,39500425.0,3936.0,30.27,47.0,23.85,Bajaj Auto,0.8862064378824197,47.0,0.7923588039867079,3.9500425,0.13003
2018-02-28,3010.0,3052.7,2994.0,3018.8,3026.71188949186,8108,715,24540580.0,2631.0,32.45,58.7,8.8,Bajaj Auto,-0.49606935082484593,58.69999999999982,0.292358803986717,2.454058,0.08108
2018-03-01,3049.6,3077.4,3017.65,3025.0,3049.649568531254,22829,1799,69620450.0,4950.0,21.68,59.75,-24.6,Bajaj Auto,0.20537962104145713,59.75,-0.806663168940186,6.962045,0.22829
2018-03-05,3025.0,3025.0,2929.0,2942.1,2955.386826893824,19722,1576,58286139.0,5456.0,27.66,96.0,-82.9,Bajaj Auto,-2.7404958677685998,96.0,-2.740495867768598,5.8286139,0.19722
2018-03-06,2960.0,2976.0,2886.95,2899.9,2942.366055456172,13416,1085,39474783.0,3379.0,25.19,89.05,-60.1,Bajaj Auto,-1.434349614221131,89.05000000000018,-2.030405405405402,3.9474783,0.13416
2018-03-07,2892.0,2939.95,2876.1,2910.45,2914.874296435272,12792,1070,37287072.0,2962.0,23.16,63.85,18.45,Bajaj Auto,0.3638056484706276,63.84999999999991,0.6379668049792468,3.7287072,0.12792
2018-03-08,2940.4,2947.85,2893.1,2924.65,2919.1958687727824,8230,630,24024982.0,2243.0,27.25,54.75,-15.75,Bajaj Auto,0.4878970605920241,54.75,-0.5356414093320636,2.4024982,0.0823
2018-03-09,2912.0,2965.2,2912.0,2938.05,2940.6760959160733,16014,1138,47091987.0,8089.0,50.51,53.2,26.05,Bajaj Auto,0.45817448241669556,53.19999999999982,0.894574175824182,4.7091987,0.16014
2018-03-12,2966.6,2972.8,2933.15,2960.05,2958.7251273046527,28475,1025,84249698.0,18330.0,64.37,39.65,-6.55,Bajaj Auto,0.7487959701162339,39.65000000000009,-0.22079147846018093,8.4249698,0.28475
2018-03-13,2975.0,3001.0,2960.0,2974.15,2980.410759672409,14164,1139,42214538.0,3323.0,23.46,41.0,-0.85,Bajaj Auto,0.4763433050117394,41.0,-0.028571428571425517,4.2214538,0.14164
2018-03-14,2967.0,2967.0,2935.65,2948.85,2947.8549651567946,11480,959,33841375.0,3738.0,32.56,31.35,-18.15,Bajaj Auto,-0.8506632147000093,31.34999999999991,-0.6117290192113277,3.3841375,0.1148
2018-03-15,2946.0,2971.5,2935.0,2949.1,2960.5881687307474,15907,561,47094076.0,3989.0,25.08,36.5,3.1,Bajaj Auto,0.008477881207924476,36.5,0.10522742701968461,4.7094076,0.15907
2018-03-16,2949.1,2954.95,2892.65,2912.2,2923.173975705168,9714,897,28395712.0,3068.0,31.58,62.3,-36.9,Bajaj Auto,-1.2512291885660054,62.29999999999973,-1.2512291885660063,2.8395712,0.09714
2018-03-19,2912.0,2924.8,2844.0,2853.8,2870.464832277013,12938,725,37138074.0,7150.0,55.26,80.8,-58.2,Bajaj Auto,-2.005356774946765,80.80000000000018,-1.9986263736263672,3.7138074,0.12938
2018-03-20,2855.0,2886.45,2837.95,2873.55,2876.868759996633,11879,740,34174324.0,4333.0,36.48,48.5,18.55,Bajaj Auto,0.6920597098605263,48.5,0.6497373029772393,3.4174324,0.11879
2018-03-21,2875.0,2888.15,2840.0,2853.6,2872.712916765661,12627,1319,36273746.0,4971.0,39.37,48.15,-21.4,Bajaj Auto,-0.6942631936107002,48.15000000000009,-0.7443478260869597,3.6273746,0.12627
2018-03-22,2854.0,2880.0,2768.25,2842.05,2838.851254660889,19846,1852,56339842.0,4319.0,21.76,111.75,-11.95,Bajaj Auto,-0.4047518923464999,111.75,-0.41871058163979746,5.6339842,0.19846
2018-03-23,2813.9,2814.0,2748.0,2789.75,2769.178353093738,21592,2602,59792099.0,7499.0,34.73,66.0,-24.15,Bajaj Auto,-1.8402209672595538,66.0,-0.8582394541383878,5.9792099,0.21592
2018-03-26,2771.0,2858.0,2735.15,2839.15,2806.171967455621,21632,1533,60703112.0,5750.0,26.58,122.85,68.15,Bajaj Auto,1.7707679899632511,122.84999999999991,2.4594009382894297,6.0703112,0.21632
2018-03-27,2850.0,2852.0,2796.05,2803.2,2814.462097930752,19524,2428,54949558.0,8383.0,42.94,55.95,-46.8,Bajaj Auto,-1.266224045929254,55.94999999999982,-1.642105263157901,5.4949558,0.19524
2018-03-28,2775.0,2796.1,2737.5,2748.9,2766.749425452456,13924,1495,38524219.0,5016.0,36.02,58.6,-26.1,Bajaj Auto,-1.9370719178082085,58.59999999999991,-0.9405405405405373,3.8524219,0.13924
2018-04-02,2765.0,2820.0,2750.05,2808.6,2791.964075630252,14280,1053,39869247.0,2616.0,18.32,69.95,43.6,Bajaj Auto,2.171777802029906,69.94999999999982,1.5768535262206114,3.9869247,0.1428
2018-04-03,2785.0,2824.35,2781.0,2791.75,2800.50468103636,9186,751,25725436.0,2330.0,25.36,43.35,6.75,Bajaj Auto,-0.5999430321156463,43.34999999999991,0.24236983842010773,2.5725436,0.09186
2018-04-04,2790.0,2815.35,2747.0,2766.35,2779.235811595088,16369,1539,45493311.0,5607.0,34.25,68.35,-23.65,Bajaj Auto,-0.9098235873556071,68.34999999999991,-0.8476702508960605,4.5493311,0.16369
2018-04-05,2790.0,2827.0,2775.0,2810.55,2798.4926252000914,17492,1315,48951233.0,9364.0,53.53,52.0,20.55,Bajaj Auto,1.597773239105682,52.0,0.7365591397849528,4.8951233,0.17492
2018-04-06,2815.0,2823.65,2776.0,2783.05,2786.5526697811915,37887,1315,105574121.0,25562.0,67.47,47.65,-31.95,Bajaj Auto,-0.9784561740584619,47.65000000000009,-1.1349911190053221,10.5574121,0.37887
2018-04-09,2785.0,2804.4,2760.65,2770.45,2784.55809976247,10525,809,29307474.0,4734.0,44.98,43.75,-14.55,Bajaj Auto,-0.4527406981549187,43.75,-0.522441651705572,2.9307474,0.10525
2018-04-10,2782.95,2825.0,2761.2,2767.0,2781.9574242912263,152129,1032,423216401.0,142153.0,93.44,63.8,-15.95,Bajaj Auto,-0.12452850619935063,63.80000000000018,-0.5731328266767214,42.3216401,1.52129
2018-04-11,2783.0,2800.0,2750.65,2755.4,2759.18734744508,24991,1213,68954851.0,16167.0,64.69,49.35,-27.6,Bajaj Auto,-0.4192265992049138,49.34999999999991,-0.9917355371900795,6.8954851,0.24991
2018-04-12,2777.0,2779.5,2756.05,2764.15,2761.089885490968,36591,1593,101031040.0,24760.0,67.67,23.45,-12.85,Bajaj Auto,0.3175582492560114,23.449999999999818,-0.46272956427799455,10.103104,0.36591
2018-04-13,2772.0,2805.0,2758.15,2789.4,2798.2346941905403,65204,944,182456095.0,55731.0,85.47,46.85,17.4,Bajaj Auto,0.9134815404373775,46.84999999999991,0.627705627705631,18.2456095,0.65204
2018-04-16,2800.0,2847.0,2776.25,2839.8,2819.879715004191,21474,1544,60554097.0,8773.0,40.85,70.75,39.8,Bajaj Auto,1.8068401806840217,70.75,1.421428571428578,6.0554097,0.21474
2018-04-17,2855.7,2875.0,2844.0,2863.0,2860.753016572373,19973,1735,57137820.0,8631.0,43.21,31.0,7.3,Bajaj Auto,0.8169589407704736,31.0,0.2556290926918157,5.713782,0.19973
2018-04-18,2878.0,2878.0,2853.75,2862.65,2866.0305764784844,13409,712,38430604.0,8389.0,62.56,24.25,-15.35,Bajaj Auto,-0.012224938875304847,24.25,-0.5333564975677522,3.8430604,0.13409
2018-04-19,2855.0,2860.0,2845.0,2855.1,2853.9321138977934,5303,417,15134402.0,1781.0,33.58,15.0,0.1,Bajaj Auto,-0.26374163799277595,15.0,0.003502626970224485,1.5134402,0.05303
2018-04-20,2855.0,2870.7,2806.0,2853.6,2834.658830769231,8125,639,23031603.0,2133.0,26.25,64.7,-1.4,Bajaj Auto,-0.05253756435851242,64.69999999999982,-0.049036777583190576,2.3031603,0.08125
2018-04-23,2853.6,2875.55,2821.75,2854.05,2850.2029693666605,5321,505,15165930.0,1661.0,31.22,53.8,0.45,Bajaj Auto,0.015769554247269113,53.80000000000018,0.015769554247276173,1.516593,0.05321
2018-04-24,2856.0,2895.0,2850.0,2889.75,2882.7709484855186,9046,649,26077546.0,2935.0,32.45,45.0,33.75,Bajaj Auto,1.2508540495085763,45.0,1.1817226890756303,2.6077546,0.09046
2018-04-25,2882.8,2908.25,2868.0,2899.9,2894.8334111495005,10709,748,31000771.0,2739.0,25.58,40.25,17.1,Bajaj Auto,0.3512414568734412,40.25,0.5931733037324791,3.1000771,0.10709
2018-04-26,2929.0,2929.0,2870.0,2886.1,2894.4103483959984,14495,913,41954478.0,4642.0,32.02,59.0,-42.9,Bajaj Auto,-0.47587847856823684,59.0,-1.4646637077500886,4.1954478,0.14495
2018-04-27,2894.45,2956.0,2894.45,2936.8,2934.7437149760935,19451,1123,57083700.0,8742.0,44.94,61.55,42.35,Bajaj Auto,1.7566958871834126,61.55000000000018,1.4631449843666453,5.70837,0.19451
2018-04-30,2957.05,2976.35,2932.0,2948.0,2953.583695901076,8734,562,25796600.0,2284.0,26.15,44.35,-9.05,Bajaj Auto,0.38136747480250754,44.34999999999991,-0.3060482575539873,2.57966,0.08734
2018-05-02,2982.0,3183.8,2947.5,2965.25,2999.5570909608946,28078,1982,84221564.0,4001.0,14.25,236.3,-16.75,Bajaj Auto,0.585142469470834,236.30000000000018,-0.5617035546613012,8.4221564,0.28078
2018-05-03,2969.75,2987.6,2956.1,2971.9,2970.7741335811975,7531,621,22372900.0,2036.0,27.03,31.5,2.15,Bajaj Auto,0.2242643959194046,31.5,0.0723966663860625,2.23729,0.07531
2018-05-04,2998.0,2998.0,2874.7,2890.5,2909.1790943671513,19191,1141,55830056.0,5954.0,31.02,123.3,-107.5,Bajaj Auto,-2.7389885258588764,123.30000000000018,-3.5857238158772518,5.5830056,0.19191
2018-05-07,2875.2,2941.4,2875.2,2917.05,2923.692683272007,14132,1132,41317625.0,6935.0,49.07,66.2,41.85,Bajaj Auto,0.9185262065386723,66.20000000000027,1.4555509181970077,4.1317625,0.14132
2018-05-08,2942.65,2942.65,2885.0,2891.75,2900.450029279719,10246,651,29718011.0,4098.0,40.0,57.65,-50.9,Bajaj Auto,-0.8673145815121464,57.65000000000009,-1.7297334035648169,2.9718011,0.10246
2018-05-09,2884.05,2901.7,2866.7,2874.25,2876.738559970328,21569,494,62048374.0,16789.0,77.84,35.0,-9.8,Bajaj Auto,-0.6051698798305472,35.0,-0.33979993412042725,6.2048374,0.21569
2018-05-10,2880.0,2889.6,2823.0,2827.8,2842.7878627689374,18917,1306,53777018.0,7739.0,40.91,66.6,-52.2,Bajaj Auto,-1.6160737583717388,66.59999999999991,-1.8124999999999936,5.3777018,0.18917
2018-05-11,2829.0,2836.8,2800.0,2816.45,2813.579642337284,9618,802,27061009.0,3887.0,40.41,36.8,-12.55,Bajaj Auto,-0.4013720913784713,36.80000000000018,-0.44361965358784666,2.7061009,0.09618
2018-05-14,2839.0,2850.0,2805.05,2834.7,2834.4719118681146,12799,572,36278406.0,7502.0,58.61,44.95,-4.3,Bajaj Auto,0.647978838608898,44.94999999999982,-0.1514617823177239,3.6278406,0.12799
2018-05-15,2818.0,2873.4,2808.0,2827.8,2838.2435829648143,41608,1028,118093639.0,32717.0,78.63,65.4,9.8,Bajaj Auto,-0.24341200126996032,65.40000000000009,0.34776437189496745,11.8093639,0.41608
2018-05-16,2826.95,2827.65,2787.65,2808.25,2805.327339300244,12290,1015,34477473.0,3808.0,30.98,40.0,-18.7,Bajaj Auto,-0.6913501662069499,40.0,-0.6614902987318424,3.4477473,0.1229
2018-05-17,2843.8,2843.8,2791.0,2819.15,2817.113130711164,10068,642,28362695.0,4060.0,40.33,52.8,-24.65,Bajaj Auto,0.38814208136739303,52.80000000000018,-0.8667979464097366,2.8362695,0.10068
2018-05-18,2844.0,2942.05,2701.1,2777.5,2838.4271145273096,132571,7398,376293121.0,29473.0,22.23,240.95,-66.5,Bajaj Auto,-1.4773956689072998,240.95000000000027,-2.338255977496484,37.6293121,1.32571
2018-05-21,2775.0,2777.0,2705.25,2719.9,2742.7909724058886,22686,1637,62222956.0,5830.0,25.7,71.75,-55.1,Bajaj Auto,-2.0738073807380686,71.75,-1.9855855855855822,6.2222956,0.22686
2018-05-22,2725.0,2825.0,2725.0,2811.25,2796.4590236308286,43037,4700,120351207.0,10026.0,23.3,100.0,86.25,Bajaj Auto,3.358579359535274,100.0,3.1651376146788994,12.0351207,0.43037
2018-05-23,2815.1,2830.0,2762.4,2775.8,2786.2812544144654,21237,1876,59172255.0,5635.0,26.53,67.6,-39.3,Bajaj Auto,-1.2610048910626892,67.59999999999991,-1.3960427693509903,5.9172255,0.21237
2018-05-24,2775.8,2813.3,2725.0,2736.7,2749.7771722041716,19082,1756,52471248.0,5736.0,30.06,88.3,-39.1,Bajaj Auto,-1.4086029252828092,88.30000000000018,-1.4086029252828143,5.2471248,0.19082
2018-05-25,2768.05,2775.55,2730.4,2759.85,2752.7206070287534,12520,1023,34464062.0,3127.0,24.98,45.15,-8.2,Bajaj Auto,0.8459093068293955,45.15000000000009,-0.2962374234569561,3.4464062,0.1252
2018-05-28,2786.3,2813.5,2761.25,2791.25,2792.5910407844885,8974,849,25060712.0,2629.0,29.3,52.25,4.95,Bajaj Auto,1.1377429932786232,52.25,0.17765495459928282,2.5060712,0.08974
2018-05-29,2822.0,2833.0,2766.0,2794.0,2795.9601822269556,16902,1956,47257319.0,4189.0,24.78,67.0,-28.0,Bajaj Auto,0.09852216748769127,67.0,-0.9922041105598866,4.7257319,0.16902
2018-05-30,2810.0,2810.0,2756.95,2763.1,2771.052784036048,12428,1020,34438644.0,4483.0,36.07,53.05,-46.9,Bajaj Auto,-1.105941302791702,53.05000000000018,-1.6690391459074767,3.4438644,0.12428
2018-05-31,2775.0,2785.45,2731.1,2752.15,2750.9644090861507,19106,829,52559926.0,11528.0,60.34,54.35,-22.85,Bajaj Auto,-0.39629401758893845,54.34999999999991,-0.8234234234234201,5.2559926,0.19106
2018-06-01,2777.0,2944.15,2777.0,2893.25,2875.589322293687,139618,8719,401484030.0,40963.0,29.34,167.15,116.25,Bajaj Auto,5.126900786657695,167.1500000000001,4.186172128195895,40.148403,1.39618
2018-06-04,2929.0,2929.0,2870.0,2876.6,2895.494819113032,50667,2486,146706036.0,14109.0,27.85,59.0,-52.4,Bajaj Auto,-0.5754774043031263,59.0,-1.7890064868555853,14.6706036,0.50667
2018-06-05,2890.0,2891.0,2837.1,2844.15,2858.649608274478,25911,1391,74070470.0,8334.0,32.16,53.9,-45.85,Bajaj Auto,-1.1280678578877823,53.90000000000009,-1.5865051903114153,7.407047,0.25911
2018-06-06,2860.9,2948.6,2835.0,2884.55,2896.8515075473883,129515,3781,375185723.0,79107.0,61.08,113.6,23.65,Bajaj Auto,1.4204595397570463,113.59999999999991,0.8266629382362225,37.5185723,1.29515
2018-06-07,2908.9,2936.35,2867.0,2889.0,2900.8626708158567,36955,2519,107201380.0,7778.0,21.05,69.35,-19.9,Bajaj Auto,0.1542701634570376,69.34999999999991,-0.6841073945477703,10.720138,0.36955
2018-06-08,2888.0,2899.9,2868.15,2875.4,2879.0006278026904,11150,1012,32100857.0,3856.0,34.58,31.75,-12.6,Bajaj Auto,-0.47075112495672533,31.75,-0.4362880886426561,3.2100857,0.1115
2018-06-11,2894.0,2913.5,2874.0,2882.0,2897.0343559184876,27186,1422,78758776.0,11141.0,40.98,39.5,-12.0,Bajaj Auto,0.22953328232593329,39.5,-0.414651002073255,7.8758776,0.27186
2018-06-12,2884.0,2912.5,2870.15,2886.95,2897.5728463983874,25794,1482,74739994.0,11473.0,44.48,42.35,2.95,Bajaj Auto,0.17175572519083637,42.34999999999991,0.102288488210812,7.4739994,0.25794
2018-06-13,2906.0,2935.0,2893.0,2908.3,2917.028944756864,30230,1283,88181785.0,7715.0,25.52,42.0,2.3,Bajaj Auto,0.7395348031659754,42.0,0.07914659325534004,8.8181785,0.3023
2018-06-14,2899.0,2910.0,2880.0,2890.2,2891.1358119086303,20926,992,60499908.0,12125.0,57.94,30.0,-8.8,Bajaj Auto,-0.6223567032286992,30.0,-0.30355294929286586,6.0499908,0.20926
2018-06-15,2904.0,2904.0,2854.0,2873.75,2878.0705199394242,19810,970,57014577.0,4529.0,22.86,50.0,-30.25,Bajaj Auto,-0.5691647636841712,50.0,-1.0416666666666665,5.7014577,0.1981
2018-06-18,2882.55,2937.0,2866.0,2901.9,2903.4957079310293,67217,3402,195164271.0,37702.0,56.09,71.0,19.35,Bajaj Auto,0.9795563288386377,71.0,0.671280636936043,19.5164271,0.67217
2018-06-19,2892.0,2892.05,2842.0,2849.4,2852.595757676717,54027,982,154117191.0,40895.0,75.69,50.05,-42.6,Bajaj Auto,-1.8091595161790597,50.05000000000018,-1.4730290456431503,15.4117191,0.54027
2018-06-20,2873.0,2879.0,2859.5,2873.3,2871.04748137541,110338,1059,316785637.0,98403.0,89.18,19.5,0.3,Bajaj Auto,0.83877307503335,19.5,0.010442046641147994,31.6785637,1.10338
2018-06-21,2875.05,2875.65,2826.35,2832.95,2857.556383411066,103346,922,295317022.0,96199.0,93.08,49.3,-42.1,Bajaj Auto,-1.4043086346709477,49.30000000000018,-1.4643223596111496,29.5317022,1.03346
2018-06-22,2855.0,2855.0,2808.0,2830.75,2824.1313343412285,35718,1779,100872323.0,22624.0,63.34,47.0,-24.25,Bajaj Auto,-0.07765756543531843,47.0,-0.8493870402802102,10.0872323,0.35718
2018-06-25,2835.0,2839.0,2794.9,2799.6,2809.1001100110007,50904,2493,142994432.0,33537.0,65.88,44.1,-35.4,Bajaj Auto,-1.1004150843416105,44.09999999999991,-1.248677248677252,14.2994432,0.50904
2018-06-26,2804.25,2822.5,2789.05,2809.75,2808.359803577692,14255,1248,40033169.0,4606.0,32.31,33.45,5.5,Bajaj Auto,0.3625517931133082,33.44999999999982,0.19613087278238386,4.0033169,0.14255
2018-06-27,2818.0,2822.95,2750.0,2765.45,2780.462806511436,14559,1489,40480758.0,4623.0,31.75,72.95,-52.55,Bajaj Auto,-1.576652727110961,72.94999999999982,-1.864797728885741,4.0480758,0.14559
2018-06-28,2792.0,2794.55,2705.0,2718.2,2744.953781073741,19148,1802,52560375.0,6840.0,35.72,89.55,-73.8,Bajaj Auto,-1.708582689978122,89.55000000000018,-2.6432664756447055,5.2560375,0.19148
2018-06-29,2735.0,2827.75,2726.05,2811.15,2783.132237604856,29326,1948,81618136.0,8375.0,28.56,101.7,76.15,Bajaj Auto,3.4195423441983674,101.69999999999982,2.784277879341868,8.1618136,0.29326
2018-07-02,2811.0,2910.0,2811.0,2839.15,2870.5571602105547,59272,4235,170143664.0,13172.0,22.22,99.0,28.15,Bajaj Auto,0.9960336517083723,99.0,1.001422981145503,17.0143664,0.59272
2018-07-03,2840.05,2879.05,2839.3,2865.05,2865.8289991314564,19573,1483,56092871.0,4297.0,21.95,39.75,25.0,Bajaj Auto,0.9122448620185741,39.75,0.8802661924966109,5.6092871,0.19573
2018-07-04,2873.0,2989.0,2859.35,2978.2,2940.3843418127926,60735,3394,178584243.0,18420.0,30.33,129.65,105.2,Bajaj Auto,3.949320256190969,129.6500000000001,3.661677688827004,17.8584243,0.60735
2018-07-05,2944.0,2990.7,2913.7,2969.8,2949.4189622037156,37464,2764,110497032.0,8753.0,23.36,77.0,25.8,Bajaj Auto,-0.2820495601369877,77.0,0.8763586956521802,11.0497032,0.37464
2018-07-06,2979.0,3076.0,2964.15,3023.35,3041.0965248796992,284911,5785,866441852.0,198476.0,69.66,111.85,44.35,Bajaj Auto,1.8031517273890296,111.84999999999991,1.48875461564283,86.6441852,2.84911
2018-07-09,3060.0,3081.0,2996.45,3017.95,3030.4163379816814,60595,2359,183628078.0,25472.0,42.04,84.55,-42.05,Bajaj Auto,-0.1786098202325226,84.55000000000018,-1.3741830065359537,18.3628078,0.60595
2018-07-10,3042.3,3113.0,3034.35,3089.05,3084.4417704821926,136460,3759,420902924.0,70542.0,51.69,78.65,46.75,Bajaj Auto,2.355903842011964,78.65000000000009,1.5366663379679846,42.0902924,1.3646
2018-07-11,3098.9,3165.0,3056.6,3154.35,3139.9497461755986,88053,4672,276481995.0,27537.0,31.27,108.4,55.45,Bajaj Auto,2.1139185186384024,108.40000000000009,1.7893446061505638,27.6481995,0.88053
2018-07-12,3188.0,3213.95,3075.0,3101.9,3131.1126136731514,67958,3399,212784151.0,7695.0,11.32,138.95,-86.1,Bajaj Auto,-1.6627831407421412,138.94999999999982,-2.700752823086572,21.2784151,0.67958
2018-07-13,3124.95,3147.9,3060.05,3134.0,3095.567027648583,58267,2519,180369404.0,17313.0,29.71,87.85,9.05,Bajaj Auto,1.0348496083045777,87.84999999999991,0.28960463367414463,18.0369404,0.58267
2018-07-16,3139.0,3165.0,3095.0,3101.75,3126.058846261945,28464,1918,88980139.0,3368.0,11.83,70.0,-37.25,Bajaj Auto,-1.0290363752393117,70.0,-1.1866836572156738,8.8980139,0.28464
2018-07-17,3115.9,3125.95,3082.55,3095.25,3096.8097877308724,71089,2029,220149111.0,48150.0,67.73,43.4,-20.65,Bajaj Auto,-0.20955911985169884,43.399999999999636,-0.6627298693796364,22.0149111,0.71089
2018-07-18,3103.4,3161.95,3100.0,3105.05,3124.640620879604,136516,2720,426563439.0,95173.0,69.72,61.95,1.65,Bajaj Auto,0.31661416686858956,61.94999999999982,0.053167493716571854,42.6563439,1.36516
2018-07-19,3123.95,3142.45,3097.7,3112.8,3116.1355348853626,56657,2203,176550891.0,20107.0,35.49,44.75,-11.15,Bajaj Auto,0.24959340429300259,44.75,-0.35691992509482023,17.6550891,0.56657
2018-07-20,3119.1,3152.45,2820.0,2841.1,2948.3248574355207,327045,19205,964234903.0,57775.0,17.67,332.45,-278.0,Bajaj Auto,-8.72847597018762,332.4499999999998,-8.912827418165497,96.4234903,3.27045
2018-07-23,2849.75,2854.0,2658.65,2689.1,2715.5315189156718,231369,13771,628289812.0,49651.0,21.46,195.35,-160.65,Bajaj Auto,-5.3500404772799275,195.3499999999999,-5.637336608474431,62.8289812,2.31369
2018-07-24,2685.0,2724.0,2616.0,2650.8,2671.1343302009086,210593,15556,562522192.0,41038.0,19.49,108.0,-34.2,Bajaj Auto,-1.4242683425681357,108.0,-1.2737430167597696,56.2522192,2.10593
2018-07-25,2680.0,2698.0,2624.05,2638.8,2667.0857733754215,82683,6058,220522653.0,26650.0,32.23,73.95,-41.2,Bajaj Auto,-0.45269352648257266,73.94999999999982,-1.537313432835814,22.0522653,0.82683
2018-07-26,2654.8,2667.3,2604.0,2619.25,2633.4988275519518,86571,6482,227984627.0,27273.0,31.5,63.3,-35.55,Bajaj Auto,-0.7408670607852108,63.30000000000018,-1.339083923459401,22.7984627,0.86571
2018-07-27,2640.0,2687.95,2631.65,2678.05,2666.547450980392,56100,4015,149593312.0,14852.0,26.47,56.3,38.05,Bajaj Auto,2.2449174381979686,56.29999999999973,1.4412878787878856,14.9593312,0.561
2018-07-30,2680.0,2699.0,2657.2,2668.95,2676.912939028492,41626,2603,111429178.0,12459.0,29.93,41.8,-11.05,Bajaj Auto,-0.3397994809656413,41.80000000000018,-0.41231343283582766,11.1429178,0.41626
2018-07-31,2680.0,2717.0,2661.3,2700.7,2697.6968040060383,54318,3130,146533495.0,17499.0,32.22,55.7,20.7,Bajaj Auto,1.1896063995204154,55.69999999999982,0.7723880597014857,14.6533495,0.54318
