Date,Open Price,High Price,Low Price,Close Price,WAP,No.of Shares,No. of Trades,Total Turnover (Rs.),Deliverable Quantity,% Deli. Qty to Traded Qty,Spread High-Low,Spread Close-Open,Company,Daily Return %,Price Range,Intraday Return %,Turnover Crore,Volume Lakh
2015-01-01,14975.2,15350.0,14975.2,15239.15,15237.319181585675,3910,2526,59577918.0,951.0,24.32,374.8,263.95,Eicher Motors,0.0,374.7999999999993,1.7625808002564167,5.9577918,0.0391
2015-01-02,15402.0,15460.0,14978.05,15065.55,15200.964665326055,3481,2107,52914558.0,1380.0,39.64,481.95,-336.45,Eicher Motors,-1.1391711479970978,481.9500000000007,-2.1844565640825913,5.2914558,0.03481
2015-01-05,14990.0,15245.05,14990.0,15133.55,15138.394532568342,2963,1576,44855063.0,1279.0,43.17,255.05,143.55,Eicher Motors,0.45136088626036575,255.04999999999927,0.9576384256170732,4.4855063,0.02963
2015-01-06,15000.0,15000.0,14655.05,14753.1,14813.512317327766,2395,2188,35478362.0,699.0,29.19,344.95,-246.9,Eicher Motors,-2.513950791453423,344.9500000000007,-1.6459999999999975,3.5478362,0.02395
2015-01-07,14610.0,15000.0,14610.0,14945.55,14864.453955375251,2465,1628,36640879.0,785.0,31.85,390.0,335.55,Eicher Motors,1.3044716025784275,390.0,2.2967145790554366,3.6640879,0.02465
2015-01-08,15082.0,15141.7,14800.05,14877.8,14946.44813867576,3519,1954,52596551.0,1679.0,47.71,341.65,-204.2,Eicher Motors,-0.45331218991606637,341.65000000000146,-1.353931839278615,5.2596551,0.03519
2015-01-09,14900.0,14978.0,14560.0,14727.1,14794.818510858324,1934,1386,28613179.0,530.0,27.4,418.0,-172.9,Eicher Motors,-1.0129185766712734,418.0,-1.160402684563756,2.8613179,0.01934
2015-01-12,14742.0,15150.0,14600.0,14871.85,14890.84,4050,2760,60307902.0,961.0,23.73,550.0,129.85,Eicher Motors,0.9828818979975784,550.0,0.8808167141500499,6.0307902,0.0405
2015-01-13,14823.75,14950.0,14700.0,14800.7,14841.724375995753,1883,1304,27946967.0,527.0,27.99,250.0,-23.05,Eicher Motors,-0.4784206403372737,250.0,-0.15549371785141597,2.7946967,0.01883
2015-01-14,14848.15,14939.95,14711.2,14831.2,14823.982588235294,2125,1396,31500963.0,696.0,32.75,228.75,-16.95,Eicher Motors,0.20607133446390868,228.75,-0.11415563555054946,3.1500963,0.02125
2015-01-15,15059.65,15270.0,14842.6,15122.6,15093.225402504471,3354,2304,50622678.0,1261.0,37.6,427.4,62.95,Eicher Motors,1.9647769566859097,427.39999999999964,0.41800440249275866,5.0622678,0.03354
2015-01-16,15118.95,15387.75,15016.05,15330.5,15299.92215815486,2428,1961,37148211.0,506.0,20.84,371.7,211.55,Eicher Motors,1.3747635988520468,371.7000000000007,1.3992373809027694,3.7148211,0.02428
2015-01-19,15425.0,15580.0,15354.7,15466.1,15469.921658986175,2170,1699,33569730.0,689.0,31.75,225.3,41.1,Eicher Motors,0.8845112683865564,225.29999999999927,0.2664505672609424,3.356973,0.0217
2015-01-20,15507.8,15582.0,15410.0,15468.85,15507.74441340782,1432,986,22207090.0,352.0,24.58,172.0,-38.95,Eicher Motors,0.017780823866386797,172.0,-0.2511639304092064,2.220709,0.01432
2015-01-21,15567.95,15567.95,15250.0,15360.75,15360.248305084744,2360,1597,36250186.0,945.0,40.04,317.95,-207.2,Eicher Motors,-0.6988237651797014,317.9500000000007,-1.3309395263987918,3.6250186,0.0236
2015-01-22,15370.1,15393.7,15230.05,15286.35,15318.252983293556,1676,902,25673392.0,810.0,48.33,163.65,-83.75,Eicher Motors,-0.4843513500317309,163.65000000000146,-0.5448891028685564,2.5673392,0.01676
2015-01-23,15362.0,15407.5,15125.05,15186.1,15211.52244331328,2161,1188,32872100.0,924.0,42.76,282.45,-175.9,Eicher Motors,-0.6558138469942132,282.4500000000007,-1.145033198802237,3.28721,0.02161
2015-01-27,15262.0,16184.0,15100.0,16086.3,15780.929810813836,8933,5365,140971046.0,2556.0,28.61,1084.0,824.3,Eicher Motors,5.927789228307456,1084.0,5.40099593762285,14.0971046,0.08933
2015-01-28,16125.0,16450.65,16000.0,16340.6,16188.848187311178,5296,3792,85736140.0,1611.0,30.42,450.65,215.6,Eicher Motors,1.5808482994846607,450.65000000000146,1.3370542635658937,8.573614,0.05296
2015-01-29,16400.5,16649.0,16320.2,16455.9,16448.787364620937,5540,3993,91126282.0,1559.0,28.14,328.8,55.4,Eicher Motors,0.7056044453692012,328.7999999999993,0.3377945794335627,9.1126282,0.0554
2015-01-30,16486.0,16650.0,16041.05,16303.5,16356.398435054773,3195,2329,52258693.0,921.0,28.83,608.95,-182.5,Eicher Motors,-0.9261116073870257,608.9500000000007,-1.1069998786849449,5.2258693,0.03195
2015-02-02,16397.0,16895.0,16388.0,16589.6,16660.949862846694,6562,4346,109329153.0,1633.0,24.89,507.0,192.6,Eicher Motors,1.7548379182384055,507.0,1.1746051106909712,10.9329153,0.06562
2015-02-03,16550.0,16700.0,16229.0,16320.1,16451.065156794422,2870,2147,47214557.0,1002.0,34.91,471.0,-229.9,Eicher Motors,-1.624511742296364,471.0,-1.389123867069484,4.7214557,0.0287
2015-02-04,16323.55,16386.65,15819.0,15927.65,16089.058120362735,2426,1839,39032055.0,816.0,33.64,567.65,-395.9,Eicher Motors,-2.404703402552688,567.6500000000015,-2.42533027435821,3.9032055,0.02426
2015-02-05,15863.0,16080.0,15750.05,15813.75,15921.519392372333,3094,2528,49261181.0,672.0,21.72,329.95,-49.25,Eicher Motors,-0.7151086318446187,329.9500000000007,-0.3104709071424069,4.9261181,0.03094
2015-02-06,15876.9,15960.3,15520.1,15584.55,15674.81749622926,2652,1803,41569616.0,585.0,22.06,440.2,-292.35,Eicher Motors,-1.449371591178572,440.1999999999989,-1.841354420573288,4.1569616,0.02652
2015-02-09,15639.0,15639.0,15049.0,15113.9,15286.74819986908,4583,3347,70059167.0,1363.0,29.74,590.0,-525.1,Eicher Motors,-3.019978119355382,590.0,-3.3576315621203423,7.0059167,0.04583
2015-02-10,15049.1,15520.0,14777.0,15188.45,15205.186894704306,4853,3324,73790772.0,1025.0,21.12,743.0,139.35,Eicher Motors,0.49325455375515137,743.0,0.9259689948236132,7.3790772,0.04853
2015-02-11,15293.9,16200.0,15280.95,16134.6,15789.802850655904,7928,4649,125181557.0,1199.0,15.12,919.05,840.7,Eicher Motors,6.229404580454223,919.0499999999993,5.496962841394287,12.5181557,0.07928
2015-02-12,16201.0,16600.0,16074.1,16407.15,16342.89757301522,7293,4694,119188752.0,914.0,12.53,525.9,206.15,Eicher Motors,1.6892268788814224,525.8999999999996,1.272452317758172,11.9188752,0.07293
2015-02-13,16550.0,16876.35,15406.5,16242.0,16355.608208221332,15253,9968,249472092.0,2333.0,15.3,1469.85,-308.0,Eicher Motors,-1.006573353690321,1469.8499999999985,-1.8610271903323266,24.9472092,0.15253
2015-02-16,16660.0,16880.0,15989.7,16109.45,16305.407960199003,8643,5829,140927641.0,1511.0,17.48,890.3,-550.55,Eicher Motors,-0.8160940770840952,890.2999999999993,-3.304621848739491,14.0927641,0.08643
2015-02-18,16302.0,17012.65,16302.0,16938.0,16710.619658551368,9899,6663,165418424.0,2681.0,27.08,710.65,636.0,Eicher Motors,5.14325442519763,710.6500000000015,3.901361796098638,16.5418424,0.09899
2015-02-19,17082.0,17200.0,16517.0,16678.4,16798.811524269087,7046,4128,118364426.0,2002.0,28.41,683.0,-403.6,Eicher Motors,-1.532648482701604,683.0,-2.3627209928579704,11.8364426,0.07046
2015-02-20,16580.5,16800.0,16350.0,16373.0,16540.16954899966,2949,2003,48776960.0,856.0,29.03,450.0,-207.5,Eicher Motors,-1.8311108979278679,450.0,-1.251470100419167,4.877696,0.02949
2015-02-23,16399.0,16417.0,15930.2,16004.9,16115.407023954525,4926,3548,79384495.0,1822.0,36.99,486.8,-394.1,Eicher Motors,-2.2482135222622657,486.7999999999993,-2.403195316787611,7.9384495,0.04926
2015-02-24,16000.0,16047.5,15701.0,15813.3,15866.516373210465,6077,3005,96420820.0,1392.0,22.91,346.5,-186.7,Eicher Motors,-1.1971333779030147,346.5,-1.1668750000000045,9.642082,0.06077
2015-02-25,15781.15,16021.15,15500.0,15612.65,15694.364606444797,9465,2724,148547161.0,6125.0,64.71,521.15,-168.5,Eicher Motors,-1.268868610599938,521.1499999999996,-1.0677295380881622,14.8547161,0.09465
2015-02-26,15500.0,15675.0,15100.0,15213.8,15333.5888671875,6144,3842,94209570.0,1719.0,27.98,575.0,-286.2,Eicher Motors,-2.554659202633769,575.0,-1.8464516129032307,9.420957,0.06144
2015-02-27,15235.2,15838.65,15235.2,15808.05,15616.215849843587,23975,4298,374398775.0,19133.0,79.8,603.45,572.85,Eicher Motors,3.9059932429767796,603.4499999999989,3.760042533081276,37.4398775,0.23975
2015-02-28,15992.0,16275.0,15461.15,16226.6,15841.22817657586,10058,7334,159331073.0,1566.0,15.57,813.85,234.6,Eicher Motors,2.6477016456805336,813.8500000000004,1.4669834917458753,15.9331073,0.10058
2015-03-02,16510.0,16699.0,16160.0,16515.85,16518.98038985439,8516,4881,140675637.0,2043.0,23.99,539.0,5.85,Eicher Motors,1.782566896330695,539.0,0.03543307086613292,14.0675637,0.08516
2015-03-03,16392.0,16392.0,15682.35,15891.3,15922.141293298928,12789,7667,203628265.0,2894.0,22.63,709.65,-500.7,Eicher Motors,-3.781518965115327,709.6499999999996,-3.054538799414353,20.3628265,0.12789
2015-03-04,15301.0,16226.05,15111.0,16050.15,15171.948325884332,1387658,36557,21053475470.0,1273490.0,91.77,1115.05,749.15,Eicher Motors,0.9996035566630868,1115.0499999999993,4.896085223188025,2105.347547,13.87658
2015-03-05,16114.0,16178.0,15864.4,15996.0,16008.581191472404,5019,3432,80347069.0,726.0,14.47,313.6,-118.0,Eicher Motors,-0.337380024485745,313.60000000000036,-0.7322824872781433,8.0347069,0.05019
2015-03-09,15986.4,15986.4,15621.15,15692.35,15828.493492618492,10296,3301,162970169.0,5697.0,55.33,365.25,-294.05,Eicher Motors,-1.8982870717679345,365.25,-1.8393759695741334,16.2970169,0.10296
2015-03-10,15660.5,16112.7,15660.5,15963.7,15897.22493929934,5766,3469,91663399.0,1280.0,22.2,452.2,303.2,Eicher Motors,1.7291865144481333,452.2000000000007,1.9360812234603029,9.1663399,0.05766
2015-03-11,16000.0,16190.0,15900.0,16045.85,16036.421511627907,5160,2832,82747935.0,1252.0,24.26,290.0,45.85,Eicher Motors,0.5146050101167088,290.0,0.2865625000000023,8.2747935,0.0516
2015-03-12,15925.0,16361.0,15925.0,16316.4,16235.726914414414,3552,2194,57669302.0,1134.0,31.93,436.0,391.4,Eicher Motors,1.6861057532009838,436.0,2.4577708006279413,5.7669302,0.03552
2015-03-13,16285.1,16350.0,15810.0,15879.3,16022.023345153664,3384,2419,54218527.0,788.0,23.29,540.0,-405.8,Eicher Motors,-2.678899757299402,540.0,-2.491848376737024,5.4218527,0.03384
2015-03-16,15751.1,15907.9,15640.0,15803.25,15769.997573469936,3709,2270,58490921.0,902.0,24.32,267.9,52.15,Eicher Motors,-0.47892539343673546,267.89999999999964,0.33108798750563223,5.8490921,0.03709
2015-03-17,15870.05,16054.7,15810.0,15935.7,15948.515422578655,3242,1687,51705087.0,1079.0,33.28,244.7,65.65,Eicher Motors,0.8381187413981417,244.70000000000073,0.41367229466826794,5.1705087,0.03242
2015-03-18,15925.05,16205.0,15900.0,16043.45,16088.366713352008,4284,2468,68922563.0,1317.0,30.74,305.0,118.4,Eicher Motors,0.6761547970908,305.0,0.7434827520164863,6.8922563,0.04284
2015-03-19,16160.15,16301.0,16013.05,16079.95,16172.537819799776,3596,2305,58156446.0,789.0,21.94,287.95,-80.2,Eicher Motors,0.2275071758256475,287.9500000000007,-0.49628252213004775,5.8156446,0.03596
2015-03-20,16110.0,16182.7,15928.15,16002.0,16052.837219343695,2316,1600,37178371.0,487.0,21.03,254.55,-108.0,Eicher Motors,-0.4847651889464899,254.5500000000011,-0.6703910614525139,3.7178371,0.02316
2015-03-23,16100.0,16129.15,15800.0,15843.2,15916.632434944237,2152,1487,34252593.0,503.0,23.37,329.15,-256.8,Eicher Motors,-0.9923759530058751,329.14999999999964,-1.5950310559006167,3.4252593,0.02152
2015-03-24,15843.2,15902.2,15475.0,15513.65,15643.355659276545,4285,2888,67031779.0,1142.0,26.65,427.2,-329.55,Eicher Motors,-2.080072207634831,427.2000000000007,-2.080072207634828,6.7031779,0.04285
2015-03-25,15483.0,15640.0,15335.65,15551.25,15460.698174322732,3396,2436,52504531.0,973.0,28.65,304.35,68.25,Eicher Motors,0.2423672056543813,304.35000000000036,0.4408060453400504,5.2504531,0.03396
2015-03-26,15500.0,15725.0,15351.55,15584.75,15575.213483146068,3827,2681,59606342.0,1122.0,29.32,373.45,84.75,Eicher Motors,0.21541676714089686,373.4500000000007,0.5467741935483871,5.9606342,0.03827
2015-03-27,15650.0,15650.0,15108.65,15471.95,15347.715423606081,4143,2744,63585585.0,1180.0,28.48,541.35,-178.05,Eicher Motors,-0.7237844687915995,541.3500000000004,-1.1376996805111774,6.3585585,0.04143
2015-03-30,15600.0,16200.0,15580.55,16019.7,15842.471709909347,3199,2610,50680067.0,1053.0,32.92,619.45,419.7,Eicher Motors,3.5402777284052833,619.4500000000007,2.69038461538462,5.0680067,0.03199
2015-03-31,16147.0,16147.0,15815.95,15890.2,15991.851735913488,3514,2540,56195367.0,722.0,20.55,331.05,-256.8,Eicher Motors,-0.8083796825159029,331.0499999999993,-1.5903883074255234,5.6195367,0.03514
2015-04-01,15868.0,16188.85,15850.05,16028.4,16020.20876874148,4402,2926,70520959.0,1052.0,23.9,338.8,160.4,Eicher Motors,0.869718442813805,338.8000000000011,1.0108394252583794,7.0520959,0.04402
2015-04-06,16066.15,16066.15,15549.9,15763.7,15764.721325225413,4769,2910,75181956.0,1642.0,34.43,516.25,-302.45,Eicher Motors,-1.6514436874547567,516.25,-1.8825294174397655,7.5181956,0.04769
2015-04-07,15701.25,16039.85,15701.25,15950.4,15838.590005373457,7444,4006,117902464.0,2947.0,39.59,338.6,249.15,Eicher Motors,1.1843666144369491,338.60000000000036,1.5868163362789562,11.7902464,0.07444
2015-04-08,16014.0,16550.0,15975.05,16501.0,16343.065650080256,6230,3542,101817299.0,1781.0,28.59,574.95,487.0,Eicher Motors,3.4519510482495797,574.9500000000007,3.0410890470838017,10.1817299,0.0623
2015-04-09,16650.1,16800.0,16280.05,16338.65,16446.91712062257,5140,3418,84537154.0,1152.0,22.41,519.95,-311.45,Eicher Motors,-0.9838797648627384,519.9500000000007,-1.870559335979958,8.4537154,0.0514
2015-04-10,16273.0,16439.0,16134.25,16206.35,16267.58942795076,2762,1974,44931082.0,595.0,21.54,304.75,-66.65,Eicher Motors,-0.8097364225318482,304.75,-0.40957414121550806,4.4931082,0.02762
2015-04-13,16141.0,16215.0,15933.3,16054.1,16123.477245745944,2527,1771,40744027.0,966.0,38.23,281.7,-86.9,Eicher Motors,-0.9394465749536396,281.7000000000007,-0.5383805216529313,4.0744027,0.02527
2015-04-15,16055.0,16124.7,15806.6,15861.8,15959.164636707264,2381,1942,37998771.0,691.0,29.02,318.1,-193.2,Eicher Motors,-1.1978248547100168,318.10000000000036,-1.2033634381812566,3.7998771,0.02381
2015-04-16,16299.0,16350.0,15750.0,15837.45,16010.85694776374,5858,3688,93791600.0,1446.0,24.68,600.0,-461.55,Eicher Motors,-0.15351347261974846,600.0,-2.8317688201730125,9.37916,0.05858
2015-04-17,15999.9,15999.9,15200.0,15327.25,15533.718302525383,3841,2609,59665012.0,1021.0,26.58,799.9,-672.65,Eicher Motors,-3.221478205140349,799.8999999999996,-4.204088775554845,5.9665012,0.03841
2015-04-20,15300.0,15300.0,14655.25,14762.5,14795.363880196692,6711,4591,99291687.0,2666.0,39.73,644.75,-537.5,Eicher Motors,-3.6846140044691666,644.75,-3.5130718954248366,9.9291687,0.06711
2015-04-21,14762.0,14943.8,14163.65,14320.6,14594.84733242134,7310,4473,106688334.0,1963.0,26.85,780.15,-441.4,Eicher Motors,-2.993395427603718,780.1499999999996,-2.9901097412274735,10.6688334,0.0731
2015-04-22,14400.0,14459.9,14070.05,14377.3,14263.431699687175,4795,3047,68393155.0,1280.0,26.69,389.85,-22.7,Eicher Motors,0.39593313129338004,389.85000000000036,-0.15763888888889394,6.8393155,0.04795
2015-04-23,14500.0,14827.4,14482.85,14774.35,14676.064882943145,4485,2793,65822151.0,1206.0,26.89,344.55,274.35,Eicher Motors,2.761645093306808,344.5499999999993,1.8920689655172438,6.5822151,0.04485
2015-04-24,14901.0,14901.0,14487.0,14710.8,14664.379366602689,10420,4668,152802833.0,3290.0,31.57,414.0,-190.2,Eicher Motors,-0.43013736644929024,414.0,-1.2764244010469146,15.2802833,0.1042
2015-04-27,14720.0,15079.55,13930.0,14784.95,14526.41250624064,8012,5057,116385617.0,1275.0,15.91,1149.55,64.95,Eicher Motors,0.5040514451967404,1149.5499999999993,0.44123641304348327,11.6385617,0.08012
2015-04-28,14768.05,15250.0,14680.0,15165.15,15061.833702268954,3614,2741,54433467.0,537.0,14.86,570.0,397.1,Eicher Motors,2.5715338908822716,570.0,2.688912889650295,5.4433467,0.03614
2015-04-29,15200.0,15434.9,15146.0,15228.4,15254.30876068376,5616,2275,85668198.0,3017.0,53.72,288.9,28.4,Eicher Motors,0.41707467450040614,288.89999999999964,0.1868421052631555,8.5668198,0.05616
2015-04-30,15200.0,15300.0,15095.0,15217.85,15205.17274074074,3375,2574,51317458.0,658.0,19.5,205.0,17.85,Eicher Motors,-0.06927845341597738,205.0,0.11743421052631817,5.1317458,0.03375
2015-05-04,15420.0,15490.0,15303.35,15337.55,15359.747373686843,1999,1389,30704135.0,443.0,22.16,186.65,-82.45,Eicher Motors,0.7865762903432438,186.64999999999964,-0.5346952010376183,3.0704135,0.01999
2015-05-05,15431.9,15711.0,15293.55,15552.05,15552.975877192983,3192,2033,49645099.0,785.0,24.59,417.45,120.15,Eicher Motors,1.398528448155023,417.4500000000007,0.7785820281365201,4.9645099,0.03192
2015-05-06,15548.45,15674.75,15000.0,15064.7,15330.516228070175,4560,3495,69907154.0,695.0,15.24,674.75,-483.75,Eicher Motors,-3.133670480740469,674.75,-3.111242599744669,6.9907154,0.0456
2015-05-07,14941.15,15090.0,14498.6,14796.2,14749.930006377552,6272,3930,92511561.0,1282.0,20.44,591.4,-144.95,Eicher Motors,-1.7823122929762958,591.3999999999996,-0.9701395140266907,9.2511561,0.06272
2015-05-08,15185.5,15865.0,14740.55,15789.0,15411.780144565982,15633,10965,240932359.0,1323.0,8.46,1124.45,603.5,Eicher Motors,6.709830902529013,1124.4500000000007,3.974185901024003,24.0932359,0.15633
2015-05-11,15949.0,16962.1,15946.0,16865.3,16512.0238002341,23067,5929,380882853.0,7297.0,31.63,1016.1,916.3,Eicher Motors,6.81677116980175,1016.0999999999985,5.7451877860680876,38.0882853,0.23067
2015-05-12,16965.0,17269.1,16600.0,17121.0,16969.7627141878,14590,5158,247588838.0,1873.0,12.84,669.1,156.0,Eicher Motors,1.5161307536776691,669.0999999999985,0.9195402298850575,24.7588838,0.1459
2015-05-13,17349.0,18327.45,17349.0,18062.7,17916.19242933386,20236,7541,362552070.0,3133.0,15.48,978.45,713.7,Eicher Motors,5.5002628351147775,978.4500000000007,4.113781774165662,36.255207,0.20236
2015-05-14,18000.0,18460.0,17706.75,18190.25,18123.91109635532,13554,5421,245651491.0,1513.0,11.16,753.25,190.25,Eicher Motors,0.7061513505732808,753.25,1.0569444444444445,24.5651491,0.13554
2015-05-15,18200.0,18788.9,18160.0,18707.0,18585.37631620305,12726,4569,236517499.0,1888.0,14.84,628.9,507.0,Eicher Motors,2.840807575486859,628.9000000000015,2.7857142857142856,23.6517499,0.12726
2015-05-18,18700.0,19150.9,18305.45,18618.15,18667.124113033733,16066,5987,299906016.0,3616.0,22.51,845.45,-81.85,Eicher Motors,-0.47495589886138445,845.4500000000007,-0.4377005347593505,29.9906016,0.16066
2015-05-19,18600.0,18850.0,18189.0,18275.85,18573.823500145118,24119,3268,447982049.0,15545.0,64.45,661.0,-324.15,Eicher Motors,-1.838528532641548,661.0,-1.7427419354838787,44.7982049,0.24119
2015-05-20,18201.0,18590.0,18115.0,18510.45,18373.52564809708,9065,3106,166556010.0,942.0,10.39,475.0,309.45,Eicher Motors,1.2836612250593182,475.0,1.7001813087193052,16.655601,0.09065
2015-05-21,18568.0,18568.0,18312.1,18428.3,18424.301863041288,3972,1503,73181327.0,786.0,19.79,255.9,-139.7,Eicher Motors,-0.4438033651261941,255.90000000000146,-0.7523696682464495,7.3181327,0.03972
2015-05-22,18216.0,18734.45,18216.0,18669.8,18594.084564860423,4872,1827,90590380.0,780.0,16.01,518.45,453.8,Eicher Motors,1.3104844179875563,518.4500000000007,2.4912165129556394,9.059038,0.04872
2015-05-25,18668.0,19525.0,18518.4,19173.0,19131.5506545944,16346,6101,312724327.0,1729.0,10.58,1006.6,505.0,Eicher Motors,2.6952618667580808,1006.5999999999985,2.705163916863081,31.2724327,0.16346
2015-05-26,19284.0,19368.0,18795.35,18945.2,19107.25958702065,7458,2622,142501942.0,1518.0,20.35,572.65,-338.8,Eicher Motors,-1.188129139936367,572.6500000000015,-1.7568969093549018,14.2501942,0.07458
2015-05-27,18817.5,18850.0,18058.0,18353.85,18399.1106102254,9095,3222,167339911.0,1949.0,21.43,792.0,-463.65,Eicher Motors,-3.1213711124717713,792.0,-2.463929852530897,16.7339911,0.09095
2015-05-28,18355.05,18600.0,17800.0,17972.6,18085.80419489317,7676,2683,138826633.0,1781.0,23.2,800.0,-382.45,Eicher Motors,-2.077220855569817,800.0,-2.083622763217756,13.8826633,0.07676
2015-05-29,18083.45,19200.0,17800.0,18713.8,18680.325742937508,40885,11753,763745118.0,9817.0,24.01,1400.0,630.35,Eicher Motors,4.124055506715774,1400.0,3.485783962684103,76.3745118,0.40885
2015-06-01,18450.0,18930.0,18370.0,18785.25,18753.350288320853,11619,4151,217895177.0,1460.0,12.57,560.0,335.25,Eicher Motors,0.3818038025414472,560.0,1.8170731707317072,21.7895177,0.11619
2015-06-02,18800.05,18960.0,17970.0,18138.5,18437.13426499204,11306,4279,208450240.0,2219.0,19.63,990.0,-661.55,Eicher Motors,-3.442860755113719,990.0,-3.518873620016964,20.845024,0.11306
2015-06-03,18100.0,18439.7,17944.1,18209.75,18175.85489698272,10241,3722,186138930.0,1092.0,10.66,495.6,109.75,Eicher Motors,0.3928108719023049,495.6000000000022,0.6063535911602209,18.613893,0.10241
2015-06-04,17501.25,17789.45,16905.0,17182.35,17220.745464724612,1302126,35063,22423580409.0,1006217.0,77.27,884.45,-318.9,Eicher Motors,-5.642032427682975,884.4500000000007,-1.8221555603171284,2242.3580409,13.02126
2015-06-05,17238.9,17450.0,17062.6,17390.05,17347.684830937855,9671,2882,167769460.0,3036.0,31.39,387.4,151.15,Eicher Motors,1.2087985636423548,387.40000000000146,0.8767960832767624,16.776946,0.09671
2015-06-08,17450.0,17549.4,17219.6,17283.6,17392.04694614539,6369,2662,110769947.0,2363.0,37.1,329.8,-166.4,Eicher Motors,-0.6121316499952623,329.8000000000029,-0.9535816618911258,11.0769947,0.06369
2015-06-09,17280.1,17280.1,16651.9,17099.3,16961.408173562057,11892,3212,201705066.0,3940.0,33.13,628.2,-180.8,Eicher Motors,-1.0663287740979799,628.1999999999971,-1.0462902413759139,20.1705066,0.11892
2015-06-10,17190.0,17677.95,17150.05,17612.45,17453.053344055756,7461,2430,130217231.0,1711.0,22.93,527.9,422.45,Eicher Motors,3.0010000409373516,527.9000000000015,2.4575334496800507,13.0217231,0.07461
2015-06-11,17682.0,17740.0,17130.0,17234.35,17447.922067780728,6403,1985,111719045.0,1572.0,24.55,610.0,-447.65,Eicher Motors,-2.1467768538732668,610.0,-2.5316706254948618,11.1719045,0.06403
2015-06-12,17100.0,17450.0,17100.0,17399.45,17322.48274306339,4433,1527,76790566.0,690.0,15.57,350.0,299.45,Eicher Motors,0.9579705645992087,350.0,1.7511695906432792,7.6790566,0.04433
2015-06-15,17665.15,18120.05,17629.85,18043.7,17904.272280367903,6306,2247,112904341.0,965.0,15.3,490.2,378.55,Eicher Motors,3.7027032463669896,490.2000000000007,2.142919816701241,11.2904341,0.06306
2015-06-16,18110.0,18500.0,18039.75,18462.8,18311.309394448286,10123,3260,185365385.0,1744.0,17.23,460.25,352.8,Eicher Motors,2.3226943476116313,460.25,1.948094975151846,18.5365385,0.10123
2015-06-17,18550.0,19485.0,18501.0,19297.45,19065.9559920254,13543,5326,258210242.0,2504.0,18.49,984.0,747.45,Eicher Motors,4.520711918018949,984.0,4.029380053908359,25.8210242,0.13543
2015-06-18,19397.7,19675.8,19301.0,19482.2,19511.405044843046,8920,3405,174041733.0,1166.0,13.07,374.8,84.5,Eicher Motors,0.9573803792729096,374.7999999999993,0.43561865582001985,17.4041733,0.0892
2015-06-19,19689.95,20020.0,19200.0,19471.15,19660.807401303467,13349,4572,262452118.0,1429.0,10.7,820.0,-218.8,Eicher Motors,-0.056718440422531824,820.0,-1.1112267933641236,26.2452118,0.13349
2015-06-22,19471.2,19640.0,19250.2,19397.3,19403.77828702377,6982,2429,135477180.0,1711.0,24.51,389.8,-73.9,Eicher Motors,-0.37927908726501647,389.7999999999993,-0.37953490283085506,13.547718,0.06982
2015-06-23,19450.0,19469.25,19190.0,19275.75,19301.222766503382,4287,1495,82744342.0,1137.0,26.52,279.25,-174.25,Eicher Motors,-0.6266336036458653,279.25,-0.8958868894601543,8.2744342,0.04287
2015-06-24,19238.0,19452.0,19048.5,19113.6,19236.045652173914,5060,1810,97334391.0,1322.0,26.13,403.5,-124.4,Eicher Motors,-0.8412124041866198,403.5,-0.646636864538941,9.7334391,0.0506
2015-06-25,19113.6,19580.0,19113.6,19505.25,19392.965539556702,6181,2038,119867920.0,1328.0,21.49,466.4,391.65,Eicher Motors,2.049064540431944,466.40000000000146,2.049064540431951,11.986792,0.06181
2015-06-26,19582.9,19668.15,19421.0,19526.65,19548.307997833545,5539,1965,108278078.0,893.0,16.12,247.15,-56.25,Eicher Motors,0.10971405134516665,247.15000000000146,-0.28724039851094574,10.8278078,0.05539
2015-06-29,19250.0,19389.5,19031.0,19301.65,19225.722842639596,3940,1400,75749348.0,896.0,22.74,358.5,51.65,Eicher Motors,-1.152271382956116,358.5,0.2683116883116959,7.5749348,0.0394
2015-06-30,19215.2,19675.0,19215.2,19578.15,19488.31523022432,5082,1890,99039618.0,1300.0,25.58,459.8,362.95,Eicher Motors,1.432520017718697,459.7999999999993,1.8888692285274196,9.9039618,0.05082
2015-07-01,19750.0,20475.0,19692.3,20338.1,20153.015049735175,15482,5406,312008979.0,2513.0,16.23,782.7,588.1,Eicher Motors,3.881623135995982,782.7000000000007,2.9777215189873347,31.2008979,0.15482
2015-07-02,20474.0,21340.0,20400.0,21238.65,20904.024290735622,15932,6163,333042915.0,2469.0,15.5,940.0,764.65,Eicher Motors,4.427896411169208,940.0,3.734736739279093,33.3042915,0.15932
2015-07-03,21434.0,21580.65,20181.05,20253.8,20689.24287317621,26730,7534,553023462.0,6694.0,25.04,1399.6,-1180.2,Eicher Motors,-4.63706497352705,1399.6000000000022,-5.506205094709344,55.3023462,0.2673
2015-07-06,20188.0,20530.7,19904.95,20359.5,20300.239433117848,8044,2967,163295126.0,957.0,11.9,625.75,171.5,Eicher Motors,0.5218773760973239,625.75,0.8495145631067961,16.3295126,0.08044
2015-07-07,20302.15,20531.55,20200.0,20367.15,20378.80286810745,4951,1981,100895453.0,1141.0,23.05,331.55,65.0,Eicher Motors,0.037574596625655765,331.5499999999993,0.32016313543146907,10.0895453,0.04951
2015-07-08,20231.5,20600.0,20129.0,20476.7,20383.018707050134,7858,2595,160169761.0,1468.0,18.68,471.0,245.2,Eicher Motors,0.5378759423876112,471.0,1.2119714306897695,16.0169761,0.07858
2015-07-09,20570.0,20701.0,20500.0,20650.0,20627.541564519724,4487,1326,92555779.0,1144.0,25.5,201.0,80.0,Eicher Motors,0.8463277774250599,201.0,0.3889158969372873,9.2555779,0.04487
2015-07-10,20797.0,20799.2,20578.55,20765.8,20703.813616071428,4480,1625,92753085.0,804.0,17.95,220.65,-31.2,Eicher Motors,0.5607748184019323,220.65000000000146,-0.15002163773621546,9.2753085,0.0448
2015-07-13,20800.0,21230.0,20800.0,21171.05,21005.559912573928,7778,3237,163381245.0,2403.0,30.89,430.0,371.05,Eicher Motors,1.9515260668984569,430.0,1.7838942307692274,16.3381245,0.07778
2015-07-14,21170.0,21171.0,20701.0,20761.7,20820.587556251223,5111,1755,106414023.0,1251.0,24.48,470.0,-408.3,Eicher Motors,-1.9335365983264796,470.0,-1.9286726499763782,10.6414023,0.05111
2015-07-15,20651.2,20900.0,20605.05,20734.35,20714.05252790545,4569,1419,94642506.0,1188.0,26.0,294.95,83.15,Eicher Motors,-0.13173295057727907,294.9500000000007,0.4026400402882051,9.4642506,0.04569
2015-07-16,21149.85,21187.9,20721.2,21071.3,20997.68342418736,4953,1711,104001526.0,1180.0,23.82,466.7,-78.55,Eicher Motors,1.6250810852522557,466.7000000000007,-0.3713974330787182,10.4001526,0.04953
2015-07-17,21100.0,21158.1,20922.1,21084.2,21060.68628808864,2888,1045,60823262.0,637.0,22.06,236.0,-15.8,Eicher Motors,0.06122071253316097,236.0,-0.07488151658767428,6.0823262,0.02888
2015-07-20,21000.0,21319.7,21000.0,21269.45,21146.4747873894,11641,1317,246166113.0,8748.0,75.15,319.7,269.45,Eicher Motors,0.8786200092960605,319.7000000000007,1.2830952380952416,24.6166113,0.11641
2015-07-21,21338.85,21618.3,21251.75,21336.55,21433.04118041583,7455,2508,159783322.0,767.0,10.29,366.55,-2.3,Eicher Motors,0.315475952598665,366.5499999999993,-0.010778462756893049,15.9783322,0.07455
2015-07-22,21409.85,21432.5,20755.0,21164.0,21110.333502366462,11832,4505,249777466.0,1304.0,11.02,677.5,-245.85,Eicher Motors,-0.8087061872702028,677.5,-1.148303234258991,24.9777466,0.11832
2015-07-23,20950.0,21037.45,20368.0,20528.85,20768.78217821782,16867,2497,350307049.0,11670.0,69.19,669.45,-421.15,Eicher Motors,-3.0010867510867567,669.4500000000007,-2.0102625298329424,35.0307049,0.16867
2015-07-24,20300.0,20589.8,20011.6,20097.1,20351.502320647127,7541,1502,153470679.0,4341.0,57.57,578.2,-202.9,Eicher Motors,-2.1031377792716133,578.2000000000007,-0.9995073891625686,15.3470679,0.07541
2015-07-27,19960.0,19960.0,19241.6,19343.75,19550.88162162162,7400,2269,144676524.0,2565.0,34.66,718.4,-616.25,Eicher Motors,-3.7485507859342793,718.4000000000015,-3.087424849699399,14.4676524,0.074
2015-07-28,19346.15,19640.0,19122.6,19481.9,19485.521707272397,5459,2080,106371463.0,1296.0,23.74,517.4,135.75,Eicher Motors,0.7141841680129213,517.4000000000015,0.7016900003359842,10.6371463,0.05459
2015-07-29,19400.0,19704.95,19165.05,19265.65,19423.343970914968,4951,1720,96164976.0,1095.0,22.12,539.9,-134.35,Eicher Motors,-1.1100046710023181,539.9000000000015,-0.6925257731958688,9.6164976,0.04951
2015-07-30,19360.0,19538.1,18920.0,19057.65,19408.538472267424,21509,2169,417458254.0,16906.0,78.6,618.1,-302.35,Eicher Motors,-1.0796417458014629,618.0999999999985,-1.5617252066115628,41.7458254,0.21509
2015-07-31,19105.0,19257.0,18689.0,19070.05,19026.964765237204,12289,2743,233822370.0,6008.0,48.89,568.0,-34.95,Eicher Motors,0.06506573475741906,568.0,-0.18293640408270467,23.382237,0.12289
2015-08-03,19425.0,19499.0,19050.0,19105.2,19330.44651083433,23444,2857,453182988.0,16110.0,68.72,449.0,-319.8,Eicher Motors,0.18432043964227152,449.0,-1.6463320463320428,45.3182988,0.23444
2015-08-04,19175.0,20280.0,18957.2,20158.35,19658.150859607944,15763,4329,309871432.0,5059.0,32.09,1322.8,983.35,Eicher Motors,5.512373594623443,1322.7999999999993,5.1282920469361075,30.9871432,0.15763
2015-08-05,20450.15,20709.9,20072.2,20548.0,20496.34899169632,8430,2986,172784222.0,1715.0,20.34,637.7,97.85,Eicher Motors,1.9329459008301741,637.7000000000007,0.4784805979418172,17.2784222,0.0843
2015-08-06,20500.0,20670.15,20400.75,20544.1,20534.2323335028,3934,1462,80781670.0,707.0,17.97,269.4,44.1,Eicher Motors,-0.018979949386810357,269.40000000000146,0.2151219512195051,8.078167,0.03934
2015-08-07,20550.0,20755.0,20433.7,20615.85,20543.952666267225,40056,1814,822908568.0,36247.0,90.49,321.3,65.85,Eicher Motors,0.3492486894047353,321.2999999999993,0.3204379562043725,82.2908568,0.40056
2015-08-10,20670.0,20754.55,20275.0,20417.15,20555.4951595554,2789,1017,57329276.0,769.0,27.57,479.55,-252.85,Eicher Motors,-0.9638215256707716,479.5499999999993,-1.2232704402515653,5.7329276,0.02789
2015-08-11,20400.0,20520.0,19818.0,20165.0,20104.935282651073,5130,1738,103138318.0,984.0,19.18,702.0,-235.0,Eicher Motors,-1.2349911716375783,702.0,-1.1519607843137256,10.3138318,0.0513
2015-08-12,20199.7,20199.7,19737.05,19871.85,19932.679188580012,3993,1173,79591188.0,933.0,23.37,462.65,-327.85,Eicher Motors,-1.453756508802384,462.65000000000146,-1.623043906592683,7.9591188,0.03993
2015-08-13,19890.0,20254.4,19822.0,19895.25,20030.54794520548,3869,1407,77498190.0,956.0,24.71,432.4,5.25,Eicher Motors,0.11775451203588361,432.40000000000146,0.026395173453996983,7.749819,0.03869
2015-08-14,20046.4,20663.0,20021.75,20601.4,20434.63871991537,3781,1289,77263369.0,1249.0,33.03,641.25,555.0,Eicher Motors,3.549339666503326,641.25,2.7685769015883146,7.7263369,0.03781
2015-08-17,20614.5,20749.4,20350.0,20671.2,20569.81238373638,3763,1442,77404204.0,868.0,23.07,399.4,56.7,Eicher Motors,0.3388119254031263,399.40000000000146,0.2750491159135595,7.7404204,0.03763
2015-08-18,20850.0,21037.5,20670.95,20950.6,20899.826530612245,4998,1676,104457333.0,1207.0,24.15,366.55,100.6,Eicher Motors,1.3516389953171393,366.5499999999993,0.48249400479615606,10.4457333,0.04998
2015-08-19,20950.0,21362.65,20752.0,21243.25,21188.192137096772,4960,1630,105093433.0,1446.0,29.15,610.65,293.25,Eicher Motors,1.3968573692400232,610.6500000000015,1.399761336515513,10.5093433,0.0496
2015-08-20,21240.0,21578.0,20980.0,21042.4,21294.007996633,4752,1854,101189126.0,822.0,17.3,598.0,-197.6,Eicher Motors,-0.9454767985124568,598.0,-0.9303201506591268,10.1189126,0.04752
2015-08-21,20800.0,20847.25,20316.05,20482.05,20618.69315455187,14170,1801,292166882.0,10109.0,71.34,531.2,-317.95,Eicher Motors,-2.6629566969547325,531.2000000000007,-1.5286057692307726,29.2166882,0.1417
2015-08-24,20000.0,20000.0,17805.15,18571.75,18935.922061497116,12651,3706,239558350.0,3085.0,24.39,2194.85,-1428.25,Eicher Motors,-9.32670313762538,2194.8499999999985,-7.14125,23.955835,0.12651
2015-08-25,19099.0,19174.95,17910.8,18844.35,18645.04329147389,9078,3706,169259703.0,1482.0,16.33,1264.15,-254.65,Eicher Motors,1.4678207492562656,1264.1500000000015,-1.3333158804125946,16.9259703,0.09078
2015-08-26,18799.0,19192.05,18500.0,18581.65,18783.053056516725,5202,1617,97709442.0,1688.0,32.45,692.05,-217.35,Eicher Motors,-1.3940517980190248,692.0499999999993,-1.156178520134042,9.7709442,0.05202
2015-08-27,18725.0,19200.0,18725.0,18814.35,18941.189713896456,2936,1317,55611333.0,611.0,20.81,475.0,89.35,Eicher Motors,1.252310747430907,475.0,0.4771695594125423,5.5611333,0.02936
2015-08-28,19250.0,19250.0,18550.0,18903.1,18883.9905543127,4023,1912,75970294.0,890.0,22.12,700.0,-346.9,Eicher Motors,0.4717144094799952,700.0,-1.8020779220779295,7.5970294,0.04023
2015-08-31,18911.4,19179.0,18800.0,18993.35,18954.79518592477,18529,1585,351213400.0,15404.0,83.13,379.0,81.95,Eicher Motors,0.47743491808220906,379.0,0.43333650602280677,35.12134,0.18529
2015-09-01,18940.0,19113.6,18054.1,18258.9,18652.423157162728,5752,2482,107288738.0,1559.0,27.1,1059.5,-681.1,Eicher Motors,-3.866879723692751,1059.5,-3.5960929250263916,10.7288738,0.05752
2015-09-02,18632.0,18715.0,18240.0,18342.9,18466.12566798828,5801,2286,107121995.0,1078.0,18.58,475.0,-289.1,Eicher Motors,0.4600496196375481,475.0,-1.55163160154572,10.7121995,0.05801
2015-09-03,18600.0,18642.75,18309.5,18365.15,18446.263458646616,3325,1288,61333826.0,786.0,23.64,333.25,-234.85,Eicher Motors,0.12130033964095066,333.25,-1.2626344086021428,6.1333826,0.03325
2015-09-04,18350.0,18350.0,17778.6,18146.65,18036.902858086894,6053,2306,109177373.0,1216.0,20.09,571.4,-203.35,Eicher Motors,-1.1897534188394898,571.4000000000015,-1.108174386920973,10.9177373,0.06053
2015-09-07,18150.0,18233.8,17334.95,17449.95,17684.37714825307,5295,1960,93638777.0,943.0,17.81,898.85,-700.05,Eicher Motors,-3.839276119834789,898.8499999999985,-3.8570247933884256,9.3638777,0.05295
2015-09-08,17400.0,17438.0,16731.85,17257.55,17089.66027858278,10697,3484,182808096.0,1587.0,14.84,706.15,-142.45,Eicher Motors,-1.102581955822235,706.1500000000015,-0.8186781609195445,18.2808096,0.10697
2015-09-09,17700.0,18008.9,17350.25,17939.5,17777.42001615835,9902,3190,176032013.0,1381.0,13.95,658.65,239.5,Eicher Motors,3.951603790804614,658.6500000000015,1.3531073446327684,17.6032013,0.09902
2015-09-10,17939.5,18699.0,17457.95,18472.35,18127.472024415052,5898,2304,106915830.0,1128.0,19.13,1241.05,532.85,Eicher Motors,2.970261155550591,1241.0499999999993,2.9702611555505927,10.691583,0.05898
2015-09-11,18750.0,19010.2,18600.0,18892.2,18793.516527355623,5264,2156,98929071.0,1048.0,19.91,410.2,142.2,Eicher Motors,2.272856458436534,410.2000000000007,0.7584000000000038,9.8929071,0.05264
2015-09-14,18892.2,19076.85,18490.15,18813.1,18864.5779522678,9679,2376,182590250.0,4589.0,47.41,586.7,-79.1,Eicher Motors,-0.4186913117583013,586.6999999999971,-0.4186913117583033,18.259025,0.09679
2015-09-15,18800.0,18950.2,18480.0,18557.6,18779.071202531642,3792,1261,71210238.0,647.0,17.06,470.2,-242.4,Eicher Motors,-1.3580962201869995,470.2000000000007,-1.2893617021276673,7.1210238,0.03792
2015-09-16,18650.0,18743.8,17700.0,17968.35,18144.977388027248,6899,2383,125182199.0,1661.0,24.08,1043.8,-681.65,Eicher Motors,-3.1752489546062024,1043.7999999999993,-3.654959785522796,12.5182199,0.06899
2015-09-18,18200.0,18459.95,18104.05,18215.9,18284.758677234215,3659,1281,66903932.0,533.0,14.57,355.9,15.9,Eicher Motors,1.3777002340226163,355.90000000000146,0.08736263736264537,6.6903932,0.03659
2015-09-21,18085.0,18550.0,18053.15,18459.55,18285.30820045558,4390,1599,80272503.0,946.0,21.55,496.85,374.55,Eicher Motors,1.3375677292914334,496.84999999999854,2.0710533591374025,8.0272503,0.0439
2015-09-22,18650.0,18755.55,18237.35,18337.9,18503.886573525928,4223,1514,78141913.0,959.0,22.71,518.2,-312.1,Eicher Motors,-0.6590084807050922,518.2000000000007,-1.6734584450402066,7.8141913,0.04223
2015-09-23,18050.05,18587.95,18050.05,18250.35,18334.26211226689,10671,1168,195644911.0,8041.0,75.35,537.9,200.3,Eicher Motors,-0.4774265319366089,537.9000000000015,1.1096922169190626,19.5644911,0.10671
2015-09-24,18400.0,18400.0,17703.0,17761.8,17991.22666859289,6922,2375,124535271.0,2981.0,43.07,697.0,-638.2,Eicher Motors,-2.67693496289112,697.0,-3.468478260869569,12.4535271,0.06922
2015-09-28,17921.55,17921.55,17202.65,17298.6,17552.790683726507,5002,1868,87799059.0,2360.0,47.18,718.9,-622.95,Eicher Motors,-2.607843799614906,718.8999999999978,-3.475982825146267,8.7799059,0.05002
2015-09-29,17270.0,17777.0,16882.05,17468.6,17316.505672864798,6346,2444,109890545.0,1235.0,19.46,894.95,198.6,Eicher Motors,0.9827384875076506,894.9500000000007,1.1499710480602117,10.9890545,0.06346
2015-09-30,17650.65,17825.0,17182.8,17791.2,17577.76072890532,7573,2370,133116382.0,2501.0,33.03,642.2,140.55,Eicher Motors,1.846742154494363,642.2000000000007,0.7962879554010717,13.3116382,0.07573
2015-10-01,18000.0,18325.0,17635.9,18270.55,18055.492659053834,9808,3746,177088272.0,1704.0,17.37,689.1,270.55,Eicher Motors,2.6943095462925504,689.0999999999985,1.5030555555555516,17.7088272,0.09808
2015-10-05,18400.0,18795.0,18400.0,18763.6,18643.016101694917,5900,2110,109993795.0,1957.0,33.17,395.0,363.6,Eicher Motors,2.698605132303067,395.0,1.9760869565217312,10.9993795,0.059
2015-10-06,18855.0,18900.0,18601.0,18670.05,18709.26393411224,5221,1509,97681067.0,1015.0,19.44,299.0,-184.95,Eicher Motors,-0.4985717026583347,299.0,-0.9809069212410539,9.7681067,0.05221
2015-10-07,18589.5,18999.0,18546.1,18900.4,18799.94357823212,16483,2048,309879470.0,12426.0,75.39,452.9,310.9,Eicher Motors,1.2337942319383233,452.90000000000146,1.6724495010624354,30.987947,0.16483
2015-10-08,19000.0,19050.0,18625.1,18680.8,18809.81739747075,8461,1361,159149865.0,5825.0,68.85,424.9,-319.2,Eicher Motors,-1.1618801718482286,424.90000000000146,-1.6800000000000037,15.9149865,0.08461
2015-10-09,18695.0,18835.5,18255.75,18319.75,18465.042693843825,7261,1532,134074675.0,4958.0,68.28,579.75,-375.25,Eicher Motors,-1.9327330735300352,579.75,-2.0072211821342605,13.4074675,0.07261
2015-10-12,18710.0,18710.0,17940.0,17981.1,18132.211739130435,4600,1416,83408174.0,1939.0,42.15,770.0,-728.9,Eicher Motors,-1.8485514267389092,770.0,-3.895777659005887,8.3408174,0.046
2015-10-13,18025.0,18180.0,17675.0,17816.25,17839.369039060628,4173,1757,74443687.0,1576.0,37.77,505.0,-208.75,Eicher Motors,-0.9167959691008809,505.0,-1.1581137309292648,7.4443687,0.04173
2015-10-14,17910.0,18273.6,17800.35,18169.0,18125.844376391982,3592,1277,65108033.0,1501.0,41.79,473.25,259.0,Eicher Motors,1.9799340489721429,473.25,1.4461194863204914,6.5108033,0.03592
2015-10-15,18200.0,18456.1,18200.0,18318.8,18340.194444444445,3096,1498,56781242.0,839.0,27.1,256.1,118.8,Eicher Motors,0.8244812592878015,256.09999999999854,0.6527472527472488,5.6781242,0.03096
2015-10-16,18319.0,18425.0,18198.0,18283.05,18277.768179991963,2489,1038,45493365.0,986.0,39.61,227.0,-35.95,Eicher Motors,-0.19515470445662375,227.0,-0.19624433648125295,4.5493365,0.02489
2015-10-19,18380.0,18380.0,18121.0,18249.4,18227.254076489768,3373,1514,61480528.0,1272.0,37.71,259.0,-130.6,Eicher Motors,-0.1840502541971767,259.0,-0.7105549510337243,6.1480528,0.03373
2015-10-20,18270.25,18348.45,18050.0,18145.85,18198.982252806956,2761,1385,50247390.0,1272.0,46.07,298.45,-124.4,Eicher Motors,-0.5674159150438007,298.4500000000007,-0.6808883293879474,5.024739,0.02761
2015-10-21,18201.0,18419.0,18037.4,18199.25,18201.62601975097,2329,1207,42391587.0,682.0,29.28,381.6,-1.75,Eicher Motors,0.2942821636903181,381.59999999999854,-0.009614856326575463,4.2391587,0.02329
2015-10-23,18300.0,18362.75,18110.0,18144.6,18260.080454928393,2374,1025,43349431.0,1280.0,53.92,252.75,-155.4,Eicher Motors,-0.30028709974312395,252.75,-0.8491803278688604,4.3349431,0.02374
2015-10-26,18040.1,18219.85,17868.0,17942.7,17980.29919593737,2363,989,42487447.0,596.0,25.22,351.85,-97.4,Eicher Motors,-1.1127277537118396,351.84999999999854,-0.5399083153640934,4.2487447,0.02363
2015-10-27,17950.0,17955.0,17560.0,17688.25,17671.364864864863,2738,1330,48384197.0,936.0,34.19,395.0,-261.75,Eicher Motors,-1.4181254772135832,395.0,-1.458217270194986,4.8384197,0.02738
2015-10-28,17688.0,17700.0,17288.05,17385.4,17441.915604283528,3922,1820,68407193.0,1532.0,39.06,411.95,-302.6,Eicher Motors,-1.712153548259432,411.9500000000007,-1.710764360018083,6.8407193,0.03922
2015-10-29,17450.0,17524.05,17350.3,17445.2,17439.823782234955,2792,1293,48691988.0,783.0,28.04,173.75,-4.8,Eicher Motors,0.3439667767206833,173.75,-0.027507163323778068,4.8691988,0.02792
2015-10-30,17500.0,17860.0,17500.0,17761.9,17717.596726190477,2688,997,47624900.0,1026.0,38.17,360.0,261.9,Eicher Motors,1.8153990782564966,360.0,1.4965714285714369,4.76249,0.02688
2015-11-02,17980.0,18049.9,17840.0,17971.35,17935.207519351272,5426,1640,97316436.0,2502.0,46.11,209.9,-8.65,Eicher Motors,1.1792094314234225,209.90000000000146,-0.04810901001113157,9.7316436,0.05426
2015-11-03,18300.0,18300.0,17952.9,18003.25,18027.561555075597,2315,923,41733805.0,699.0,30.19,347.1,-296.75,Eicher Motors,0.17750475061695248,347.09999999999854,-1.6215846994535519,4.1733805,0.02315
2015-11-04,18102.0,18180.0,17750.0,17805.3,17953.852671585064,4473,1466,80307583.0,1551.0,34.67,430.0,-296.7,Eicher Motors,-1.0995236971102496,430.0,-1.6390454093470377,8.0307583,0.04473
2015-11-05,17760.7,17967.95,17550.05,17693.0,17858.1019219569,3434,764,61324722.0,466.0,13.57,417.9,-67.7,Eicher Motors,-0.6307110804086413,417.90000000000146,-0.38117866975964193,6.1324722,0.03434
2015-11-06,17790.0,17980.0,16448.15,16692.75,17072.25357372075,17139,6265,292601354.0,2739.0,15.98,1531.85,-1097.25,Eicher Motors,-5.653365737862437,1531.8499999999985,-6.16779089376054,29.2601354,0.17139
2015-11-09,16500.0,16500.0,15825.05,15933.4,16106.59874576946,20092,5566,323613782.0,7399.0,36.83,674.95,-566.6,Eicher Motors,-4.548980844977613,674.9500000000007,-3.4339393939393963,32.3613782,0.20092
2015-11-10,15950.0,16114.0,15630.0,15876.55,15896.798341968912,9650,2350,153404104.0,1572.0,16.29,484.0,-73.45,Eicher Motors,-0.3567976703026332,484.0,-0.4605015673981237,15.3404104,0.0965
2015-11-11,15990.0,16099.0,15901.0,16049.3,16009.343120805368,1192,395,19083137.0,525.0,44.04,198.0,59.3,Eicher Motors,1.0880827383783043,198.0,0.3708567854909273,1.9083137,0.01192
2015-11-13,16080.0,16080.0,15550.0,15616.25,15758.711938134364,4138,1690,65209550.0,1421.0,34.34,530.0,-463.75,Eicher Motors,-2.6982485217423746,530.0,-2.8840174129353233,6.520955,0.04138
2015-11-16,15616.0,15689.75,15032.45,15294.8,15338.848542551632,6827,2377,104718319.0,1795.0,26.29,657.3,-321.2,Eicher Motors,-2.0584327223245102,657.2999999999993,-2.056864754098365,10.4718319,0.06827
2015-11-17,15434.7,15539.95,15310.05,15489.95,15442.485126425385,4034,1394,62294985.0,1368.0,33.91,229.9,55.25,Eicher Motors,1.2759238433977638,229.90000000000146,0.35795966231931947,6.2294985,0.04034
2015-11-18,15600.0,15960.0,15485.15,15875.8,15816.23988522238,6970,2410,110239192.0,1276.0,18.31,474.85,275.8,Eicher Motors,2.490969951484656,474.85000000000036,1.7679487179487134,11.0239192,0.0697
2015-11-19,15891.15,16200.0,15891.15,16165.6,16088.114611097648,4127,1395,66395649.0,1334.0,32.32,308.85,274.45,Eicher Motors,1.82541982136335,308.85000000000036,1.7270619181116582,6.6395649,0.04127
2015-11-20,16220.4,16459.05,16004.0,16408.95,16340.624177631578,3648,1424,59610597.0,854.0,23.41,455.05,188.55,Eicher Motors,1.5053570544860673,455.0499999999993,1.1624250943256709,5.9610597,0.03648
2015-11-23,16498.55,16800.0,16245.95,16757.05,16517.43687600644,6210,2044,102573283.0,1526.0,24.57,554.05,258.5,Eicher Motors,2.1214032585875398,554.0499999999993,1.5668043555342743,10.2573283,0.0621
2015-11-24,16789.95,16789.95,16602.0,16649.3,16683.93721973094,2899,1024,48366734.0,916.0,31.6,187.95,-140.65,Eicher Motors,-0.6430129408219187,187.95000000000073,-0.8377035071575643,4.8366734,0.02899
2015-11-26,16744.0,16744.0,16267.0,16514.3,16454.45567620928,5065,1985,83341818.0,1137.0,22.45,477.0,-229.7,Eicher Motors,-0.8108449003861984,477.0,-1.3718346870520826,8.3341818,0.05065
2015-11-27,16645.0,17053.95,16510.0,16567.95,16750.53443305573,6244,2181,104590337.0,1186.0,18.99,543.95,-77.05,Eicher Motors,0.3248699611851702,543.9500000000007,-0.4629017723039908,10.4590337,0.06244
2015-11-30,16651.0,16850.0,16538.25,16723.4,16634.3801980198,8585,1649,142806154.0,4957.0,57.74,311.75,72.4,Eicher Motors,0.9382572979759196,311.75,0.43480872019699385,14.2806154,0.08585
2015-12-01,16890.0,16890.0,16191.0,16232.25,16422.59623769777,8027,2807,131824180.0,2089.0,26.02,699.0,-657.75,Eicher Motors,-2.93690278292692,699.0,-3.8943161634103016,13.182418,0.08027
2015-12-02,16400.0,16496.75,16098.9,16343.75,16286.078117862036,4378,1877,71300450.0,439.0,10.03,397.85,-56.25,Eicher Motors,0.6869041568482448,397.85000000000036,-0.3429878048780488,7.130045,0.04378
2015-12-03,16448.0,16728.0,16253.4,16644.15,16588.28330550918,5990,2308,99363817.0,1697.0,28.33,474.6,196.15,Eicher Motors,1.838011472275336,474.60000000000036,1.1925462062256897,9.9363817,0.0599
2015-12-04,16551.0,16680.0,16369.1,16415.2,16464.954365079364,3024,1105,49790022.0,653.0,21.59,310.9,-135.8,Eicher Motors,-1.375558379370534,310.89999999999964,-0.8204942299558895,4.9790022,0.03024
2015-12-07,16504.15,16504.15,16192.6,16227.75,16295.00746855346,2544,1006,41454499.0,829.0,32.59,311.55,-276.4,Eicher Motors,-1.1419294312588368,311.5500000000011,-1.6747302951076029,4.1454499,0.02544
2015-12-08,16299.8,16520.0,16159.1,16326.05,16404.866896816264,2607,1042,42767488.0,934.0,35.83,360.9,26.25,Eicher Motors,0.6057524918734902,360.89999999999964,0.1610449207965742,4.2767488,0.02607
2015-12-09,16308.0,16383.0,15670.0,15723.85,15950.5038647343,4140,1516,66035086.0,719.5,27.695,713.0,-584.15,Eicher Motors,-3.6885835826792057,713.0,-3.581984302182976,6.6035086,0.0414
2015-12-10,15810.9,16091.5,15753.2,16032.05,15957.981409759876,2582,1122,41203508.0,505.0,19.56,338.3,221.15,Eicher Motors,1.960079751460353,338.2999999999993,1.398718605518975,4.1203508,0.02582
2015-12-11,16020.05,16040.0,15465.45,15561.8,15727.407141575452,5573,1998,87648840.0,1707.0,30.63,574.55,-458.25,Eicher Motors,-2.9331869598710036,574.5499999999993,-2.860477963551924,8.764884,0.05573
2015-12-14,15480.0,15480.0,15107.0,15365.2,15281.80430740626,6454,2387,98628765.0,1825.0,28.28,373.0,-114.8,Eicher Motors,-1.263349998072194,373.0,-0.7416020671834578,9.8628765,0.06454
2015-12-15,15400.0,15860.0,15299.95,15793.65,15679.146162221012,3674,1660,57605183.0,889.0,24.2,560.05,393.65,Eicher Motors,2.7884440163486346,560.0499999999993,2.556168831168829,5.7605183,0.03674
2015-12-16,16039.9,16266.0,15950.5,16048.4,16082.793269230768,3328,1568,53523536.0,734.0,22.06,315.5,8.5,Eicher Motors,1.6129900308035294,315.5,0.05299284908260027,5.3523536,0.03328
2015-12-17,16180.3,16340.0,15993.45,16235.7,16130.295010213014,3427,1120,55278521.0,1462.0,42.66,346.55,55.4,Eicher Motors,1.1670945390194642,346.5499999999993,0.34239167382558705,5.5278521,0.03427
2015-12-18,16211.0,16277.5,15850.0,16175.9,16082.901258851298,2542,1283,40882735.0,562.0,22.11,427.5,-35.1,Eicher Motors,-0.36832412523021274,427.5,-0.21651964715316985,4.0882735,0.02542
2015-12-21,16175.0,16304.0,15954.05,16030.45,16052.39720907052,4013,1073,64418270.0,2335.0,58.19,349.95,-144.55,Eicher Motors,-0.8991771709765728,349.9500000000007,-0.8936630602782026,6.441827,0.04013
2015-12-22,16100.0,16188.8,16038.2,16084.45,16094.621212121212,1452,565,23369390.0,309.0,21.28,150.6,-15.55,Eicher Motors,0.3368589153766699,150.59999999999854,-0.0965838509316725,2.336939,0.01452
2015-12-23,16175.1,16237.8,16028.7,16195.3,16169.029144768276,2093,797,33841778.0,838.0,40.04,209.1,20.2,Eicher Motors,0.6891749484750687,209.09999999999854,0.12488330829484151,3.3841778,0.02093
2015-12-24,16274.55,16305.4,16117.05,16184.55,16227.474775784753,1784,658,28949815.0,517.0,28.98,188.35,-90.0,Eicher Motors,-0.06637728229794693,188.35000000000036,-0.5530106823230135,2.8949815,0.01784
2015-12-28,16172.0,16625.0,16172.0,16575.1,16504.60334949317,2269,1043,37448945.0,574.0,25.3,453.0,403.1,Eicher Motors,2.4131038552199335,453.0,2.4925797674993726,3.7448945,0.02269
2015-12-29,16649.0,16724.7,16521.1,16664.25,16649.68110918544,1731,823,28820598.0,535.0,30.91,203.6,15.25,Eicher Motors,0.5378549752339534,203.60000000000218,0.0915970929184936,2.8820598,0.01731
2015-12-30,16720.0,16720.0,16450.0,16527.35,16563.766929133857,1905,644,31553976.0,573.0,30.08,270.0,-192.65,Eicher Motors,-0.8215191202724514,270.0,-1.1522129186602958,3.1553976,0.01905
2015-12-31,16640.65,16904.6,16551.0,16855.2,16784.937026046817,3033,1372,50908714.0,551.0,18.17,353.6,214.55,Eicher Motors,1.9836815944479946,353.59999999999854,1.2893126169951248,5.0908714,0.03033
2016-01-01,16900.0,17690.25,16770.9,17365.25,17344.25420802762,6951,2794,120559911.0,1108.0,15.94,919.35,465.25,Eicher Motors,3.0260691062698797,919.3499999999985,2.752958579881657,12.0559911,0.06951
2016-01-04,17698.0,17974.45,17444.0,17506.25,17691.44780385078,6648,2678,117612745.0,1280.0,19.25,530.45,-191.75,Eicher Motors,0.8119664272037586,530.4500000000007,-1.083455757712736,11.7612745,0.06648
2016-01-05,17530.0,17766.9,17125.0,17169.5,17329.252106581644,4391,1832,76092746.0,1308.0,29.79,641.9,-360.5,Eicher Motors,-1.9235987147447342,641.9000000000015,-2.0564746149458073,7.6092746,0.04391
2016-01-06,17337.85,17630.6,17232.75,17550.15,17414.89040931461,8331,1634,145083452.0,5636.0,67.65,397.85,212.3,Eicher Motors,2.2170127260549233,397.84999999999854,1.2244886188310715,14.5083452,0.08331
2016-01-07,17444.0,17444.0,16944.9,17066.3,17177.434538828147,3567,1498,61271909.0,1201.0,33.67,499.1,-377.7,Eicher Motors,-2.756956493249363,499.09999999999854,-2.1652144003668923,6.1271909,0.03567
2016-01-08,17200.0,17448.75,17144.85,17222.85,17306.17426408747,5945,1303,102885206.0,3880.0,65.26,303.9,22.85,Eicher Motors,0.9173048639716797,303.90000000000146,0.13284883720929386,10.2885206,0.05945
2016-01-11,17200.0,17400.0,16899.0,17257.2,17237.981374172185,2416,1059,41646963.0,629.0,26.03,501.0,57.2,Eicher Motors,0.19944434283525325,501.0,0.332558139534888,4.1646963,0.02416
2016-01-12,17353.0,17388.95,17000.0,17048.95,17147.308887507766,1609,829,27590020.0,501.0,31.14,388.95,-304.05,Eicher Motors,-1.206742692904994,388.9500000000007,-1.7521466028928674,2.759002,0.01609
2016-01-13,17215.05,17228.7,16651.0,17067.4,16911.098649517684,7775,1820,131483792.0,4494.0,57.8,577.7,-147.65,Eicher Motors,0.10821780813481396,577.7000000000007,-0.8576797627657069,13.1483792,0.07775
2016-01-14,16888.0,17054.7,16763.1,16997.9,16933.89896128423,2118,1086,35865998.0,465.0,21.95,291.6,109.9,Eicher Motors,-0.40720906523548095,291.6000000000022,0.6507579346281469,3.5865998,0.02118
2016-01-15,16997.0,17160.7,16105.0,16297.8,16752.832758620687,2320,1385,38866572.0,744.0,32.07,1055.7,-699.2,Eicher Motors,-4.118744080151093,1055.7000000000007,-4.113667117726662,3.8866572,0.0232
2016-01-18,16299.95,16299.95,15300.0,15453.9,15704.570664807066,4302,1825,67561063.0,1659.0,38.56,999.95,-846.05,Eicher Motors,-5.17799948459301,999.9500000000007,-5.1905067193457715,6.7561063,0.04302
2016-01-19,15461.0,15898.95,14817.75,15794.0,15453.39860383944,5730,2643,88547974.0,1214.0,21.19,1081.2,333.0,Eicher Motors,2.200738972039429,1081.2000000000007,2.1538063514649766,8.8547974,0.0573
2016-01-20,15500.0,15729.8,15053.0,15551.5,15335.134881905133,5123,2451,78561896.0,1127.0,22.0,676.8,51.5,Eicher Motors,-1.5353931872863158,676.7999999999993,0.332258064516129,7.8561896,0.05123
2016-01-21,15701.0,15919.7,15462.75,15556.0,15766.017728797317,6261,2040,98711037.0,2301.0,36.75,456.95,-145.0,Eicher Motors,0.02893611548724362,456.9500000000007,-0.923508056811668,9.8711037,0.06261
2016-01-22,15857.4,16580.0,15699.25,16464.95,16209.814115781126,6305,2364,102202878.0,1315.0,20.86,880.75,607.55,Eicher Motors,5.84308305476986,880.75,3.8313342666515386,10.2202878,0.06305
2016-01-25,16666.0,16765.0,16352.1,16426.1,16564.9656612529,2155,1022,35697501.0,492.0,22.83,412.9,-239.9,Eicher Motors,-0.23595577271721124,412.89999999999964,-1.439457578303141,3.5697501,0.02155
2016-01-27,16400.0,16477.05,16121.0,16211.05,16286.08277027027,2368,795,38565444.0,688.0,29.05,356.05,-188.95,Eicher Motors,-1.3091969487583732,356.0499999999993,-1.1521341463414678,3.8565444,0.02368
2016-01-28,16230.0,16282.2,15913.05,15972.6,16036.13737818296,3181,1541,51010953.0,684.0,21.5,369.15,-257.4,Eicher Motors,-1.4709102741648383,369.15000000000146,-1.5859519408502751,5.1010953,0.03181
2016-01-29,16039.1,16663.45,15860.0,16546.75,16289.378535451377,5162,1923,84085772.0,780.0,15.11,803.45,507.65,Eicher Motors,3.5945932409250814,803.4500000000007,3.1650778410259908,8.4085772,0.05162
2016-02-01,16705.1,17138.0,16607.15,17057.05,16911.31086889776,6514,3035,110160279.0,968.0,14.86,530.85,351.95,Eicher Motors,3.0839893030353283,530.8499999999985,2.1068416232168667,11.0160279,0.06514
2016-02-02,17216.6,17377.95,17021.5,17197.15,17202.198888563908,3419,1558,58814318.0,592.0,17.32,356.45,-19.45,Eicher Motors,0.8213612553167327,356.4500000000007,-0.11297236388135343,5.8814318,0.03419
2016-02-03,17005.0,17217.9,16657.0,16773.6,16927.818337781166,5246,1894,88803335.0,1976.0,37.67,560.9,-231.4,Eicher Motors,-2.4629080981441898,560.9000000000015,-1.3607762422816905,8.8803335,0.05246
2016-02-04,16999.95,17268.65,16750.0,16940.65,17001.134704465443,5397,2086,91755124.0,1769.0,32.78,518.65,-59.3,Eicher Motors,0.9959102399008213,518.6500000000015,-0.348824555366335,9.1755124,0.05397
2016-02-05,17100.0,18490.05,16924.15,18128.45,17927.123002482967,31414,13638,563162642.0,4009.0,12.76,1565.9,1028.45,Eicher Motors,7.0115373377054535,1565.8999999999978,6.014327485380122,56.3162642,0.31414
2016-02-08,18350.0,18877.15,18242.0,18374.2,18519.261832301396,9529,3895,176470046.0,1389.0,14.58,635.15,24.2,Eicher Motors,1.3556040367488587,635.1500000000015,0.1318801089918296,17.6470046,0.09529
2016-02-09,18299.0,18362.45,17978.0,18168.8,18175.942338617046,4353,1828,79119877.0,996.0,22.88,384.45,-130.2,Eicher Motors,-1.1178717985000808,384.4500000000007,-0.7115142903983864,7.9119877,0.04353
2016-02-10,18089.2,18235.95,17811.55,17897.9,17984.06921359464,4031,1478,72493783.0,669.0,16.6,424.4,-191.3,Eicher Motors,-1.4910175685790894,424.40000000000146,-1.0575370939566109,7.2493783,0.04031
2016-02-11,17745.2,18021.55,17558.0,17626.95,17705.554522613063,3980,1579,70468107.0,970.0,24.37,463.55,-118.25,Eicher Motors,-1.5138647550830053,463.5499999999993,-0.6663773865608728,7.0468107,0.0398
2016-02-12,17650.1,18230.35,17405.35,17993.2,17786.86197068404,7368,2887,131053599.0,1719.0,23.33,825.0,343.1,Eicher Motors,2.07778430187866,825.0,1.9438983348536394,13.1053599,0.07368
2016-02-15,18136.1,18885.0,18136.1,18754.05,18645.264675161896,4787,2034,89254882.0,1071.0,22.37,748.9,617.95,Eicher Motors,4.228541893604243,748.9000000000015,3.407292637336587,8.9254882,0.04787
2016-02-16,18860.0,18887.95,18641.0,18697.7,18745.730510913887,8338,2550,156301901.0,4083.0,48.97,246.95,-162.3,Eicher Motors,-0.30046843215197905,246.95000000000073,-0.8605514316012687,15.6301901,0.08338
2016-02-17,18698.0,19235.45,18490.0,18800.85,18874.452280405403,7104,3160,134084109.0,1076.0,15.15,745.45,102.85,Eicher Motors,0.551672130796832,745.4500000000007,0.5500588298213636,13.4084109,0.07104
2016-02-18,18888.0,18999.9,18524.6,18721.5,18712.674789672175,3447,1403,64502590.0,948.0,27.5,475.3,-166.5,Eicher Motors,-0.42205538579371815,475.3000000000029,-0.8815120711562896,6.450259,0.03447
2016-02-19,18678.8,18885.05,18243.75,18625.4,18697.556513139305,14156,2570,264682610.0,10394.0,73.42,641.3,-53.4,Eicher Motors,-0.5133135699596614,641.2999999999993,-0.2858856029295127,26.468261,0.14156
2016-02-22,18690.35,18999.0,18669.7,18927.1,18873.75809935205,1852,912,34954200.0,543.0,29.32,329.3,236.75,Eicher Motors,1.6198309834956515,329.2999999999993,1.2666964503072442,3.49542,0.01852
2016-02-23,19005.0,19195.05,18900.6,18968.7,18992.19318181818,3168,1327,60167268.0,806.0,25.44,294.45,-36.3,Eicher Motors,0.21979067052007029,294.4500000000007,-0.19100236779794408,6.0167268,0.03168
2016-02-24,18900.0,19441.15,18765.0,19100.6,19110.651370851367,3465,1514,66218407.0,583.0,16.83,676.15,200.6,Eicher Motors,0.6953560338873954,676.1500000000015,1.0613756613756538,6.6218407,0.03465
2016-02-25,19084.85,19146.3,18630.1,18875.65,18890.34685759745,2514,1208,47490332.0,952.0,37.87,516.2,-209.2,Eicher Motors,-1.177711694920558,516.2000000000007,-1.096157423296474,4.7490332,0.02514
2016-02-26,19019.0,19149.0,18794.95,18857.3,18889.942813572245,2623,1022,49548320.0,573.0,21.85,354.05,-161.7,Eicher Motors,-0.09721519523832045,354.0499999999993,-0.8502024291498014,4.954832,0.02623
2016-02-29,18888.0,19400.0,18500.0,18894.8,19010.34892718959,5686,2389,108092844.0,957.0,16.83,900.0,6.8,Eicher Motors,0.19886197918048687,900.0,0.03600169419737014,10.8092844,0.05686
2016-03-01,18988.0,19363.0,18884.0,19183.0,19202.5840152236,5255,2339,100909579.0,1108.0,21.08,479.0,195.0,Eicher Motors,1.525287380655005,479.0,1.0269643985675163,10.0909579,0.05255
2016-03-02,19400.1,19989.0,19200.0,19274.65,19309.568906326633,4078,1875,78744422.0,980.0,24.03,789.0,-125.45,Eicher Motors,0.4777667726633128,789.0,-0.6466461513084835,7.8744422,0.04078
2016-03-03,19300.1,19400.0,19260.1,19323.25,19321.06382022472,2225,777,42989367.0,964.0,43.33,139.9,23.15,Eicher Motors,0.2521446563231944,139.90000000000146,0.11994756503853066,4.2989367,0.02225
2016-03-04,19270.0,19388.85,19130.0,19245.8,19255.023098591548,1775,770,34177666.0,466.0,26.25,258.85,-24.2,Eicher Motors,-0.4008124927225021,258.84999999999854,-0.12558380902958344,3.4177666,0.01775
2016-03-08,19174.1,19950.0,19151.0,19860.95,19606.028907563024,5950,2456,116655872.0,1768.0,29.71,799.0,686.85,Eicher Motors,3.196281786155941,799.0,3.5821759561074686,11.6655872,0.0595
2016-03-09,19735.0,20274.4,19735.0,19934.15,19870.545540026495,23397,2004,464911154.0,19989.0,85.43,539.4,199.15,Eicher Motors,0.36856243029663727,539.4000000000015,1.00912085127946,46.4911154,0.23397
2016-03-10,19930.0,19999.9,19700.0,19790.05,19875.64131916053,3669,818,72923728.0,2265.0,61.73,299.9,-139.95,Eicher Motors,-0.7228800826722059,299.90000000000146,-0.70220772704466,7.2923728,0.03669
2016-03-11,19799.0,20113.5,19761.0,19996.85,19996.959475106138,2591,1089,51812122.0,760.0,29.33,352.5,197.85,Eicher Motors,1.0449695680404991,352.5,0.9992928935804766,5.1812122,0.02591
2016-03-14,20080.0,20263.3,19801.0,19827.6,19953.00243582537,5337,1607,106489174.0,3373.0,63.2,462.3,-252.4,Eicher Motors,-0.8463833053705905,462.2999999999993,-1.256972111553792,10.6489174,0.05337
2016-03-15,19830.05,19830.05,19493.4,19551.85,19626.054650047936,2086,771,40939950.0,849.0,40.7,336.65,-278.2,Eicher Motors,-1.3907381629647553,336.6499999999978,-1.4029213239502711,4.093995,0.02086
2016-03-16,19589.8,19589.8,18640.0,18702.65,18874.381184350736,6569,2590,123985810.0,2071.0,31.53,949.8,-887.15,Eicher Motors,-4.343323010354505,949.7999999999993,-4.528632247394041,12.398581,0.06569
2016-03-17,18800.0,18800.0,17990.3,18017.7,18262.278956788545,7822,2977,142847546.0,1805.0,23.08,809.7,-782.3,Eicher Motors,-3.6623152334027576,809.7000000000007,-4.161170212765954,14.2847546,0.07822
2016-03-18,18118.0,18488.0,17906.8,18403.1,18225.479957323576,6561,2761,119577374.0,1141.0,17.39,581.2,285.1,Eicher Motors,2.1390077534868324,581.2000000000007,1.5735732420796917,11.9577374,0.06561
2016-03-21,18475.25,18584.65,18179.9,18372.45,18374.137701804368,5265,2276,96739835.0,1582.0,30.05,404.75,-102.8,Eicher Motors,-0.16654802723452544,404.75,-0.5564200755064168,9.6739835,0.05265
2016-03-22,18499.85,18499.85,18001.0,18227.45,18250.12025316456,3792,1482,69204456.0,1356.0,35.76,498.85,-272.4,Eicher Motors,-0.7892251713843335,498.84999999999854,-1.4724443711705653,6.9204456,0.03792
2016-03-23,18318.0,18704.15,18018.0,18541.1,18407.346783764537,4213,1813,77550152.0,1210.0,28.72,686.15,223.1,Eicher Motors,1.7207563317962693,686.1500000000015,1.2179277213669535,7.7550152,0.04213
2016-03-28,18581.25,18649.9,18325.1,18408.4,18479.85389901404,3347,1267,61852071.0,1149.0,34.33,324.8,-172.85,Eicher Motors,-0.7157072665591402,324.8000000000029,-0.9302388160107558,6.1852071,0.03347
2016-03-29,18599.95,18748.95,18200.0,18627.85,18570.968297349,7318,1416,135902346.0,4373.0,59.76,548.95,27.9,Eicher Motors,1.1921188153234175,548.9500000000007,0.15000040322687866,13.5902346,0.07318
2016-03-30,18879.85,18879.85,18568.55,18708.85,18697.149911295088,3382,1442,63233761.0,1102.0,32.58,311.3,-171.0,Eicher Motors,0.4348327906870564,311.2999999999993,-0.9057275349115592,6.3233761,0.03382
2016-03-31,18621.05,19367.55,18579.0,19139.85,18935.82894736842,4180,1549,79151765.0,1488.0,35.6,788.55,518.8,Eicher Motors,2.3037225697998487,788.5499999999993,2.78609423206532,7.9151765,0.0418
2016-04-01,19149.7,19449.9,18950.0,19238.5,19238.383719548423,8415,4166,161890999.0,894.0,10.62,499.9,88.8,Eicher Motors,0.515416787487899,499.90000000000146,0.4637148362637496,16.1890999,0.08415
2016-04-04,19315.1,19561.0,19290.05,19489.1,19428.40601313795,3958,1568,76897631.0,1133.0,28.63,270.95,174.0,Eicher Motors,1.3025963562647735,270.9500000000007,0.9008495943588178,7.6897631,0.03958
2016-04-05,19400.0,19405.1,18690.0,18746.6,19030.27031408308,4935,2216,93914384.0,1344.0,27.23,715.1,-653.4,Eicher Motors,-3.809821900446919,715.0999999999985,-3.3680412371134096,9.3914384,0.04935
2016-04-06,18725.0,19250.0,18664.5,19173.2,19022.69378457533,3073,1305,58456738.0,670.0,21.8,585.5,448.2,Eicher Motors,2.275612644426195,585.5,2.393591455273702,5.8456738,0.03073
2016-04-07,19270.0,19270.0,18709.55,18869.65,18989.98831092928,1711,839,32491870.0,319.0,18.64,560.45,-400.35,Eicher Motors,-1.5831994659211812,560.4500000000007,-2.0775817332641338,3.249187,0.01711
2016-04-08,18868.0,19300.0,18825.0,19178.2,19055.701857282504,3069,1119,58481949.0,1045.0,34.05,475.0,310.2,Eicher Motors,1.6351654641183044,475.0,1.6440534237863087,5.8481949,0.03069
2016-04-11,19199.0,19400.0,19011.0,19360.9,19237.56,3100,1380,59636436.0,618.0,19.94,389.0,161.9,Eicher Motors,0.9526441480431025,389.0,0.8432730871399627,5.9636436,0.031
2016-04-12,18750.0,19590.0,18750.0,19528.85,19481.4901659496,3254,1582,63392769.0,576.0,17.7,840.0,778.85,Eicher Motors,0.8674700039770666,840.0,4.1538666666666595,6.3392769,0.03254
2016-04-13,19619.0,19959.95,19619.0,19896.85,19885.10077751196,3344,1568,66495777.0,1049.0,31.37,340.95,277.85,Eicher Motors,1.8843915540341705,340.9500000000007,1.4162291656047634,6.6495777,0.03344
2016-04-18,19896.0,20597.0,19896.0,20252.9,20184.72087985336,6001,1487,121128510.0,3824.0,63.72,701.0,356.9,Eicher Motors,1.7894792391760728,701.0,1.7938279051065615,12.112851,0.06001
2016-04-20,20255.0,20570.0,20250.0,20499.3,20426.8203477141,3106,1547,63445704.0,770.0,24.79,320.0,244.3,Eicher Motors,1.2166158920450698,320.0,1.2061219451987129,6.3445704,0.03106
2016-04-21,20520.0,20705.75,20131.15,20312.7,20542.467367498903,2283,1072,46898453.0,490.0,21.46,574.6,-207.3,Eicher Motors,-0.9102749849994818,574.5999999999985,-1.0102339181286513,4.6898453,0.02283
2016-04-22,20230.0,20364.0,20100.0,20164.65,20285.95910861099,4622,673,93761703.0,3470.0,75.08,264.0,-65.35,Eicher Motors,-0.7288543620493582,264.0,-0.3230350963914906,9.3761703,0.04622
2016-04-25,20100.65,20160.0,19919.95,19939.45,19990.422746781114,1398,595,27946611.0,559.0,39.99,240.05,-161.2,Eicher Motors,-1.116805895465578,240.04999999999927,-0.8019641155883054,2.7946611,0.01398
2016-04-26,19950.0,20330.35,19854.75,20167.4,20080.1124668435,1885,902,37851012.0,311.0,16.5,475.6,217.4,Eicher Motors,1.1432110715190236,475.59999999999854,1.0897243107769496,3.7851012,0.01885
2016-04-27,20200.0,20200.0,20060.35,20127.2,20120.138849929877,1426,513,28691318.0,549.0,38.5,139.65,-72.8,Eicher Motors,-0.19933159455358673,139.65000000000146,-0.36039603960395683,2.8691318,0.01426
2016-04-28,20280.0,20314.95,20084.3,20250.8,20192.991585473872,2258,940,45595775.0,1019.0,45.13,230.65,-29.2,Eicher Motors,0.614094359871209,230.65000000000146,-0.1439842209073014,4.5595775,0.02258
2016-04-29,20250.0,20307.9,19932.9,20032.65,20073.96867551924,2937,1034,58957246.0,1031.0,35.1,375.0,-217.35,Eicher Motors,-1.0772413929326152,375.0,-1.0733333333333261,5.8957246,0.02937
2016-05-02,19979.0,20150.0,19821.1,19874.75,19958.281954887218,2926,1272,58397933.0,717.0,24.5,328.9,-104.25,Eicher Motors,-0.7882132418826293,328.90000000000146,-0.5217978877821713,5.8397933,0.02926
2016-05-03,20000.0,20286.0,19818.0,19969.4,20037.138289036546,2408,868,48249429.0,747.0,31.02,468.0,-30.6,Eicher Motors,0.47623240543905876,468.0,-0.15299999999999273,4.8249429,0.02408
2016-05-04,19965.0,20100.9,19619.4,19746.5,19803.074211502782,2156,1026,42695428.0,596.0,27.64,481.5,-218.5,Eicher Motors,-1.116207797930846,481.5,-1.0944152266466316,4.2695428,0.02156
2016-05-05,19888.0,19999.0,19208.0,19687.45,19722.238535830136,27128,8412,535024887.0,5372.0,19.8,791.0,-200.55,Eicher Motors,-0.2990403362621241,791.0,-1.0083970233306478,53.5024887,0.27128
2016-05-06,19799.9,20337.75,19631.0,20216.8,20085.880706431188,9003,3497,180833184.0,1225.0,13.61,706.75,416.9,Eicher Motors,2.6887687333809085,706.75,2.1055661897282194,18.0833184,0.09003
2016-05-09,20300.05,20500.0,20300.0,20475.45,20420.55218068536,2568,961,52439978.0,874.0,34.03,200.0,175.4,Eicher Motors,1.279381504491317,200.0,0.8640372806963602,5.2439978,0.02568
2016-05-10,20450.0,20466.95,20099.95,20255.9,20236.603971962617,1712,901,34645066.0,333.0,19.45,367.0,-194.1,Eicher Motors,-1.0722597061358807,367.0,-0.9491442542787215,3.4645066,0.01712
2016-05-11,20199.95,20199.95,19884.05,19981.45,20031.962254655256,1987,917,39803509.0,268.0,13.49,315.9,-218.5,Eicher Motors,-1.3549138769444968,315.90000000000146,-1.0816858457570437,3.9803509,0.01987
2016-05-12,20099.85,20245.0,19715.0,19749.55,19997.908952574184,3943,1625,78851755.0,953.0,24.17,530.0,-350.3,Eicher Motors,-1.1605764346431346,530.0,-1.7427990756149887,7.8851755,0.03943
2016-05-13,18900.0,19624.15,18826.0,18995.75,19057.365668295744,44606,10495,850072853.0,5344.0,11.98,798.15,95.75,Eicher Motors,-3.81679582572767,798.1500000000015,0.5066137566137565,85.0072853,0.44606
2016-05-16,19050.0,19211.0,18870.0,19067.15,19017.612851081023,4949,2116,94118166.0,1130.0,22.83,341.0,17.15,Eicher Motors,0.37587355066266426,341.0,0.09002624671916774,9.4118166,0.04949
2016-05-17,19105.1,19105.1,18585.0,18611.35,18832.348668796592,4695,1833,88417877.0,1607.0,34.23,520.1,-493.75,Eicher Motors,-2.3904988422496443,520.0999999999985,-2.5843884617196458,8.8417877,0.04695
2016-05-18,18550.0,18807.2,18349.2,18720.15,18509.58943507914,15542,1924,287676039.0,11686.0,75.19,458.0,170.15,Eicher Motors,0.5845895112391197,458.0,0.9172506738544552,28.7676039,0.15542
2016-05-19,18607.6,18697.9,18101.5,18223.2,18386.60434891277,4001,1732,73564804.0,1712.0,42.79,596.4,-384.4,Eicher Motors,-2.6546261648544567,596.4000000000015,-2.0658225671230994,7.3564804,0.04001
2016-05-20,18230.0,18350.0,18121.4,18286.95,18269.91810595769,5153,2083,94144888.0,2658.0,51.58,228.6,56.95,Eicher Motors,0.349828789674711,228.59999999999854,0.31239714755897274,9.4144888,0.05153
2016-05-23,18389.4,18435.25,18200.0,18257.1,18328.983992467045,3186,992,58396143.0,1475.0,46.3,235.25,-132.3,Eicher Motors,-0.1632311566445055,235.25,-0.7194361969395571,5.8396143,0.03186
2016-05-24,18270.0,18284.9,18025.1,18175.65,18165.970293609673,2895,1001,52590484.0,1254.0,43.32,259.8,-94.35,Eicher Motors,-0.4461278078117359,259.8000000000029,-0.5164203612479394,5.2590484,0.02895
2016-05-25,18280.05,18549.0,18275.0,18525.4,18423.234561991383,4178,1509,76972274.0,1468.0,35.14,274.0,245.35,Eicher Motors,1.9242778112474657,274.0,1.3421735717353191,7.6972274,0.04178
2016-05-26,18520.0,18662.65,18325.55,18421.1,18531.323057953145,4055,1707,75144515.0,1565.0,38.59,337.1,-98.9,Eicher Motors,-0.5630107851922417,337.1000000000022,-0.5340172786177185,7.5144515,0.04055
2016-05-27,18421.1,18794.95,18421.1,18751.3,18634.140028288544,2828,1040,52697348.0,772.0,27.3,373.85,330.2,Eicher Motors,1.7925096764036974,373.8500000000022,1.7925096764036932,5.2697348,0.02828
2016-05-30,18800.0,18800.0,18600.0,18720.95,18709.571029082774,1788,802,33452713.0,563.0,31.49,200.0,-79.05,Eicher Motors,-0.1618554446891629,200.0,-0.4204787234042514,3.3452713,0.01788
2016-05-31,18852.0,18950.0,18410.0,18524.2,18609.92153170119,3186,1368,59291210.0,972.0,30.51,540.0,-327.8,Eicher Motors,-1.0509616232082242,540.0,-1.7388075535752137,5.929121,0.03186
2016-06-01,18437.55,18814.9,18437.5,18692.15,18704.85933014354,5225,2175,97732890.0,757.0,14.49,377.4,254.6,Eicher Motors,0.9066518392157219,377.40000000000146,1.3808776111793712,9.773289,0.05225
2016-06-02,18734.3,18900.0,18687.2,18767.3,18812.72679738562,2295,1067,43175208.0,673.0,29.32,212.8,33.0,Eicher Motors,0.4020404287361057,212.79999999999927,0.17614749416845038,4.3175208,0.02295
2016-06-03,18767.3,18898.0,18623.25,18781.5,18795.256103896103,1925,768,36180868.0,766.0,39.79,274.75,14.2,Eicher Motors,0.0756635211245138,274.75,0.075663521124513,3.6180868,0.01925
2016-06-06,18795.0,19065.0,18760.0,18955.35,18970.727091633464,2510,1054,47616525.0,935.0,37.25,305.0,160.35,Eicher Motors,0.9256449165402136,305.0,0.8531524341580131,4.7616525,0.0251
2016-06-07,19100.0,19190.6,18725.1,18805.7,18899.242371905584,1737,728,32827984.0,494.0,28.44,465.5,-294.3,Eicher Motors,-0.7894868730991433,465.5,-1.5408376963350747,3.2827984,0.01737
2016-06-08,18858.4,18907.0,18690.05,18799.65,18795.228771929826,1425,620,26783201.0,546.0,38.32,216.95,-58.75,Eicher Motors,-0.032171097060995635,216.95000000000073,-0.31153226148559787,2.6783201,0.01425
2016-06-09,18859.95,18886.95,18565.0,18608.65,18712.521806853583,1284,578,24026878.0,407.0,31.7,321.95,-251.3,Eicher Motors,-1.0159763612620498,321.9500000000007,-1.3324531613286317,2.4026878,0.01284
2016-06-10,18550.0,18725.55,18443.4,18620.65,18589.639715123583,2387,914,44373470.0,500.0,20.95,282.15,70.65,Eicher Motors,0.06448613951037796,282.1499999999978,0.3808625336927302,4.437347,0.02387
2016-06-13,18575.0,18575.0,18279.9,18416.85,18400.818364073777,2494,1090,45891641.0,775.0,31.07,295.1,-158.15,Eicher Motors,-1.094483812326652,295.09999999999854,-0.8514131897712057,4.5891641,0.02494
2016-06-14,18450.0,18844.6,18350.0,18761.3,18571.588941053727,1917,787,35601736.0,559.0,29.16,494.6,311.3,Eicher Motors,1.8702981237290972,494.59999999999854,1.6872628726287222,3.5601736,0.01917
2016-06-15,18750.0,18750.0,18561.7,18634.65,18633.740813008128,3075,791,57298753.0,1892.0,61.53,188.3,-115.35,Eicher Motors,-0.6750598306087374,188.29999999999927,-0.6151999999999922,5.7298753,0.03075
2016-06-16,18600.0,18885.0,18525.0,18783.4,18750.398870636553,1948,858,36525777.0,500.0,25.67,360.0,183.4,Eicher Motors,0.7982441312286426,360.0,0.9860215053763518,3.6525777,0.01948
2016-06-17,18850.0,18879.65,18685.0,18744.85,18739.163250883394,1415,663,26515916.0,428.0,30.25,194.65,-105.15,Eicher Motors,-0.2052344091059255,194.65000000000146,-0.5578249336870104,2.6515916,0.01415
2016-06-20,18799.7,18800.0,18612.15,18654.95,18672.961054766733,2465,981,46028849.0,1087.0,44.1,187.85,-144.75,Eicher Motors,-0.4795983963595263,187.84999999999854,-0.7699590950919429,4.6028849,0.02465
2016-06-21,18663.55,18850.0,18634.0,18730.5,18753.306964164974,1479,506,27736141.0,330.0,22.31,216.0,66.95,Eicher Motors,0.40498634410706114,216.0,0.35872060781577314,2.7736141,0.01479
2016-06-22,18675.05,18809.6,18667.35,18771.5,18735.141758769823,2081,909,38987830.0,629.0,30.23,142.25,96.45,Eicher Motors,0.21889431675610194,142.25,0.5164644806841252,3.898783,0.02081
2016-06-23,18757.5,18790.0,18610.0,18660.25,18680.26653696498,2056,627,38406628.0,942.0,45.82,180.0,-97.25,Eicher Motors,-0.5926537570252743,180.0,-0.5184592829534853,3.8406628,0.02056
2016-06-24,18500.0,18696.15,18006.0,18623.8,18244.063243581717,3194,1280,58271538.0,737.0,23.07,690.15,123.8,Eicher Motors,-0.19533500355033429,690.1500000000015,0.6691891891891852,5.8271538,0.03194
2016-06-27,18664.0,18733.45,18451.05,18701.4,18672.783008658007,1848,825,34507303.0,611.0,33.06,282.4,37.4,Eicher Motors,0.41667114122789783,282.40000000000146,0.20038576939563577,3.4507303,0.01848
2016-06-28,18757.1,19248.0,18757.05,19188.5,19055.58964741185,3999,1677,76203303.0,1423.0,35.58,490.95,431.4,Eicher Motors,2.6046178360978223,490.9500000000007,2.2999290935165964,7.6203303,0.03999
2016-06-29,19277.75,19330.0,19044.75,19110.45,19170.714189643575,1487,712,28506852.0,265.0,17.82,285.25,-167.3,Eicher Motors,-0.4067540453917662,285.25,-0.8678398672044159,2.8506852,0.01487
2016-06-30,19228.35,19311.0,19100.0,19223.7,19235.734055354995,1662,776,31969790.0,575.0,34.6,211.0,-4.65,Eicher Motors,0.5926077093945992,211.0,-0.024183042226700768,3.196979,0.01662
2016-07-01,19299.0,19462.15,19020.05,19156.55,19298.93429697766,3805,1506,73432445.0,623.0,16.37,442.1,-142.45,Eicher Motors,-0.3493084057699658,442.1000000000022,-0.7381211461733806,7.3432445,0.03805
2016-07-04,19362.75,19627.95,19251.05,19463.6,19470.332107843136,3264,1096,63551164.0,596.0,18.26,376.9,100.85,Eicher Motors,1.602846023944804,376.90000000000146,0.5208454377606412,6.3551164,0.03264
2016-07-05,19744.85,19744.85,19337.25,19419.3,19396.651819322455,1594,459,30918263.0,540.0,33.88,407.6,-325.55,Eicher Motors,-0.22760434863026147,407.59999999999854,-1.648784366556339,3.0918263,0.01594
2016-07-07,19600.0,19629.2,19309.2,19576.95,19503.03324808184,2737,844,53379802.0,813.0,29.7,320.0,-23.05,Eicher Motors,0.8118212293955152,320.0,-0.1176020408163228,5.3379802,0.02737
2016-07-08,19520.0,19580.0,19397.0,19451.8,19451.59830268741,1414,403,27504560.0,485.0,34.3,183.0,-68.2,Eicher Motors,-0.6392722053231048,183.0,-0.34938524590164305,2.750456,0.01414
2016-07-11,19637.45,19649.85,19481.75,19550.0,19557.495882891126,1093,448,21376343.0,285.0,26.08,168.1,-87.45,Eicher Motors,0.5048375985770015,168.09999999999854,-0.44532258516253753,2.1376343,0.01093
2016-07-12,19550.25,19751.25,19536.4,19668.6,19615.09513546798,3248,868,63709829.0,1213.0,37.35,214.85,118.35,Eicher Motors,0.6066496163682711,214.84999999999854,0.6053631027736144,6.3709829,0.03248
2016-07-13,19688.8,19688.8,19414.05,19526.3,19519.223184941737,3347,941,65330840.0,955.0,28.53,274.75,-162.5,Eicher Motors,-0.7234881994651388,274.75,-0.825342326601926,6.533084,0.03347
2016-07-14,19552.0,19596.75,19470.0,19509.5,19516.388578522656,1611,505,31440902.0,450.0,27.93,126.75,-42.5,Eicher Motors,-0.08603780542140171,126.75,-0.21736906710310963,3.1440902,0.01611
2016-07-15,19594.65,19850.0,19539.0,19774.2,19625.877123574584,17188,1099,337329576.0,14366.0,83.58,311.0,179.55,Eicher Motors,1.3567749045336974,311.0,0.9163215469528635,33.7329576,0.17188
2016-07-18,19777.0,19999.0,19777.0,19900.8,19938.74176448315,2641,1009,52658217.0,828.0,31.35,222.0,123.8,Eicher Motors,0.6402281761082484,222.0,0.6259796733579374,5.2658217,0.02641
2016-07-19,19919.0,19966.1,19525.05,19696.0,19705.138221153848,1664,770,32789350.0,706.0,42.43,441.05,-223.0,Eicher Motors,-1.0291043576137637,441.0499999999993,-1.119534113158291,3.278935,0.01664
2016-07-20,19800.0,19901.9,19703.35,19857.75,19821.06121372032,1895,448,37560911.0,749.0,39.53,198.55,57.75,Eicher Motors,0.821232737611699,198.5500000000029,0.2916666666666667,3.7560911,0.01895
2016-07-21,19857.0,19900.0,19635.75,19684.9,19762.016,1500,596,29643024.0,349.0,23.27,264.25,-172.1,Eicher Motors,-0.8704410116956773,264.25,-0.8666968827113791,2.9643024,0.015
2016-07-22,19788.0,19880.0,19630.5,19832.1,19766.28256794752,2134,1115,42181247.0,866.0,40.58,249.5,44.1,Eicher Motors,0.7477812942915385,249.5,0.22286234081260636,4.2181247,0.02134
2016-07-25,19900.0,19992.0,19768.55,19938.35,19914.64139941691,3087,560,61476498.0,2081.0,67.41,223.45,38.35,Eicher Motors,0.5357476011113249,223.45000000000073,0.19271356783918867,6.1476498,0.03087
2016-07-26,19939.0,20150.0,19856.2,20122.2,20042.542843909217,2159,677,43271850.0,1312.0,60.77,293.8,183.2,Eicher Motors,0.922092349667869,293.7999999999993,0.9188023471588381,4.327185,0.02159
2016-07-27,20120.0,20448.0,20100.0,20335.35,20233.973819009676,3514,1164,71102184.0,1804.0,51.34,348.0,215.35,Eicher Motors,1.059277812565207,348.0,1.070328031809138,7.1102184,0.03514
2016-07-28,20640.0,21199.0,20500.0,21075.2,20855.47608580974,11374,4216,237210185.0,2237.0,19.67,699.0,435.2,Eicher Motors,3.6382457149741754,699.0,2.108527131782949,23.7210185,0.11374
2016-07-29,21555.0,22567.0,21526.05,22465.8,22102.05065030225,21836,7668,482620378.0,4463.0,20.44,1040.95,910.8,Eicher Motors,6.598276647433954,1040.9500000000007,4.225469728601249,48.2620378,0.21836
2016-08-01,22555.0,22945.0,22198.15,22297.75,22527.00776699029,9270,2937,208825362.0,1899.0,20.49,746.85,-257.25,Eicher Motors,-0.7480258882390123,746.8499999999985,-1.140545333628907,20.8825362,0.0927
2016-08-02,22495.0,22850.0,21803.2,21839.75,22188.69924390927,3571,1088,79235845.0,790.0,22.12,1046.8,-655.25,Eicher Motors,-2.0540189032525746,1046.7999999999993,-2.912869526561458,7.9235845,0.03571
2016-08-03,21987.0,22129.3,21250.0,21382.15,21713.429723502304,4340,1122,94236285.0,1144.0,26.36,879.3,-604.85,Eicher Motors,-2.0952620794651877,879.2999999999993,-2.7509437394824148,9.4236285,0.0434
2016-08-04,21700.0,21700.0,20980.55,21423.85,21324.66782106782,3465,1099,73889974.0,722.0,20.84,719.45,-276.15,Eicher Motors,0.19502248370719677,719.4500000000007,-1.272580645161297,7.3889974,0.03465
2016-08-05,21506.0,22413.3,21502.0,22258.3,22037.78535624776,5586,1731,123103069.0,939.0,16.81,911.3,752.3,Eicher Motors,3.8949581891210006,911.2999999999993,3.4980935552868937,12.3103069,0.05586
2016-08-08,22399.95,22498.8,22089.95,22440.65,22318.73121019108,2355,886,52560612.0,608.0,25.82,408.85,40.7,Eicher Motors,0.8192449558142467,408.84999999999854,0.18169683414472232,5.2560612,0.02355
2016-08-09,22340.05,22340.05,21797.9,22064.3,22110.77125506073,1976,786,43690884.0,331.0,16.75,542.15,-275.75,Eicher Motors,-1.6770904586097202,542.1499999999978,-1.2343302723136251,4.3690884,0.01976
2016-08-10,22065.0,22065.95,21596.0,21724.2,21829.832318760375,1807,682,39446507.0,275.0,15.22,469.95,-340.8,Eicher Motors,-1.541403987436718,469.9500000000007,-1.5445275322909553,3.9446507,0.01807
2016-08-11,21700.05,22450.0,21542.85,22281.7,22086.09423347398,3555,1244,78516065.0,549.0,15.44,907.15,581.65,Eicher Motors,2.566262509091244,907.1500000000015,2.6804085704871716,7.8516065,0.03555
2016-08-12,22280.0,22550.0,22011.6,22263.3,22346.016298811544,2945,922,65809018.0,1073.0,36.43,538.4,-16.7,Eicher Motors,-0.08257897736708708,538.4000000000015,-0.07495511669659213,6.5809018,0.02945
2016-08-16,22409.55,22639.95,22151.0,22450.5,22394.79725609756,1968,904,44072961.0,396.0,20.12,488.95,40.95,Eicher Motors,0.8408456967295974,488.9500000000007,0.18273459306412101,4.4072961,0.01968
2016-08-17,22450.0,22500.0,22150.0,22275.2,22333.774768824303,1514,562,33813335.0,597.0,39.43,350.0,-174.8,Eicher Motors,-0.7808289347675967,350.0,-0.7786191536748297,3.3813335,0.01514
2016-08-18,22426.0,22450.25,22100.0,22190.05,22310.72682323857,809,362,18049378.0,227.0,28.06,350.25,-235.95,Eicher Motors,-0.3822636833788362,350.25,-1.0521269954517112,1.8049378,0.00809
2016-08-19,22200.0,22370.0,21682.5,21759.35,21977.0283446712,2646,861,58151217.0,913.0,34.5,687.5,-440.65,Eicher Motors,-1.940960024876015,687.5,-1.9849099099099166,5.8151217,0.02646
2016-08-22,21760.0,21925.0,21572.0,21798.25,21669.00552727273,6875,831,148974413.0,5497.0,79.96,353.0,38.25,Eicher Motors,0.1787737225606545,353.0,0.17578125,14.8974413,0.06875
2016-08-23,21725.0,22059.0,21639.75,22003.05,21925.368555758683,10940,635,239863532.0,9910.0,90.59,419.25,278.05,Eicher Motors,0.9395249618662005,419.25,1.2798619102416537,23.9863532,0.1094
2016-08-24,22054.1,22224.85,21950.0,22121.8,22100.460402684563,2235,782,49394529.0,972.0,43.49,274.85,67.7,Eicher Motors,0.5396979055176443,274.84999999999854,0.3069723996898569,4.9394529,0.02235
2016-08-25,22194.6,22350.0,22005.35,22116.35,22257.595080046856,2561,971,57001701.0,1185.0,46.27,344.65,-78.25,Eicher Motors,-0.024636331582428284,344.65000000000146,-0.35256323610247536,5.7001701,0.02561
2016-08-26,22222.0,22348.95,22128.45,22327.4,22289.542234332424,1468,511,32721048.0,386.0,26.29,220.5,105.4,Eicher Motors,0.9542713874577169,220.5,0.47430474304743697,3.2721048,0.01468
2016-08-29,22250.0,22451.35,22145.0,22310.6,22252.484523057483,1583,507,35225683.0,576.0,36.39,306.35,60.6,Eicher Motors,-0.0752438707597114,306.34999999999854,0.27235955056179123,3.5225683,0.01583
2016-08-30,22330.0,23100.0,22300.0,23043.55,22864.468409586058,5049,1802,115442701.0,1510.0,29.91,800.0,713.55,Eicher Motors,3.285209720939819,800.0,3.195476936856244,11.5442701,0.05049
2016-08-31,23100.0,23390.95,22600.0,22732.7,23000.075180874486,6358,2074,146234478.0,1587.0,24.96,790.95,-367.3,Eicher Motors,-1.3489674984973998,790.9500000000007,-1.590043290043287,14.6234478,0.06358
2016-09-01,22816.9,22970.0,22650.0,22786.4,22792.804362644853,2934,1147,66874088.0,491.0,16.73,320.0,-30.5,Eicher Motors,0.23622358980674996,320.0,-0.1336728477575832,6.6874088,0.02934
2016-09-02,22800.0,23028.65,22735.2,22801.35,22878.705072463767,1380,498,31572613.0,423.0,30.65,293.45,1.35,Eicher Motors,0.06560931081696086,293.4500000000007,0.0059210526315725655,3.1572613,0.0138
2016-09-06,22943.05,23062.95,22899.25,22971.0,22979.60271756713,3091,1218,71029952.0,755.0,24.43,163.7,27.95,Eicher Motors,0.7440348926708307,163.70000000000073,0.12182338442360857,7.1029952,0.03091
2016-09-07,23050.0,23090.0,22825.05,22973.9,22946.842011570985,2247,750,51561554.0,532.0,23.68,264.95,-76.1,Eicher Motors,0.012624613643286153,264.9500000000007,-0.3301518438177811,5.1561554,0.02247
2016-09-08,23000.0,23445.0,22858.1,23349.85,23139.68654801988,6237,1347,144322225.0,2835.0,45.45,586.9,349.85,Eicher Motors,1.6364222008453,586.9000000000015,1.5210869565217329,14.4322225,0.06237
2016-09-09,23400.0,23557.8,22900.05,22949.75,23169.59382113821,3075,946,71246501.0,685.0,22.28,657.75,-450.25,Eicher Motors,-1.713501371529147,657.75,-1.9241452991452992,7.1246501,0.03075
2016-09-12,22799.9,22817.95,22407.0,22744.65,22691.157284203346,2931,983,66507782.0,494.0,16.85,410.95,-55.25,Eicher Motors,-0.8936916524145078,410.9500000000007,-0.24232562423519402,6.6507782,0.02931
2016-09-14,22744.65,22899.95,22358.05,22596.2,22510.878851836216,2369,863,53328272.0,546.0,23.05,541.9,-148.45,Eicher Motors,-0.6526809601378858,541.9000000000015,-0.6526809601378817,5.3328272,0.02369
2016-09-15,22689.7,22689.7,22296.55,22491.3,22422.89885583524,4370,1435,97988068.0,668.0,15.29,393.15,-198.4,Eicher Motors,-0.4642373496428709,393.15000000000146,-0.87440556728384,9.7988068,0.0437
2016-09-16,22550.0,23199.9,22550.0,23056.35,22916.41873915558,5187,1305,118867464.0,1055.0,20.34,649.9,506.35,Eicher Motors,2.5123047578397006,649.9000000000015,2.245454545454539,11.8867464,0.05187
2016-09-19,23110.0,23300.75,23011.5,23082.15,23149.557077625566,1533,577,35488271.0,542.0,35.36,289.25,-27.85,Eicher Motors,0.11189975863483692,289.25,-0.1205106014712183,3.5488271,0.01533
2016-09-20,23223.0,23470.0,23132.6,23343.8,23292.61559679037,3988,1313,92890951.0,833.0,20.89,337.4,120.8,Eicher Motors,1.1335599153458276,337.40000000000146,0.5201739654652684,9.2890951,0.03988
2016-09-21,23343.8,24199.9,23340.0,24118.75,23878.571234207968,5145,2074,122855249.0,1002.0,19.48,859.9,774.95,Eicher Motors,3.319725151860453,859.9000000000015,3.3197251518604545,12.2855249,0.05145
2016-09-22,24400.0,24886.9,24288.0,24777.65,24584.190332326285,4303,1688,105785771.0,1043.0,24.24,598.9,377.65,Eicher Motors,2.731899455817577,598.9000000000015,1.5477459016393502,10.5785771,0.04303
2016-09-23,24725.0,25000.0,24550.0,24863.55,24824.84724594364,9368,1466,232559169.0,6910.0,73.76,450.0,138.55,Eicher Motors,0.34668340217896,450.0,0.5603640040444865,23.2559169,0.09368
2016-09-26,24750.0,24978.0,24560.0,24660.35,24740.962526766594,1868,801,46216118.0,525.0,28.1,418.0,-89.65,Eicher Motors,-0.8172606084006495,418.0,-0.3622222222222281,4.6216118,0.01868
2016-09-27,24674.0,24805.45,24492.05,24614.55,24675.14933333333,1875,684,46265905.0,733.0,39.09,313.4,-59.45,Eicher Motors,-0.18572323588269546,313.40000000000146,-0.24094188214314957,4.6265905,0.01875
2016-09-28,24624.0,26000.0,24624.0,25741.8,25232.03688977248,4527,1518,114225431.0,882.0,19.48,1376.0,1117.8,Eicher Motors,4.57960840234739,1376.0,4.539473684210523,11.4225431,0.04527
2016-09-29,26000.0,26601.95,24480.0,24859.75,25575.641979010492,6670,2676,170589532.0,1522.0,22.82,2121.95,-1140.25,Eicher Motors,-3.4265280594208636,2121.9500000000007,-4.385576923076924,17.0589532,0.0667
2016-09-30,25280.0,25534.65,24761.0,24917.4,25072.62694640223,6101,2177,152968097.0,657.0,10.77,773.65,-362.6,Eicher Motors,0.23190096441034758,773.6500000000015,-1.434335443037969,15.2968097,0.06101
2016-10-03,25125.0,25900.0,25125.0,25773.15,25530.78687008784,4326,1884,110446184.0,531.0,12.27,775.0,648.15,Eicher Motors,3.4343470827614464,775.0,2.579701492537319,11.0446184,0.04326
2016-10-04,25950.0,26080.95,25582.05,25825.45,25840.980513728962,3387,1217,87523401.0,636.0,18.78,498.9,-124.55,Eicher Motors,0.20292436120536994,498.90000000000146,-0.47996146435452514,8.7523401,0.03387
2016-10-05,25925.0,26332.95,25633.5,26260.65,26046.556858467407,3667,1320,95512724.0,703.0,19.17,699.45,335.65,Eicher Motors,1.68515940670928,699.4500000000007,1.2946962391514039,9.5512724,0.03667
2016-10-06,26400.0,26513.95,26000.0,26217.2,26313.991820040897,3423,1406,90072794.0,975.0,28.48,513.95,-182.8,Eicher Motors,-0.16545668138451264,513.9500000000007,-0.6924242424242397,9.0072794,0.03423
2016-10-07,26216.0,26270.0,25742.4,25804.25,25927.047954393023,2982,890,77314457.0,992.0,33.27,527.6,-411.75,Eicher Motors,-1.5751109958347942,527.5999999999985,-1.5706057369545317,7.7314457,0.02982
2016-10-10,25820.0,26100.0,25750.0,25835.1,25859.354567728384,2857,826,73880176.0,1044.0,36.54,350.0,15.1,Eicher Motors,0.11955394944631603,350.0,0.05848179705653968,7.3880176,0.02857
2016-10-13,25749.0,25938.0,25600.0,25804.85,25720.46240601504,2394,803,61574787.0,527.0,22.01,338.0,55.85,Eicher Motors,-0.11708876683271807,338.0,0.21690162724765447,6.1574787,0.02394
2016-10-14,25925.0,26000.0,25321.05,25397.05,25486.84588593818,2297,865,58543285.0,803.0,34.96,678.95,-527.95,Eicher Motors,-1.5803230788010714,678.9500000000007,-2.0364513018322112,5.8543285,0.02297
2016-10-17,25500.0,25500.0,24583.55,24645.45,24820.946986607145,3584,1349,88958274.0,963.0,26.87,916.45,-854.55,Eicher Motors,-2.959398827816606,916.4500000000007,-3.3511764705882325,8.8958274,0.03584
2016-10-18,24729.05,25208.65,24710.0,25083.4,24978.083264291632,2414,1002,60297093.0,549.0,22.74,498.65,354.35,Eicher Motors,1.7770014343418294,498.65000000000146,1.4329300963846254,6.0297093,0.02414
2016-10-19,25167.9,25290.0,24900.0,25007.25,25072.415151515153,2310,840,57917279.0,477.0,20.65,390.0,-160.65,Eicher Motors,-0.3035872329907541,390.0,-0.6383130892923186,5.7917279,0.0231
2016-10-20,25078.55,25229.6,24830.45,24965.95,24963.12162162162,2516,816,62807214.0,823.0,32.71,399.15,-112.6,Eicher Motors,-0.16515210588928797,399.1499999999978,-0.44898927569575814,6.2807214,0.02516
2016-10-21,25077.25,25250.0,24820.05,25109.4,24970.20946989192,1943,676,48517117.0,658.0,33.87,429.95,32.15,Eicher Motors,0.5745825814759797,429.9500000000007,0.12820385010318697,4.8517117,0.01943
2016-10-24,25290.0,25296.1,24805.15,24893.85,25045.198029556646,1015,397,25420876.0,229.0,22.56,490.95,-396.15,Eicher Motors,-0.8584434514564365,490.9499999999971,-1.5664294187425918,2.5420876,0.01015
2016-10-25,25500.0,25500.0,24610.0,24663.0,24701.767711962835,1722,568,42536444.0,311.0,18.06,890.0,-837.0,Eicher Motors,-0.9273374749184993,890.0,-3.2823529411764705,4.2536444,0.01722
2016-10-26,24500.0,24812.65,24160.0,24431.3,24385.94011202068,2321,812,56599767.0,806.0,34.73,652.65,-68.7,Eicher Motors,-0.939463974374577,652.6500000000015,-0.2804081632653091,5.6599767,0.02321
2016-10-27,24400.0,24773.9,24072.0,24531.6,24296.868120805368,2980,1107,72404667.0,798.0,26.78,701.9,131.6,Eicher Motors,0.41053893980262934,701.9000000000015,0.539344262295076,7.2404667,0.0298
2016-10-28,24699.0,24815.75,23700.0,24025.65,24179.818007855774,9929,4361,240081413.0,1254.0,12.63,1115.75,-673.35,Eicher Motors,-2.062441911656787,1115.75,-2.726223733754397,24.0081413,0.09929
2016-10-30,24300.0,24300.0,23940.0,24021.8,24088.890302066768,629,289,15151912.0,201.0,31.96,360.0,-278.2,Eicher Motors,-0.016024540439085744,360.0,-1.1448559670781924,1.5151912,0.00629
2016-11-01,24200.0,25500.0,24200.0,25309.3,25040.795286348628,8783,3100,219933305.0,1378.0,15.69,1300.0,1109.3,Eicher Motors,5.359714925609249,1300.0,4.583884297520658,21.9933305,0.08783
2016-11-02,25198.0,25198.0,24760.0,24799.9,24936.524007267064,3853,1250,96080427.0,997.0,25.88,438.0,-398.1,Eicher Motors,-2.012698889341069,438.0,-1.5798872926422673,9.6080427,0.03853
2016-11-03,24921.7,25119.65,24425.0,24568.2,24841.9306518724,2163,768,53733096.0,628.0,29.03,694.65,-353.5,Eicher Motors,-0.9342779607982354,694.6500000000015,-1.4184425621045114,5.3733096,0.02163
2016-11-04,24500.0,24757.65,23800.0,23951.95,24101.87822580645,3720,1208,89658987.0,956.0,25.7,957.65,-548.05,Eicher Motors,-2.508323768123022,957.6500000000015,-2.236938775510201,8.9658987,0.0372
2016-11-07,24340.35,24573.2,23995.0,24034.85,24219.562814070352,2587,969,62656009.0,548.0,21.18,578.2,-305.5,Eicher Motors,0.34610960694221315,578.2000000000007,-1.2551175311776537,6.2656009,0.02587
2016-11-08,24200.0,24517.95,23900.0,24237.05,24129.21647597254,2185,949,52722338.0,592.0,27.09,617.95,37.05,Eicher Motors,0.8412783936658785,617.9500000000007,0.153099173553716,5.2722338,0.02185
2016-11-09,23700.0,23836.0,21900.0,23409.15,23155.9574507618,10764,3706,249250726.0,2454.0,22.8,1936.0,-290.85,Eicher Motors,-3.4158447500830302,1936.0,-1.2272151898734116,24.9250726,0.10764
2016-11-10,24000.0,24000.0,22900.0,23070.35,23496.60958904109,4672,1766,109776160.0,1254.0,26.84,1100.0,-929.65,Eicher Motors,-1.4472973175019277,1100.0,-3.873541666666673,10.977616,0.04672
2016-11-11,22999.95,22999.95,21626.55,21745.4,22131.33565536205,5455,2207,120726436.0,1835.0,33.64,1373.4,-1254.55,Eicher Motors,-5.7430858222783705,1373.4000000000015,-5.454577075167552,12.0726436,0.05455
2016-11-15,21848.4,21848.4,19570.9,20284.35,20669.215462296168,24162,3082,499409584.0,17456.0,72.25,2277.5,-1564.05,Eicher Motors,-6.718892271468924,2277.5,-7.1586477728346365,49.9409584,0.24162
2016-11-16,20302.45,21750.05,20004.0,21093.65,20903.050270215153,9807,4226,204996214.0,1343.0,13.69,1746.05,791.2,Eicher Motors,3.9897753686955806,1746.0499999999993,3.8970666101874443,20.4996214,0.09807
2016-11-17,21200.0,21326.0,20660.0,21026.95,20869.58738074588,4612,1596,96250537.0,1708.0,37.03,666.0,-173.05,Eicher Motors,-0.31620890647185984,666.0,-0.8162735849056569,9.6250537,0.04612
2016-11-18,21264.0,21911.95,20900.0,21805.2,21549.700842105263,4750,1746,102361079.0,1167.0,24.57,1011.95,541.2,Eicher Motors,3.7012025044050656,1011.9500000000007,2.545146726862306,10.2361079,0.0475
2016-11-21,21862.3,21862.3,20132.6,20357.95,20855.041889619322,6541,2480,136412829.0,1875.0,28.67,1729.7,-1504.35,Eicher Motors,-6.63717828774788,1729.7000000000007,-6.881023497070293,13.6412829,0.06541
2016-11-22,20611.0,20777.0,20200.0,20656.35,20499.904082215246,3503,1439,71811164.0,673.0,19.21,577.0,45.35,Eicher Motors,1.465766445049721,577.0,0.2200281403134178,7.1811164,0.03503
2016-11-23,20845.55,21500.0,20653.7,20910.55,21100.48524995584,5661,2072,119449847.0,969.0,17.12,846.3,65.0,Eicher Motors,1.2306143147264637,846.2999999999993,0.31181715042299196,11.9449847,0.05661
2016-11-24,20849.0,20849.0,20172.25,20353.25,20400.80220588235,4080,1540,83235273.0,729.0,17.87,676.75,-495.75,Eicher Motors,-2.665161844140873,676.75,-2.3778118854621324,8.3235273,0.0408
2016-11-25,20599.0,20655.6,19975.4,20144.5,20172.259429622813,6522,2126,131563476.0,1564.0,23.98,680.2,-454.5,Eicher Motors,-1.0256347266407118,680.1999999999971,-2.206417787271227,13.1563476,0.06522
2016-11-28,20250.0,20664.3,20008.25,20226.4,20301.570689097374,6182,1952,125504310.0,1518.0,24.56,656.05,-23.6,Eicher Motors,0.4065625853210575,656.0499999999993,-0.11654320987653602,12.550431,0.06182
2016-11-29,20429.0,21870.0,20391.0,21343.4,21106.24471937236,9942,3485,209838285.0,2167.0,21.8,1479.0,914.4,Eicher Motors,5.522485464541393,1479.0,4.475990014195514,20.9838285,0.09942
2016-11-30,22500.0,22500.0,21112.1,21675.4,21466.450277728003,5581,2259,119804259.0,1478.0,26.48,1387.9,-824.6,Eicher Motors,1.555515990891787,1387.9000000000015,-3.664888888888882,11.9804259,0.05581
2016-12-01,21590.0,22433.9,21590.0,22179.15,22193.131154092072,12512,3737,277680457.0,2436.0,19.47,843.9,589.15,Eicher Motors,2.324063223746742,843.9000000000015,2.728809634089863,27.7680457,0.12512
2016-12-02,22209.0,22940.4,22155.0,22699.05,22681.41403093901,10149,4182,230193671.0,2109.0,20.78,785.4,490.05,Eicher Motors,2.3440934391083523,785.4000000000015,2.206537890044573,23.0193671,0.10149
2016-12-05,22898.0,23170.0,22576.05,22741.9,22831.859996195548,5257,1831,120027088.0,1256.0,23.89,593.95,-156.1,Eicher Motors,0.18877442007485534,593.9500000000007,-0.6817189274172354,12.0027088,0.05257
2016-12-06,23000.0,23000.0,22351.6,22463.1,22606.802973041067,3969,1222,89726401.0,668.0,16.83,648.4,-536.9,Eicher Motors,-1.2259309908143279,648.4000000000015,-2.334347826086963,8.9726401,0.03969
2016-12-07,22647.0,23460.0,22480.7,23316.2,23117.37987650856,7126,2473,164734449.0,1600.0,22.45,979.3,669.2,Eicher Motors,3.797783921186304,979.2999999999993,2.9549167660175772,16.4734449,0.07126
2016-12-08,23499.0,23779.9,23075.05,23257.2,23347.74099694812,4915,1840,114754147.0,1076.0,21.89,704.85,-241.8,Eicher Motors,-0.25304294867946053,704.8500000000022,-1.0289799565938946,11.4754147,0.04915
2016-12-09,23423.0,23639.0,22800.0,22849.0,23040.836992177643,3963,1437,91310837.0,1623.0,40.95,839.0,-574.0,Eicher Motors,-1.7551553927385943,839.0,-2.4505827605345174,9.1310837,0.03963
2016-12-12,22617.45,23049.2,22050.0,22215.15,22485.837269585252,3472,1223,78070827.0,1049.0,30.21,999.2,-402.3,Eicher Motors,-2.774082016718449,999.2000000000007,-1.7787151071407221,7.8070827,0.03472
2016-12-13,22180.1,22485.95,22019.3,22286.7,22247.427566807317,2844,1029,63271684.0,598.0,21.03,466.65,106.6,Eicher Motors,0.32207750116475253,466.65000000000146,0.4806109981469975,6.3271684,0.02844
2016-12-14,22485.0,22485.05,21710.0,21806.1,21973.041217501584,3154,1248,69302972.0,595.0,18.86,775.05,-678.9,Eicher Motors,-2.156443080402226,775.0499999999993,-3.0193462308205534,6.9302972,0.03154
2016-12-15,21561.05,22055.5,21450.0,21495.75,21661.54324894515,2844,1288,61605429.0,643.0,22.61,605.5,-65.3,Eicher Motors,-1.4232256111821884,605.5,-0.30286094601143854,6.1605429,0.02844
2016-12-16,21456.0,21925.0,21456.0,21757.45,21751.773510734805,3307,1175,71933115.0,1052.0,31.81,469.0,301.45,Eicher Motors,1.2174499610388079,469.0,1.4049683072334114,7.1933115,0.03307
2016-12-19,21741.0,21741.0,21499.85,21543.7,21561.98895705521,1630,595,35146042.0,591.0,36.26,241.15,-197.3,Eicher Motors,-0.9824221128854727,241.15000000000146,-0.907501954831881,3.5146042,0.0163
2016-12-20,21665.05,21697.7,21055.85,21160.3,21501.6385715934,17334,899,372709403.0,15662.0,90.35,641.85,-504.75,Eicher Motors,-1.7796385950417104,641.8500000000022,-2.3297892227343118,37.2709403,0.17334
2016-12-21,21250.0,21600.0,21205.2,21328.55,21408.38178472861,2174,717,46541822.0,607.0,27.92,394.8,78.55,Eicher Motors,0.795121052158998,394.7999999999993,0.369647058823526,4.6541822,0.02174
2016-12-22,21294.75,21528.15,21160.0,21301.4,21340.231031128405,2056,894,43875515.0,566.0,27.53,368.15,6.65,Eicher Motors,-0.1272941667389338,368.15000000000146,0.0312283544066094,4.3875515,0.02056
2016-12-23,21314.0,21438.5,20800.0,20919.55,20981.63333333333,6810,1161,142884923.0,4553.0,66.86,638.5,-394.45,Eicher Motors,-1.7926051808801358,638.5,-1.850661537017926,14.2884923,0.0681
2016-12-26,20897.0,20897.0,20210.0,20275.5,20412.79709005112,2543,1060,51909743.0,744.0,29.26,687.0,-621.5,Eicher Motors,-3.078699111596561,687.0,-2.9741111164281953,5.1909743,0.02543
2016-12-27,20373.45,20810.0,20306.15,20565.1,20569.255342749388,13523,1255,278158040.0,10581.0,78.24,503.85,191.65,Eicher Motors,1.4283248255283487,503.84999999999854,0.9406850582498193,27.815804,0.13523
2016-12-28,21148.8,21148.8,20725.1,20885.25,20893.97463002114,2838,1117,59297100.0,822.0,28.96,423.7,-263.55,Eicher Motors,1.5567636432596954,423.7000000000007,-1.246169995460732,5.92971,0.02838
2016-12-29,20852.0,21600.05,20647.8,21477.85,21123.128396143733,4564,1711,96405958.0,690.0,15.12,952.25,625.85,Eicher Motors,2.8374091763325726,952.25,3.0013907538845124,9.6405958,0.04564
2016-12-30,21620.0,21882.9,21601.05,21812.1,21641.724654231697,15762,1229,341116864.0,13323.0,84.53,281.85,192.1,Eicher Motors,1.5562544668111578,281.8500000000022,0.8885291396854696,34.1116864,0.15762
2017-01-02,22222.0,22851.0,22222.0,22510.6,22484.404688105384,5162,2103,116064497.0,972.0,18.83,629.0,288.6,Eicher Motors,3.202350988671432,629.0,1.2987129871298648,11.6064497,0.05162
2017-01-03,22617.55,22617.55,22320.0,22497.55,22501.697189483228,3309,1494,74458116.0,946.0,28.59,297.55,-120.0,Eicher Motors,-0.05797268842233638,297.5499999999993,-0.5305614445419597,7.4458116,0.03309
2017-01-04,22555.9,22603.95,22107.85,22177.8,22302.89982788296,2905,1134,64789924.0,720.0,24.78,496.1,-378.1,Eicher Motors,-1.421265871172639,496.1000000000022,-1.6762798203574327,6.4789924,0.02905
2017-01-05,22359.05,22488.0,22253.0,22324.75,22328.735531392493,2851,1094,63659225.0,489.0,17.15,235.0,-34.3,Eicher Motors,0.6625995364734072,235.0,-0.15340544432790873,6.3659225,0.02851
2017-01-06,22400.0,22900.0,22362.95,22714.6,22633.825621890548,4020,1430,90987979.0,1163.0,28.93,537.05,314.6,Eicher Motors,1.7462681552984805,537.0499999999993,1.4044642857142793,9.0987979,0.0402
2017-01-09,22918.05,23139.15,22847.65,22979.15,23015.571008526906,3401,1341,78275957.0,1141.0,33.55,291.5,61.1,Eicher Motors,1.1646694196684182,291.5,0.2666020887466525,7.8275957,0.03401
2017-01-10,23150.0,23170.0,22702.5,22986.3,22956.89148773006,2608,1118,59871573.0,802.0,30.75,467.5,-163.7,Eicher Motors,0.03111516309348694,467.5,-0.7071274298056187,5.9871573,0.02608
2017-01-11,23120.0,23350.0,22931.5,23174.0,23000.037801508475,66955,1262,1539967531.0,971.0,1.45,418.5,54.0,Eicher Motors,0.8165733502129457,418.5,0.23356401384083042,153.9967531,0.66955
2017-01-12,23250.0,23340.3,22765.4,22816.0,22908.8250501002,9980,1559,228630074.0,7222.0,72.36,574.9,-434.0,Eicher Motors,-1.5448347285751285,574.8999999999978,-1.866666666666667,22.8630074,0.0998
2017-01-13,22956.9,22956.9,22668.3,22773.1,22797.763752393108,7835,680,178620479.0,6810.0,86.92,288.6,-183.8,Eicher Motors,-0.18802594670407347,288.6000000000022,-0.8006307471827768,17.8620479,0.07835
2017-01-16,22658.2,22684.9,22300.0,22327.25,22413.712495524524,2793,876,62601499.0,1117.0,39.99,384.9,-330.95,Eicher Motors,-1.9577923075909665,384.90000000000146,-1.460619113610087,6.2601499,0.02793
2017-01-17,22328.05,22525.5,22156.05,22285.4,22333.206896551725,2059,787,45984073.0,498.0,24.19,369.45,-42.65,Eicher Motors,-0.18743911587857376,369.4500000000007,-0.19101533721036015,4.5984073,0.02059
2017-01-18,22404.85,22703.95,22372.0,22441.8,22506.32906360424,2264,749,50954329.0,447.0,19.74,331.95,36.95,Eicher Motors,0.7018047690416029,331.9500000000007,0.16491964909383786,5.0954329,0.02264
2017-01-19,22449.95,23101.0,22200.0,22845.15,22628.35580635581,3367,1134,76189674.0,996.0,29.58,901.0,395.2,Eicher Motors,1.7973157233377002,901.0,1.760360268062961,7.6189674,0.03367
2017-01-20,22830.0,23086.3,22600.0,22744.4,22865.553411932837,2799,920,64000684.0,543.0,19.4,486.3,-85.6,Eicher Motors,-0.4410126438215589,486.2999999999993,-0.37494524748137775,6.4000684,0.02799
2017-01-23,22800.0,22900.0,22570.0,22727.95,22717.749662618084,1482,450,33667705.0,287.0,19.37,330.0,-72.05,Eicher Motors,-0.07232549550658662,330.0,-0.31600877192982135,3.3667705,0.01482
2017-01-24,22800.0,23100.0,22765.0,23006.9,22955.35222276502,2047,706,46989606.0,577.0,28.19,335.0,206.9,Eicher Motors,1.2273434251659276,335.0,0.9074561403508836,4.6989606,0.02047
2017-01-25,23006.0,23148.0,22871.45,23011.85,23004.208988764043,1780,733,40947492.0,589.0,33.09,276.55,5.85,Eicher Motors,0.021515284545059465,276.5499999999993,0.02542814917846886,4.0947492,0.0178
2017-01-27,23115.05,23605.0,23115.05,23465.6,23473.922411371423,17799,3364,417812345.0,10986.0,61.72,489.95,350.55,Eicher Motors,1.9718101760614726,489.9500000000007,1.5165444158675812,41.7812345,0.17799
2017-01-30,23499.0,23699.95,23166.25,23301.45,23396.080129240712,3095,1116,72410868.0,916.0,29.6,533.7,-197.55,Eicher Motors,-0.6995346379380818,533.7000000000007,-0.8406740712370708,7.2410868,0.03095
2017-01-31,23342.0,23383.0,22406.0,23037.45,23016.35181451613,2976,1269,68496663.0,553.0,18.58,977.0,-304.55,Eicher Motors,-1.1329767031665439,977.0,-1.304729671836172,6.8496663,0.02976
2017-02-01,23216.7,24199.0,23088.8,24007.95,23671.399488431576,8601,3156,203597707.0,1963.0,22.82,1110.2,791.25,Eicher Motors,4.212705833327912,1110.2000000000007,3.4081070953236243,20.3597707,0.08601
2017-02-02,24300.0,24350.0,23600.0,23757.05,23866.139059304704,5379,2112,128375962.0,1309.0,24.34,750.0,-542.95,Eicher Motors,-1.045070487067834,750.0,-2.2343621399176983,12.8375962,0.05379
2017-02-03,23800.0,23800.0,23342.0,23382.65,23441.23539302228,2379,1083,55766699.0,1008.0,42.37,458.0,-417.35,Eicher Motors,-1.5759532433530121,458.0,-1.7535714285714223,5.5766699,0.02379
2017-02-06,23572.55,23896.45,23549.9,23745.5,23718.84602311353,2942,720,69780845.0,1936.0,65.81,346.55,172.95,Eicher Motors,1.551791606169517,346.5499999999993,0.7336923667570998,6.9780845,0.02942
2017-02-07,23700.15,23850.0,23550.0,23717.9,23675.480732177264,1038,439,24575149.0,337.0,32.47,300.0,17.75,Eicher Motors,-0.11623254932512372,300.0,0.07489404075501631,2.4575149,0.01038
2017-02-08,23735.0,24020.0,23555.45,23867.9,23829.00904159132,3871,1068,92242094.0,1853.0,47.87,464.55,132.9,Eicher Motors,0.6324337314854933,464.5499999999993,0.5599325890035873,9.2242094,0.03871
2017-02-09,24038.35,24090.0,23505.6,23857.0,23798.447805709417,2347,864,55854957.0,521.0,22.2,584.4,-181.35,Eicher Motors,-0.04566803112130424,584.4000000000015,-0.7544195005064763,5.5854957,0.02347
2017-02-10,23860.0,24070.0,23798.85,23982.85,23992.64503631961,2065,800,49544812.0,716.0,34.67,271.15,122.85,Eicher Motors,0.5275181288510566,271.15000000000146,0.5148784576697341,4.9544812,0.02065
2017-02-13,24250.0,24877.0,24100.55,24779.0,24505.372838330957,6303,2615,154457365.0,2089.0,33.14,776.45,529.0,Eicher Motors,3.3196638431212344,776.4500000000007,2.181443298969072,15.4457365,0.06303
2017-02-14,24858.15,25448.95,24641.0,25320.0,25233.54097605893,6516,2384,164421753.0,1824.0,27.99,807.95,461.85,Eicher Motors,2.1833003753178204,807.9500000000007,1.8579419626963332,16.4421753,0.06516
2017-02-15,25324.85,25532.95,24524.05,24718.8,24968.989148580968,3594,1705,89738547.0,1014.0,28.21,1008.9,-606.05,Eicher Motors,-2.374407582938387,1008.9000000000015,-2.393104006539029,8.9738547,0.03594
2017-02-16,24669.75,25400.0,24669.75,25262.9,25134.715955056177,2225,985,55924743.0,379.0,17.03,730.25,593.15,Eicher Motors,2.201158632296085,730.25,2.404361616960048,5.5924743,0.02225
2017-02-17,25425.0,25425.0,24776.2,25040.85,25009.38821954485,3735,1855,93410065.0,851.0,22.78,648.8,-384.15,Eicher Motors,-0.8789568893515898,648.7999999999993,-1.5109144542772919,9.3410065,0.03735
2017-02-20,25040.85,25283.35,24875.0,25116.5,25107.080363912053,1319,679,33116239.0,203.0,15.39,408.35,75.65,Eicher Motors,0.3021063582106853,408.34999999999854,0.3021063582106896,3.3116239,0.01319
2017-02-21,25259.7,25365.45,25012.45,25234.45,25217.081774452163,1871,760,47181160.0,700.0,37.41,353.0,-25.25,Eicher Motors,0.46961160989786865,353.0,-0.09996159891051755,4.718116,0.01871
2017-02-22,25235.0,25235.0,24948.3,25032.7,25050.99679075738,1558,680,39029453.0,274.0,17.59,286.7,-202.3,Eicher Motors,-0.7995022677331987,286.7000000000007,-0.8016643550624104,3.9029453,0.01558
2017-02-23,25124.8,25300.0,24727.0,24889.6,24992.24995056357,5057,1823,126385808.0,345.0,6.82,573.0,-235.2,Eicher Motors,-0.5716522788193124,573.0,-0.9361268547411351,12.6385808,0.05057
2017-02-27,24885.0,24994.0,24179.4,24333.65,24483.5440293529,2998,1313,73401665.0,986.0,32.89,814.6,-551.35,Eicher Motors,-2.233663859603996,814.5999999999985,-2.21559172192083,7.3401665,0.02998
2017-02-28,24430.0,24507.0,24060.0,24169.05,24203.380510440835,2586,1220,62589942.0,451.0,17.44,447.0,-260.95,Eicher Motors,-0.6764295533140396,447.0,-1.0681539091281242,6.2589942,0.02586
2017-03-01,24279.95,24400.0,23600.0,23712.0,24067.97838839148,6478,2463,155912364.0,2207.0,34.07,800.0,-567.95,Eicher Motors,-1.8910548821736817,800.0,-2.3391728566162646,15.5912364,0.06478
2017-03-02,24019.95,24024.0,23307.15,23449.2,23710.74018126888,2648,1269,62786040.0,731.0,27.61,716.85,-570.75,Eicher Motors,-1.108299595141693,716.8499999999985,-2.3761498254575883,6.278604,0.02648
2017-03-03,23779.95,23779.95,22990.0,23080.75,23137.38325471698,3392,1182,78482004.0,1660.0,48.94,789.95,-699.2,Eicher Motors,-1.571268955870564,789.9500000000007,-2.9402921368632007,7.8482004,0.03392
2017-03-06,23500.0,23589.9,23018.35,23076.2,23260.13498349835,3030,1296,70478209.0,673.0,22.21,571.55,-423.8,Eicher Motors,-0.019713397528242638,571.5500000000029,-1.8034042553191458,7.0478209,0.0303
2017-03-07,23233.55,23325.9,23101.05,23217.8,23211.233896185116,1599,635,37114763.0,437.0,27.33,224.85,-15.75,Eicher Motors,0.6136192267357732,224.85000000000218,-0.06778989865948166,3.7114763,0.01599
2017-03-08,23100.0,23599.0,23100.0,23475.45,23382.19283425575,3433,1336,80271068.0,1583.0,46.11,499.0,375.45,Eicher Motors,1.1097089302173346,499.0,1.6253246753246784,8.0271068,0.03433
2017-03-09,23423.45,23598.95,23308.3,23404.4,23453.879392212722,1053,447,24696935.0,402.0,38.18,290.65,-19.05,Eicher Motors,-0.3026566050917001,290.65000000000146,-0.08132875387698768,2.4696935,0.01053
2017-03-10,23495.0,23566.85,23220.6,23393.25,23368.1,990,454,23134419.0,386.0,38.99,346.25,-101.75,Eicher Motors,-0.04764061458529811,346.25,-0.4330708661417323,2.3134419,0.0099
2017-03-14,23951.25,24200.0,23631.8,23963.25,23887.044588414636,2624,1252,62679605.0,982.0,37.42,568.2,12.0,Eicher Motors,2.436600301368985,568.2000000000007,0.05010176921872554,6.2679605,0.02624
2017-03-15,23900.9,24299.0,23900.85,24099.0,24175.312616822426,2140,813,51735169.0,763.0,35.65,398.15,198.1,Eicher Motors,0.5664924415511141,398.15000000000146,0.8288390813734987,5.1735169,0.0214
2017-03-16,24264.95,24560.0,24200.05,24514.5,24387.365920262153,1831,781,44653267.0,685.0,37.41,359.95,249.55,Eicher Motors,1.724137931034475,359.9500000000007,1.0284381381375163,4.4653267,0.01831
2017-03-17,24550.0,24710.0,24283.0,24601.75,24542.00118110236,2540,995,62336683.0,831.0,32.72,427.0,51.75,Eicher Motors,0.3559118072977263,427.0,0.21079429735234215,6.2336683,0.0254
2017-03-20,24700.0,25139.95,24600.0,25033.0,24830.556655986016,6866,1238,170486602.0,4450.0,64.81,539.95,333.0,Eicher Motors,1.7529240806040125,539.9500000000007,1.348178137651822,17.0486602,0.06866
2017-03-21,25000.0,25132.3,24732.05,24902.05,24932.149689440997,1610,745,40140761.0,480.0,29.81,400.25,-97.95,Eicher Motors,-0.5231094954659898,400.25,-0.3918000000000029,4.0140761,0.0161
2017-03-22,24880.0,24880.0,24500.0,24541.7,24569.629088599555,3149,703,77369762.0,1020.0,32.39,380.0,-338.3,Eicher Motors,-1.4470696187663168,380.0,-1.3597266881028909,7.7369762,0.03149
2017-03-23,24888.0,24888.0,24196.55,24361.6,24342.754803293687,3279,1316,79819893.0,1303.0,39.74,691.45,-526.4,Eicher Motors,-0.7338529930689508,691.4500000000007,-2.115075538412092,7.9819893,0.03279
2017-03-24,24365.45,24651.55,24300.0,24365.95,24512.636205092433,2867,488,70277728.0,2073.0,72.31,351.55,0.5,Eicher Motors,0.01785597005123929,351.5499999999993,0.0020520860480721676,7.0277728,0.02867
2017-03-27,24296.2,24322.05,24028.35,24168.0,24179.875894988065,2514,840,60788208.0,839.0,33.37,293.7,-128.2,Eicher Motors,-0.8124041951986349,293.7000000000007,-0.5276545303380805,6.0788208,0.02514
2017-03-28,24240.6,25500.0,24234.45,24936.8,24488.55984648597,8338,1146,204185612.0,6428.0,77.09,1265.55,696.2,Eicher Motors,3.1810658722277285,1265.5499999999993,2.8720411210943655,20.4185612,0.08338
2017-03-29,24955.0,25354.75,24427.25,25056.25,24902.37681704261,7980,2851,198720967.0,1595.0,19.99,927.5,101.25,Eicher Motors,0.4790109396554554,927.5,0.4057303145662192,19.8720967,0.0798
2017-03-30,25000.0,25750.0,24913.2,25638.15,25324.90600393701,4064,1778,102920418.0,1184.0,29.13,836.8,638.15,Eicher Motors,2.3223746570216974,836.7999999999993,2.5526000000000058,10.2920418,0.04064
2017-03-31,25779.0,25797.85,25180.0,25554.15,25512.82848794741,6845,1677,174635311.0,969.0,14.16,617.85,-224.85,Eicher Motors,-0.32763674446089075,617.8499999999985,-0.8722215757011464,17.4635311,0.06845
2017-04-03,25899.0,25899.0,25338.7,25493.45,25521.837347165616,2699,1009,68883439.0,670.0,24.82,560.3,-405.55,Eicher Motors,-0.23753480354463674,560.2999999999993,-1.56589057492567,6.8883439,0.02699
2017-04-05,25493.45,25800.0,25420.0,25676.5,25640.11972274732,3174,1221,81381740.0,1030.0,32.45,380.0,183.05,Eicher Motors,0.7180275717880491,380.0,0.7180275717880447,8.138174,0.03174
2017-04-06,25699.0,25699.0,25395.0,25552.2,25514.439907993095,1739,722,44369611.0,447.0,25.7,304.0,-146.8,Eicher Motors,-0.4841002473078504,304.0,-0.5712284524689648,4.4369611,0.01739
2017-04-07,25550.0,25988.9,25438.95,25778.3,25801.624045801527,2620,1147,67600255.0,890.0,33.97,549.95,228.3,Eicher Motors,0.884855315784927,549.9500000000007,0.8935420743639894,6.7600255,0.0262
2017-04-10,25739.55,25747.55,25449.35,25564.55,25605.19342359768,1034,479,26475770.0,411.0,39.75,298.2,-175.0,Eicher Motors,-0.8291857880465381,298.2000000000007,-0.679887566021939,2.647577,0.01034
2017-04-11,25565.0,25929.9,25452.05,25819.2,25732.532881355928,1475,654,37955486.0,374.0,25.36,477.85,254.2,Eicher Motors,0.9961059357586954,477.8500000000022,0.9943281830627839,3.7955486,0.01475
2017-04-12,26055.0,26480.0,26055.0,26357.7,26273.046558253507,13467,2738,353819118.0,6256.0,46.45,425.0,302.7,Eicher Motors,2.0856571853504313,425.0,1.1617731721358693,35.3819118,0.13467
2017-04-13,26355.0,26410.0,26055.0,26104.6,26237.305418719207,1624,659,42609384.0,625.0,38.49,355.0,-250.4,Eicher Motors,-0.9602507047276609,355.0,-0.9501043445266607,4.2609384,0.01624
2017-04-17,26164.1,26350.1,26007.85,26107.9,26206.141414141413,1584,601,41510528.0,574.0,36.24,342.25,-56.2,Eicher Motors,0.012641450165884471,342.25,-0.21479813943532206,4.1510528,0.01584
2017-04-18,26125.0,26300.0,25452.3,25566.2,25805.751483420598,2865,1259,73933478.0,848.0,29.6,847.7,-558.8,Eicher Motors,-2.074850907196679,847.7000000000007,-2.13894736842105,7.3933478,0.02865
2017-04-19,25565.0,25700.0,25316.45,25430.45,25507.64733840304,2104,978,53668090.0,713.0,33.89,383.55,-134.55,Eicher Motors,-0.5309744897560087,383.5499999999993,-0.5263054957950294,5.366809,0.02104
2017-04-20,25510.3,25609.8,25350.05,25502.1,25460.940507436568,1143,525,29101855.0,317.0,27.73,259.75,-8.2,Eicher Motors,0.281748848329455,259.75,-0.03214387913901729,2.9101855,0.01143
2017-04-21,25500.0,25800.0,25500.0,25551.25,25628.86575990538,1691,731,43338412.0,355.0,20.99,300.0,51.25,Eicher Motors,0.1927292262206004,300.0,0.20098039215686275,4.3338412,0.01691
2017-04-24,25690.0,26150.0,25490.0,26091.15,25869.705687203794,2110,906,54585079.0,836.0,39.62,660.0,401.15,Eicher Motors,2.113008169854713,660.0,1.561502530167386,5.4585079,0.0211
2017-04-25,26220.3,26220.3,25700.0,26089.65,25953.0640113798,2109,914,54735012.0,618.0,29.3,520.3,-130.65,Eicher Motors,-0.005749075836058992,520.2999999999993,-0.4982780517385301,5.4735012,0.02109
2017-04-26,26101.15,26270.0,25900.0,26027.4,26206.354492305625,74405,1318,1949883806.0,71960.0,96.71,370.0,-73.75,Eicher Motors,-0.23860036451236466,370.0,-0.2825546000846706,194.9883806,0.74405
2017-04-27,25803.3,26251.0,25803.3,25974.8,26075.46128391793,1511,784,39400022.0,282.0,18.66,447.7,171.5,Eicher Motors,-0.20209471556899006,447.7000000000007,0.6646436696081509,3.9400022,0.01511
2017-04-28,25988.35,26250.0,25954.8,26022.25,26088.546312178387,1166,504,30419245.0,234.0,20.07,295.2,33.9,Eicher Motors,0.18267705622372343,295.2000000000007,0.13044306391133512,3.0419245,0.01166
2017-05-02,26289.95,26700.15,25336.8,25767.25,25785.86495902961,15499,2761,399655121.0,1757.0,11.34,1363.35,-522.7,Eicher Motors,-0.9799306362824112,1363.3500000000022,-1.988212225584304,39.9655121,0.15499
2017-05-03,25916.7,26050.0,25669.2,25900.05,25905.51724137931,1247,572,32304180.0,314.0,25.18,380.8,-16.65,Eicher Motors,0.5153828988347486,380.7999999999993,-0.06424429036104695,3.230418,0.01247
2017-05-04,26061.7,26098.9,25598.8,25764.6,25813.440512507623,1639,716,42308229.0,542.0,33.07,500.1,-297.1,Eicher Motors,-0.5229719633745855,500.1000000000022,-1.1399870307769722,4.2308229,0.01639
2017-05-05,25980.0,26150.1,25522.7,25837.45,25910.486376811597,5175,2113,134086767.0,1719.0,33.22,627.4,-142.55,Eicher Motors,0.28275230354828373,627.3999999999978,-0.548691301000767,13.4086767,0.05175
2017-05-08,26999.0,26999.0,26173.25,26910.3,26690.53583138173,8540,3073,227937176.0,3291.0,38.54,825.75,-88.7,Eicher Motors,4.1523060518743105,825.75,-0.3285306863217183,22.7937176,0.0854
2017-05-09,27010.0,27300.0,26810.1,27113.05,27024.36239847109,4186,1625,113123981.0,963.0,23.01,489.9,103.05,Eicher Motors,0.753428984440907,489.90000000000146,0.3815253609774131,11.3123981,0.04186
2017-05-10,27115.0,27988.7,27115.0,27851.75,27656.901812996537,4909,2164,135767731.0,1102.0,22.45,873.7,736.75,Eicher Motors,2.724518267033771,873.7000000000007,2.7171307394431126,13.5767731,0.04909
2017-05-11,27851.0,29983.0,27850.0,29402.1,29194.740104911776,10485,4365,306106850.0,1053.0,10.04,2133.0,1551.1,Eicher Motors,5.566436579389089,2133.0,5.5692793795554865,30.610685,0.10485
2017-05-12,29502.2,29776.95,28880.0,29169.6,29319.346014754807,6913,2500,202684639.0,1551.0,22.44,896.95,-332.6,Eicher Motors,-0.7907598436846297,896.9500000000007,-1.1273735518029238,20.2684639,0.06913
2017-05-15,29450.0,29461.0,28863.0,28937.05,29076.909142857145,1750,746,50884591.0,329.0,18.8,598.0,-512.95,Eicher Motors,-0.7972341067412625,598.0,-1.7417657045840431,5.0884591,0.0175
2017-05-16,28950.0,29429.95,28771.2,29307.45,29090.282828282827,2970,1048,86398140.0,920.0,30.98,658.75,357.45,Eicher Motors,1.2800199052771521,658.75,1.2347150259067383,8.639814,0.0297
2017-05-17,29310.0,29310.0,29009.95,29116.15,29133.38003220612,1242,501,36183658.0,505.0,40.66,300.05,-193.85,Eicher Motors,-0.6527350554210609,300.0499999999993,-0.6613783691572793,3.6183658,0.01242
2017-05-18,28908.55,28951.6,28200.0,28349.2,28535.00644814616,1861,809,53103647.0,591.0,31.76,751.6,-559.35,Eicher Motors,-2.6341051272232074,751.5999999999985,-1.93489469378436,5.3103647,0.01861
2017-05-19,28351.3,28600.0,27750.0,27903.55,28017.269188795923,2749,1169,77019473.0,792.0,28.81,850.0,-447.75,Eicher Motors,-1.5720020318033767,850.0,-1.5792926603012913,7.7019473,0.02749
2017-05-22,28000.0,28241.9,27108.0,27223.65,27479.864356139824,3347,1251,91975106.0,1474.0,44.04,1133.9,-776.35,Eicher Motors,-2.436607528432755,1133.9000000000015,-2.772678571428566,9.1975106,0.03347
2017-05-23,27100.0,27880.0,27100.0,27589.35,27609.712978369385,6010,2241,165934375.0,930.0,15.47,780.0,489.35,Eicher Motors,1.3433172994804066,780.0,1.8057195571955664,16.5934375,0.0601
2017-05-24,27530.0,27780.85,27340.95,27411.8,27499.1050955414,1256,632,34538876.0,390.0,31.05,439.9,-118.2,Eicher Motors,-0.6435454260430129,439.8999999999978,-0.4293498002179467,3.4538876,0.01256
2017-05-25,27511.05,28100.0,27374.4,27954.05,27631.71923474664,1934,850,53439745.0,618.0,31.95,725.6,443.0,Eicher Motors,1.978162689060925,725.5999999999985,1.6102620583365594,5.3439745,0.01934
2017-05-26,27954.05,28619.95,27917.75,28348.45,28409.69246622395,4367,1167,124065127.0,2069.0,47.38,702.2,394.4,Eicher Motors,1.4108867945789694,702.2000000000007,1.410886794578966,12.4065127,0.04367
2017-05-29,28348.45,28483.9,28060.05,28177.7,28294.61114570361,3212,1368,90882291.0,404.0,12.58,423.85,-170.75,Eicher Motors,-0.6023257003469284,423.8500000000022,-0.6023257003469326,9.0882291,0.03212
2017-05-30,28200.0,28442.1,27844.5,28336.25,28157.652413793105,2175,833,61242894.0,351.0,16.14,597.6,136.25,Eicher Motors,0.5626789979309876,597.5999999999985,0.48315602836879434,6.1242894,0.02175
2017-05-31,28406.0,28575.0,28252.05,28431.15,28396.415652173917,1725,849,48983817.0,341.0,19.77,322.95,25.15,Eicher Motors,0.33490670078080154,322.9500000000007,0.08853763289446404,4.8983817,0.01725
2017-06-01,28575.0,29000.0,28545.05,28756.1,28765.326341866225,6055,2006,174174051.0,395.0,6.52,454.95,181.1,Eicher Motors,1.1429365326411256,454.9500000000007,0.6337707786526634,17.4174051,0.06055
2017-06-02,28761.1,29284.95,28761.1,29179.95,29159.218876518215,3952,1704,115237233.0,1061.0,26.85,523.85,418.85,Eicher Motors,1.4739481362215479,523.8500000000022,1.4563073039626517,11.5237233,0.03952
2017-06-05,29225.4,29400.0,29195.0,29323.8,29299.390686661405,1267,454,37122328.0,562.0,44.36,205.0,98.4,Eicher Motors,0.49297548487916565,205.0,0.33669342421317694,3.7122328,0.01267
2017-06-06,29340.55,29340.55,29006.5,29224.6,29141.40356987375,2297,944,66937804.0,625.0,27.21,334.05,-115.95,Eicher Motors,-0.33829176300479435,334.0499999999993,-0.3951868659585479,6.6937804,0.02297
2017-06-07,29241.1,29748.05,29232.0,29621.05,29517.19985465116,4128,1532,121847001.0,1870.0,45.3,516.05,379.95,Eicher Motors,1.3565626219007365,516.0499999999993,1.2993697227532506,12.1847001,0.04128
2017-06-08,29769.75,29925.0,29450.0,29613.8,29657.52335509794,1991,844,59048129.0,588.0,29.53,475.0,-155.95,Eicher Motors,-0.024475837284632096,475.0,-0.5238539121087705,5.9048129,0.01991
2017-06-09,29615.0,29810.0,29399.0,29748.5,29636.019565217393,1380,548,40897707.0,148.0,10.72,411.0,133.5,Eicher Motors,0.4548555065543747,411.0,0.45078507513084587,4.0897707,0.0138
2017-06-12,29745.0,29750.0,29222.05,29311.7,29472.756605691055,1968,667,58002385.0,509.0,25.86,527.95,-433.3,Eicher Motors,-1.468309326520667,527.9500000000007,-1.4567154143553513,5.8002385,0.01968
2017-06-13,29550.0,29647.05,29001.0,29179.75,29183.79295019895,62328,1138,1818967447.0,60336.0,96.8,646.05,-370.25,Eicher Motors,-0.4501615395899994,646.0499999999993,-1.2529610829103215,181.8967447,0.62328
2017-06-14,29179.75,29269.7,28869.25,29024.1,29137.663506677,21941,944,639309475.0,19641.0,89.52,400.45,-155.65,Eicher Motors,-0.5334178668425893,400.4500000000007,-0.5334178668425927,63.9309475,0.21941
2017-06-15,29025.0,29026.0,28522.05,28804.5,28784.88794926004,1892,812,54461008.0,421.0,22.25,503.95,-220.5,Eicher Motors,-0.7566126081428814,503.9500000000007,-0.7596899224806202,5.4461008,0.01892
2017-06-16,28814.1,28883.65,28610.0,28722.65,28730.596026490064,1963,692,56398160.0,736.0,37.49,273.65,-91.45,Eicher Motors,-0.28415698935929656,273.65000000000146,-0.31737933858769524,5.639816,0.01963
2017-06-19,28999.9,28999.9,28405.0,28465.0,28577.27565982405,1364,546,38979404.0,374.0,27.42,594.9,-534.9,Eicher Motors,-0.8970272589750694,594.9000000000015,-1.8444891189280013,3.8979404,0.01364
2017-06-20,28450.0,28539.95,27802.0,27878.35,28095.03278134505,2959,1171,83133202.0,1025.0,34.64,737.95,-571.65,Eicher Motors,-2.0609520463727438,737.9500000000007,-2.0093145869947326,8.3133202,0.02959
2017-06-21,27879.0,27879.1,27322.0,27561.95,27545.849212303077,5332,1973,146874468.0,1413.0,26.5,557.1,-317.05,Eicher Motors,-1.1349308692946258,557.0999999999985,-1.137235912335447,14.6874468,0.05332
2017-06-22,28123.0,28123.0,27525.0,27652.85,27787.45268292683,2050,746,56964278.0,334.0,16.29,598.0,-470.15,Eicher Motors,0.3298024994603077,598.0,-1.6717633253920332,5.6964278,0.0205
2017-06-23,27836.25,27836.25,27100.0,27172.4,27326.0881302104,2519,1062,68834416.0,946.0,37.55,736.25,-663.85,Eicher Motors,-1.737433935380972,736.25,-2.384839911985266,6.8834416,0.02519
2017-06-27,27200.0,27359.95,26561.05,26669.0,26771.28017944535,2452,994,65643179.0,1034.0,42.17,798.9,-531.0,Eicher Motors,-1.8526151536117585,798.9000000000015,-1.9522058823529413,6.5643179,0.02452
2017-06-28,26750.0,27357.0,26388.0,27227.6,26838.623339535287,138666,1441,3721604544.0,136069.0,98.13,969.0,477.6,Eicher Motors,2.0945667254115286,969.0,1.785420560747658,372.1604544,1.38666
2017-06-29,27400.0,27550.0,27000.0,27436.2,27022.95441494592,76275,1941,2061175848.0,73799.0,96.75,550.0,36.2,Eicher Motors,0.7661343636604201,550.0,0.13211678832117055,206.1175848,0.76275
2017-06-30,27213.45,27300.0,26953.0,27013.7,27004.533508436805,25128,769,678569918.0,24191.0,96.27,347.0,-199.75,Eicher Motors,-1.5399362885530787,347.0,-0.734012041839605,67.8569918,0.25128
2017-07-03,27300.0,27809.95,27153.05,27752.1,27583.2909046574,4101,1543,113119076.0,1164.0,28.38,656.9,452.1,Eicher Motors,2.7334278532744394,656.9000000000015,1.6560439560439506,11.3119076,0.04101
2017-07-04,27800.0,27950.0,27500.0,27841.95,27802.285121107263,2890,981,80348604.0,993.0,34.36,450.0,41.95,Eicher Motors,0.3237592830812819,450.0,0.1508992805755422,8.0348604,0.0289
2017-07-05,27980.0,28172.65,27826.95,28048.2,28012.274067649607,1153,523,32298152.0,273.0,23.68,345.7,68.2,Eicher Motors,0.7407886301067368,345.7000000000007,0.24374553252323347,3.2298152,0.01153
2017-07-06,28475.4,28475.4,27560.65,27701.55,27910.771900826447,1815,653,50658051.0,856.0,47.16,914.75,-773.85,Eicher Motors,-1.2359081866216037,914.75,-2.7176088834573076,5.0658051,0.01815
2017-07-07,27500.0,28090.0,27500.0,27856.6,27963.934228650138,5808,696,162414530.0,4760.0,81.96,590.0,356.6,Eicher Motors,0.5597159725719392,590.0,1.2967272727272674,16.241453,0.05808
2017-07-10,27800.0,28040.8,27600.0,27928.75,27872.057872087847,6739,3374,187829798.0,3848.0,57.1,440.8,128.75,Eicher Motors,0.25900504727784934,440.7999999999993,0.4631294964028777,18.7829798,0.06739
2017-07-11,28028.0,28250.0,27884.6,28125.1,28113.860430586486,1347,631,37869370.0,451.0,33.48,365.4,97.1,Eicher Motors,0.7030389831266914,365.40000000000146,0.34643927501069843,3.786937,0.01347
2017-07-12,28180.0,28298.95,28161.05,28248.05,28251.257015147752,4027,875,113767812.0,2380.0,59.1,137.9,68.05,Eicher Motors,0.4371540012302111,137.90000000000146,0.24148332150461063,11.3767812,0.04027
2017-07-13,28371.0,28371.0,28003.15,28053.5,28164.31284357821,2001,664,56356790.0,642.0,32.08,367.85,-317.5,Eicher Motors,-0.688720106343621,367.84999999999854,-1.1191004899369073,5.635679,0.02001
2017-07-14,28054.2,28091.1,27629.25,27894.3,27849.37277908146,2983,1026,83074679.0,760.0,25.48,461.85,-159.9,Eicher Motors,-0.5674871228188993,461.84999999999854,-0.5699681331137635,8.3074679,0.02983
2017-07-17,27910.0,28200.0,27900.45,28050.95,28030.274096385543,7304,554,204733122.0,6387.0,87.45,299.55,140.95,Eicher Motors,0.561584266319648,299.5499999999993,0.5050161232533168,20.4733122,0.07304
2017-07-18,28060.0,28650.0,28052.4,28568.1,28249.839104449293,10541,1114,297781554.0,8576.0,81.36,597.6,508.1,Eicher Motors,1.843609574720273,597.5999999999985,1.8107626514611495,29.7781554,0.10541
2017-07-19,28665.25,29250.0,28665.25,29181.0,29077.070838252657,2541,1157,73884837.0,916.0,36.05,584.75,515.75,Eicher Motors,2.145399939092907,584.75,1.7992168217615405,7.3884837,0.02541
2017-07-20,29201.0,29301.95,28905.0,29200.6,29122.844931506846,1825,732,53149192.0,546.0,29.92,396.95,-0.4,Eicher Motors,0.06716699222095723,396.9500000000007,-0.0013698161021932645,5.3149192,0.01825
2017-07-21,29200.0,29383.0,28755.65,28858.25,29000.19521178637,1629,645,47241318.0,535.0,32.84,627.35,-341.75,Eicher Motors,-1.1724074162859588,627.3499999999985,-1.1703767123287672,4.7241318,0.01629
2017-07-24,29100.0,29100.0,28687.5,28843.1,28893.957796014067,853,330,24646546.0,310.0,36.34,412.5,-256.9,Eicher Motors,-0.05249798584461285,412.5,-0.8828178694158126,2.4646546,0.00853
2017-07-25,28848.95,28854.65,28118.25,28376.6,28463.040999057488,2122,1021,60398573.0,603.0,28.42,736.4,-472.35,Eicher Motors,-1.6173712257004258,736.4000000000015,-1.6373212889897282,6.0398573,0.02122
2017-07-26,28999.0,29061.6,28424.0,28959.25,28886.402055234423,1557,652,44976128.0,484.0,31.09,637.6,-39.75,Eicher Motors,2.0532762910285385,637.5999999999985,-0.13707369219628263,4.4976128,0.01557
2017-07-27,29081.8,30115.75,28700.0,29061.65,29245.733563374208,16229,1612,474629010.0,964.0,5.94,1415.75,-20.15,Eicher Motors,0.35360031768778555,1415.75,-0.06928732059225294,47.462901,0.16229
2017-07-28,28989.0,29401.0,28664.4,29332.55,29174.746532759444,2091,701,61004395.0,561.0,26.83,736.6,343.55,Eicher Motors,0.9321562953239049,736.5999999999985,1.1851046948842638,6.1004395,0.02091
2017-07-31,29489.0,30160.0,29416.0,30040.6,29869.936861652735,3231,1235,96509766.0,723.0,22.38,744.0,551.6,Eicher Motors,2.4138712795171102,744.0,1.8705279934890926,9.6509766,0.03231
2017-08-01,30100.0,31532.35,30100.0,31437.05,30954.655205878276,7213,3208,223275928.0,2017.0,27.96,1432.35,1337.05,Eicher Motors,4.648542306079118,1432.3499999999985,4.442026578073087,22.3275928,0.07213
2017-08-02,31601.1,31745.0,31014.25,31172.65,31385.174047829936,2258,962,70867723.0,466.0,20.64,730.75,-428.45,Eicher Motors,-0.8410458360437745,730.75,-1.3558072345582814,7.0867723,0.02258
2017-08-03,31198.0,31393.95,30632.0,30703.3,30839.19119226638,1862,763,57422574.0,584.0,31.36,761.95,-494.7,Eicher Motors,-1.505646776902192,761.9500000000007,-1.5856785691390498,5.7422574,0.01862
2017-08-04,30704.0,31810.0,30533.2,31590.75,31179.74193548387,3317,1265,103423204.0,784.0,23.64,1276.8,886.75,Eicher Motors,2.8904059172792484,1276.7999999999993,2.888060187597707,10.3423204,0.03317
2017-08-07,31800.0,32200.0,31540.0,32007.65,31984.57938085771,3521,1391,112617704.0,669.0,19.0,660.0,207.65,Eicher Motors,1.3196900991587768,660.0,0.6529874213836524,11.2617704,0.03521
2017-08-08,32099.0,32464.95,31503.0,32135.6,32070.037288135594,4720,1948,151370576.0,853.0,18.07,961.95,36.6,Eicher Motors,0.39974818519945554,961.9500000000007,0.11402224368359931,15.1370576,0.0472
2017-08-09,32298.0,32350.0,31246.8,31520.55,31925.926750564697,6198,2320,197876894.0,1287.0,20.76,1103.2,-777.45,Eicher Motors,-1.9139210097213089,1103.2000000000007,-2.4071149916403516,19.7876894,0.06198
2017-08-10,31497.9,31500.0,29855.05,30192.75,30501.842561315905,6809,2765,207687046.0,1188.0,17.45,1644.95,-1305.15,Eicher Motors,-4.212489947034548,1644.9500000000007,-4.143609573971602,20.7687046,0.06809
2017-08-11,29899.95,30089.2,29151.0,29615.8,29651.40320650873,4179,1522,123913214.0,1772.0,42.4,938.2,-284.15,Eicher Motors,-1.9108892035339609,938.2000000000007,-0.9503360373512378,12.3913214,0.04179
2017-08-14,29848.0,30923.65,29848.0,30401.95,30459.045711798,2297,1083,69964428.0,562.0,24.47,1075.65,553.95,Eicher Motors,2.654495235651244,1075.6500000000015,1.8559032430983675,6.9964428,0.02297
2017-08-16,30363.0,31400.0,30135.65,30589.9,30516.63864684777,1951,886,59537962.0,397.0,20.35,1264.35,226.9,Eicher Motors,0.6182169235855017,1264.3499999999985,0.7472911108915504,5.9537962,0.01951
2017-08-17,30789.95,31065.9,30600.0,30847.65,30867.03536345776,1527,753,47133963.0,370.0,24.23,465.9,57.7,Eicher Motors,0.8425983739731135,465.90000000000146,0.18739881032609904,4.7133963,0.01527
2017-08-18,31370.0,31550.0,30566.1,31454.2,31185.339834958737,2666,1073,83140116.0,735.0,27.57,983.9,84.2,Eicher Motors,1.9662761993215039,983.9000000000015,0.26840930825629816,8.3140116,0.02666
2017-08-21,31788.95,32024.95,31401.0,31523.4,31854.999770220587,8704,1112,277265918.0,6379.0,73.29,623.95,-265.55,Eicher Motors,0.22000241621151773,623.9500000000007,-0.8353531651721723,27.7265918,0.08704
2017-08-22,31733.3,31838.75,30922.8,30997.8,31308.135104578854,1769,708,55384091.0,482.0,27.25,915.95,-735.5,Eicher Motors,-1.667332838462865,915.9500000000007,-2.317754535456445,5.5384091,0.01769
2017-08-23,30900.0,31204.75,30260.0,30651.65,30608.99409216227,2539,993,77716236.0,750.0,29.54,944.75,-248.35,Eicher Motors,-1.116692152346288,944.75,-0.8037216828478917,7.7716236,0.02539
2017-08-24,30678.7,30939.0,30525.0,30806.75,30756.656279508967,2118,803,65142598.0,322.0,15.2,414.0,128.05,Eicher Motors,0.5060086488003046,414.0,0.41739056739692126,6.5142598,0.02118
2017-08-28,30806.0,31894.9,30806.0,31277.0,31448.890793650797,3150,1295,99064006.0,918.0,29.14,1088.9,471.0,Eicher Motors,1.5264511835880068,1088.9000000000015,1.5289229370901773,9.9064006,0.0315
2017-08-29,31277.0,31319.85,30724.75,30846.45,30944.95919828203,1397,612,43230108.0,551.0,39.44,595.1,-430.55,Eicher Motors,-1.3765706429644808,595.0999999999985,-1.3765706429644764,4.3230108,0.01397
2017-08-30,31099.8,31384.55,30911.0,30973.7,31164.991701244813,1205,518,37553815.0,341.0,28.3,473.55,-126.1,Eicher Motors,0.4125272113971068,473.5499999999993,-0.40546884545880857,3.7553815,0.01205
2017-08-31,30980.0,31500.0,30600.0,31404.25,30973.666768339175,6557,1189,203094333.0,4505.0,68.71,900.0,424.25,Eicher Motors,1.3900502684535576,900.0,1.3694318915429309,20.3094333,0.06557
2017-09-01,31548.0,31976.95,31334.9,31713.8,31735.493432203388,4720,1562,149791529.0,581.0,12.31,642.05,165.8,Eicher Motors,0.9856946113981468,642.0499999999993,0.525548370736653,14.9791529,0.0472
2017-09-04,31950.0,31950.0,31432.05,31685.15,31659.701266857377,2447,803,77471289.0,844.0,34.49,517.95,-264.85,Eicher Motors,-0.09033922141149509,517.9500000000007,-0.828951486697961,7.7471289,0.02447
2017-09-05,31505.25,31995.9,31505.25,31883.8,31858.449029583568,5307,581,169072789.0,4254.0,80.16,490.65,378.55,Eicher Motors,0.6269498487461833,490.65000000000146,1.20154577411701,16.9072789,0.05307
2017-09-06,31691.1,32167.95,31674.0,32040.9,31917.29451038576,2696,843,86049026.0,1491.0,55.3,493.95,349.8,Eicher Motors,0.4927267138797875,493.9500000000007,1.103779925594261,8.6049026,0.02696
2017-09-07,32449.8,33261.95,32364.8,32786.4,32835.61962365592,7440,2905,244297010.0,1668.0,22.42,897.15,336.6,Eicher Motors,2.3267136690916956,897.1499999999978,1.0372945287798452,24.429701,0.0744
2017-09-08,33390.0,33483.95,32500.0,32628.7,33032.52258064516,5890,2659,194561558.0,1399.0,23.75,983.95,-761.3,Eicher Motors,-0.48099211868335434,983.9499999999971,-2.2800239592692404,19.4561558,0.0589
2017-09-11,32625.05,32769.6,32410.0,32466.75,32574.541656888054,4261,894,138800122.0,2927.0,68.69,359.6,-158.3,Eicher Motors,-0.4963421772856469,359.59999999999854,-0.48520998435251217,13.8800122,0.04261
2017-09-12,32551.25,32677.55,32333.0,32582.3,32530.73482565648,2323,946,75568897.0,623.0,26.82,344.55,31.05,Eicher Motors,0.3559025772521096,344.5499999999993,0.09538804193387126,7.5568897,0.02323
2017-09-13,32600.0,32600.0,32100.0,32210.9,32348.696696696697,999,511,32316348.0,437.0,43.74,500.0,-389.1,Eicher Motors,-1.1398826970471676,500.0,-1.1935582822085846,3.2316348,0.00999
2017-09-14,32499.0,32499.0,31890.0,32059.4,32069.060009601537,2083,815,66799852.0,522.0,25.06,609.0,-439.6,Eicher Motors,-0.47033768072298754,609.0,-1.3526570048309134,6.6799852,0.02083
2017-09-15,32062.0,32071.95,31678.05,31956.2,31849.58080260304,1844,731,58730627.0,403.0,21.85,393.9,-105.8,Eicher Motors,-0.3219024685427674,393.90000000000146,-0.3299856527977022,5.8730627,0.01844
2017-09-18,32184.5,32796.95,32146.05,32763.85,32615.808492922562,2402,773,78343172.0,733.0,30.52,650.9,579.35,Eicher Motors,2.527365581639862,650.8999999999978,1.8000901054855554,7.8343172,0.02402
2017-09-19,32978.0,32978.0,32305.0,32354.85,32526.33607611211,3889,513,126494921.0,2987.0,76.81,673.0,-623.15,Eicher Motors,-1.2483270433724991,673.0,-1.8895930620413652,12.6494921,0.03889
2017-09-20,32500.0,32629.15,32244.3,32388.0,32409.08080808081,1089,454,35293489.0,271.0,24.89,384.85,-112.0,Eicher Motors,0.1024575913657566,384.8500000000022,-0.3446153846153846,3.5293489,0.01089
2017-09-21,32366.3,32568.6,31699.95,31832.0,31994.33113311331,1818,732,58165694.0,618.0,33.99,868.65,-534.3,Eicher Motors,-1.716685192046441,868.6499999999978,-1.6507911006200873,5.8165694,0.01818
2017-09-22,31948.0,31948.0,31300.3,31522.8,31497.15992532669,1607,629,50615936.0,579.0,36.03,647.7,-425.2,Eicher Motors,-0.9713495853229448,647.7000000000007,-1.3309127331914383,5.0615936,0.01607
2017-09-25,31900.0,31900.0,30599.9,30970.45,31052.812627886586,3421,1186,106231672.0,1381.0,40.37,1300.1,-929.55,Eicher Motors,-1.752223787227014,1300.0999999999985,-2.913949843260186,10.6231672,0.03421
2017-09-26,30880.0,31092.8,30534.0,30823.85,30783.474166121647,1529,727,47067932.0,354.0,23.15,558.8,-56.15,Eicher Motors,-0.473354439473761,558.7999999999993,-0.18183290155440887,4.7067932,0.01529
2017-09-27,30911.0,31102.9,30361.9,30466.7,30581.98839050132,1895,706,57952868.0,549.0,28.97,741.0,-444.3,Eicher Motors,-1.1586806969278607,741.0,-1.4373523988224233,5.7952868,0.01895
2017-09-28,30521.9,30600.9,29949.85,30168.45,30019.002669632922,8990,1054,269870834.0,1456.0,16.2,651.05,-353.45,Eicher Motors,-0.9789376598056232,651.0500000000029,-1.158020961997781,26.9870834,0.0899
2017-09-29,30488.0,31264.15,30408.75,31179.95,31038.759464627154,2615,938,81166356.0,427.0,16.33,855.4,691.95,Eicher Motors,3.3528404674419754,855.4000000000015,2.2695814746785645,8.1166356,0.02615
2017-10-03,31505.1,31974.4,30918.0,31157.75,31182.62887263339,4648,1204,144936859.0,2852.0,61.36,1056.4,-347.35,Eicher Motors,-0.07119960102566214,1056.4000000000015,-1.1025199094749694,14.4936859,0.04648
2017-10-04,31399.0,31399.0,30815.2,30903.4,31001.57535641548,982,423,30443547.0,225.0,22.91,583.8,-495.6,Eicher Motors,-0.8163298055860801,583.7999999999993,-1.578394216376313,3.0443547,0.00982
2017-10-05,31100.0,31189.95,30646.35,30787.55,30849.333333333332,1221,603,37667036.0,383.0,31.37,543.6,-312.45,Eicher Motors,-0.37487784515620737,543.6000000000022,-1.0046623794212242,3.7667036,0.01221
2017-10-06,30870.0,31699.0,30840.0,31538.2,31303.825268817203,2232,883,69870138.0,1016.0,45.52,859.0,668.2,Eicher Motors,2.438160879966089,859.0,2.1645610625202485,6.9870138,0.02232
2017-10-09,31599.15,31928.95,31335.6,31794.85,31739.868407578084,1953,789,61987963.0,510.0,26.11,593.35,195.7,Eicher Motors,0.8137750410613043,593.3500000000022,0.6193204564046725,6.1987963,0.01953
2017-10-10,31922.05,32066.0,31553.6,31605.65,31930.772063298846,6572,679,209849034.0,5631.0,85.68,512.4,-316.4,Eicher Motors,-0.5950649240364259,512.4000000000015,-0.9911644145661003,20.9849034,0.06572
2017-10-11,31605.65,31749.0,30300.0,31251.15,31273.2656641604,2793,1081,87346231.0,516.0,18.47,1449.0,-354.5,Eicher Motors,-1.1216348975578772,1449.0,-1.1216348975578734,8.7346231,0.02793
2017-10-12,31101.0,31445.9,31069.1,31285.35,31293.24633821571,751,357,23501228.0,232.0,30.89,376.8,184.35,Eicher Motors,0.10943597275618888,376.8000000000029,0.5927462139480999,2.3501228,0.00751
2017-10-13,31211.0,31596.15,31211.0,31368.2,31369.0,867,410,27196923.0,220.0,25.37,385.15,157.2,Eicher Motors,0.2648204351237915,385.15000000000146,0.5036685783858279,2.7196923,0.00867
2017-10-16,31500.0,31920.0,31500.0,31736.2,31740.7529228371,1283,552,40723386.0,230.0,17.93,420.0,236.2,Eicher Motors,1.173162629669533,420.0,0.7498412698412721,4.0723386,0.01283
2017-10-17,31628.15,31900.0,31332.0,31829.25,31652.9410745234,1154,432,36527494.0,287.0,24.87,568.0,201.1,Eicher Motors,0.29319830351459686,568.0,0.6358259967781819,3.6527494,0.01154
2017-10-18,31830.0,31830.0,31350.05,31477.5,31511.927272727273,1045,427,32929964.0,353.0,33.78,479.95,-352.5,Eicher Motors,-1.1051155776526267,479.9500000000007,-1.1074458058435437,3.2929964,0.01045
2017-10-19,31600.0,31693.25,31251.0,31486.3,31533.109375,256,124,8072476.0,99.0,38.67,442.25,-113.7,Eicher Motors,0.027956476848545186,442.25,-0.3598101265822808,0.8072476,0.00256
2017-10-23,31500.0,31633.55,30895.05,31140.85,31169.53371868979,1557,646,48530964.0,260.0,16.7,738.5,-359.15,Eicher Motors,-1.09714383716093,738.5,-1.1401587301587348,4.8530964,0.01557
2017-10-24,31001.15,31712.0,31001.15,31466.1,31356.63113604488,1426,472,44714556.0,412.0,28.89,710.85,464.95,Eicher Motors,1.0444480481425433,710.8499999999985,1.4997830725634276,4.4714556,0.01426
2017-10-25,31400.0,31847.05,31345.8,31696.45,31623.035152636447,1081,458,34184501.0,382.0,35.34,501.25,296.45,Eicher Motors,0.7320576747674501,501.25,0.9441082802547793,3.4184501,0.01081
2017-10-26,31696.0,31800.0,31357.0,31494.7,31541.940968122784,1694,703,53432048.0,253.0,14.94,443.0,-201.3,Eicher Motors,-0.6365066119391916,443.0,-0.6350959111559795,5.3432048,0.01694
2017-10-27,31400.0,31914.0,31400.0,31782.85,31777.946826758147,1166,464,37053086.0,268.0,22.98,514.0,382.85,Eicher Motors,0.9149158429830884,514.0,1.2192675159235622,3.7053086,0.01166
2017-10-30,32000.0,32500.0,31950.0,32360.75,32321.914110429447,2282,805,73758608.0,726.0,31.81,550.0,360.75,Eicher Motors,1.8182762087100457,550.0,1.12734375,7.3758608,0.02282
2017-10-31,32290.0,32762.9,32239.65,32287.5,32420.985767790266,1335,518,43282016.0,493.0,36.93,523.25,-2.5,Eicher Motors,-0.22635445717420488,523.25,-0.00774233508826262,4.3282016,0.01335
2017-11-01,32351.0,32510.9,30880.9,30929.75,31190.914654554148,12549,2594,391414788.0,7476.0,59.57,1630.0,-1421.25,Eicher Motors,-4.205187766163377,1630.0,-4.393218138542858,39.1414788,0.12549
2017-11-02,30935.0,31415.75,30935.0,31151.5,31191.334905660377,1272,623,39675378.0,372.0,29.25,480.75,216.5,Eicher Motors,0.7169472756811901,480.75,0.6998545336996929,3.9675378,0.01272
2017-11-03,31153.0,31424.0,30750.0,31168.85,31043.406185567008,1455,706,45168156.0,367.0,25.22,674.0,15.85,Eicher Motors,0.05569555238109647,674.0,0.05087792507944193,4.5168156,0.01455
2017-11-06,31235.0,31418.0,30931.25,31097.85,31185.685385169185,1389,532,43316917.0,506.0,36.43,486.75,-137.15,Eicher Motors,-0.22779152904262023,486.75,-0.43909076356651655,4.3316917,0.01389
2017-11-07,31200.0,31250.0,30954.3,31146.6,31089.924731182797,1674,741,52044534.0,613.0,36.62,295.7,-53.4,Eicher Motors,0.15676324890627757,295.7000000000007,-0.17115384615385082,5.2044534,0.01674
2017-11-08,31160.0,31300.0,31042.1,31120.55,31149.102564102563,936,355,29155560.0,381.0,40.71,257.9,-39.45,Eicher Motors,-0.08363673723617016,257.90000000000146,-0.12660462130937333,2.915556,0.00936
2017-11-09,31109.55,31231.3,30610.2,30819.75,30864.487143849892,1439,744,44413997.0,527.0,36.62,621.1,-289.8,Eicher Motors,-0.9665638942756405,621.0999999999985,-0.9315467436848147,4.4413997,0.01439
2017-11-10,30900.0,30939.95,30374.25,30478.65,30545.39067944251,2296,941,70132217.0,751.0,32.71,565.7,-421.35,Eicher Motors,-1.106757841968209,565.7000000000007,-1.363592233009704,7.0132217,0.02296
2017-11-13,30700.0,31050.0,30490.0,30561.85,30632.151291512917,1355,582,41506565.0,610.0,45.02,560.0,-138.15,Eicher Motors,0.2729779698247725,560.0,-0.45000000000000473,4.1506565,0.01355
2017-11-14,30565.0,30960.0,29648.0,30083.2,30177.854137725735,5039,2406,152066207.0,798.0,15.84,1312.0,-481.8,Eicher Motors,-1.5661682784255504,1312.0,-1.5763127760510365,15.2066207,0.05039
2017-11-15,30151.0,30635.0,30046.95,30476.15,30377.741391941392,2730,1069,82931234.0,750.0,27.47,588.05,325.15,Eicher Motors,1.3062107754494123,588.0499999999993,1.0784053596895673,8.2931234,0.0273
2017-11-16,30456.0,30731.15,30398.55,30483.95,30545.087809917357,968,487,29567645.0,258.0,26.65,332.6,27.95,Eicher Motors,0.025593783991739727,332.6000000000022,0.09177173627528476,2.9567645,0.00968
2017-11-17,30580.0,30780.0,30519.15,30637.6,30685.789932236203,1033,444,31698421.0,412.0,39.88,260.85,57.6,Eicher Motors,0.5040357302777299,260.84999999999854,0.18835840418573757,3.1698421,0.01033
2017-11-20,30603.3,30775.8,30450.0,30650.25,30611.55128205128,312,189,9550804.0,109.0,34.94,325.8,46.95,Eicher Motors,0.04128913491918684,325.7999999999993,0.15341482781268925,0.9550804,0.00312
2017-11-21,30320.0,31499.0,30259.35,30397.25,30535.414120126447,949,419,28978108.0,389.0,40.99,1239.65,77.25,Eicher Motors,-0.8254418805719421,1239.6500000000015,0.25478232189973615,2.8978108,0.00949
2017-11-22,30400.0,30610.95,30151.0,30198.05,30243.033347228007,7197,230,217659111.0,142.0,1.97,459.95,-201.95,Eicher Motors,-0.6553224387074508,459.9500000000007,-0.6643092105263182,21.7659111,0.07197
2017-11-23,30151.0,30680.0,30151.0,30635.95,30532.4416,1875,550,57248328.0,1058.0,56.43,529.0,484.95,Eicher Motors,1.4500936318735835,529.0,1.6084043646976909,5.7248328,0.01875
2017-11-24,30536.5,31026.0,30536.5,30808.2,30848.73222875468,7484,389,230871912.0,6936.0,92.68,489.5,271.7,Eicher Motors,0.5622479472645603,489.5,0.8897548835000761,23.0871912,0.07484
2017-11-27,30805.9,31072.65,30763.1,30831.35,30922.327868852455,671,348,20748882.0,290.0,43.22,309.55,25.45,Eicher Motors,0.07514233223622213,309.5500000000029,0.08261404471220476,2.0748882,0.00671
2017-11-28,30760.0,30830.9,30425.05,30512.05,30593.895791583167,998,436,30532708.0,406.0,40.68,405.85,-247.95,Eicher Motors,-1.0356341840367045,405.8500000000022,-0.8060793237971415,3.0532708,0.00998
2017-11-29,30859.0,30859.0,30140.0,30234.8,30547.976212578324,8618,557,263262459.0,7524.0,87.31,719.0,-624.2,Eicher Motors,-0.9086573992897917,719.0,-2.0227486308694407,26.3262459,0.08618
2017-11-30,30200.0,30239.95,29900.0,29981.05,30079.41158059468,1278,616,38441488.0,637.0,49.84,339.95,-218.95,Eicher Motors,-0.8392646883723431,339.9500000000007,-0.7250000000000024,3.8441488,0.01278
2017-12-01,30206.0,30363.95,29166.8,29302.5,29797.722781930446,3077,1240,91687593.0,938.0,30.48,1197.15,-903.5,Eicher Motors,-2.2632629611037625,1197.1500000000015,-2.9911275905449246,9.1687593,0.03077
2017-12-04,29303.0,29717.05,29221.1,29399.1,29411.572916666664,960,487,28235110.0,349.0,36.35,495.95,96.1,Eicher Motors,0.3296647043767642,495.9500000000007,0.32795276934101814,2.823511,0.0096
2017-12-05,29398.0,29398.0,28521.55,28920.05,28824.21965065502,2290,1069,66007463.0,889.0,38.82,876.45,-477.95,Eicher Motors,-1.6294716504926976,876.4500000000007,-1.625790870127222,6.6007463,0.0229
2017-12-06,29550.55,29550.55,28150.0,28204.75,28442.52380952381,2058,944,58534714.0,782.0,38.0,1400.55,-1345.8,Eicher Motors,-2.4733705508807824,1400.5499999999993,-4.554229955110816,5.8534714,0.02058
2017-12-07,28500.0,28975.0,28100.0,28857.05,28676.413526328924,4007,1437,114906389.0,1762.0,43.97,875.0,357.05,Eicher Motors,2.3127310116203725,875.0,1.252807017543857,11.4906389,0.04007
2017-12-08,28704.15,29224.95,28502.35,29005.05,28935.415862068963,1450,639,41956353.0,456.0,31.45,722.6,300.9,Eicher Motors,0.5128729374624275,722.6000000000022,1.0482804751229275,4.1956353,0.0145
2017-12-11,29344.65,29650.0,29200.05,29242.8,29409.963382157122,1502,606,44173765.0,537.0,35.75,449.95,-101.85,Eicher Motors,0.8196848479833596,449.9500000000007,-0.34708200643048115,4.4173765,0.01502
2017-12-12,29216.65,29216.65,28515.05,28610.1,28725.3748960931,1203,598,34556626.0,501.0,41.65,701.6,-606.55,Eicher Motors,-2.1636095038778835,701.6000000000022,-2.0760422567269106,3.4556626,0.01203
2017-12-13,29198.75,29198.75,28268.0,28689.5,28738.851228070173,1425,612,40952863.0,481.0,33.75,930.75,-509.25,Eicher Motors,0.2775243707641817,930.75,-1.7440815103386273,4.0952863,0.01425
2017-12-14,28763.15,28914.65,28500.05,28702.95,28616.43155031732,3309,435,94691772.0,2777.0,83.92,414.6,-60.2,Eicher Motors,0.046881263179909816,414.6000000000022,-0.20929557437207236,9.4691772,0.03309
2017-12-15,29150.0,29579.95,28925.3,29503.35,29374.18959731544,1192,517,35014034.0,615.0,51.59,654.65,353.35,Eicher Motors,2.7885635448620993,654.6500000000015,1.212178387650081,3.5014034,0.01192
2017-12-18,29800.0,29999.0,28855.1,29909.5,29722.45849546044,1542,662,45832031.0,504.0,32.68,1143.9,109.5,Eicher Motors,1.3766233326045985,1143.9000000000015,0.3674496644295302,4.5832031,0.01542
2017-12-19,30000.0,31000.0,30000.0,30794.95,30632.95842227378,21550,4929,660140254.0,11771.0,54.62,1000.0,794.95,Eicher Motors,2.9604306324077623,1000.0,2.6498333333333357,66.0140254,0.2155
2017-12-20,31100.0,31100.0,30020.0,30254.75,30869.25794581334,27719,1041,855664961.0,25534.0,92.12,1080.0,-845.25,Eicher Motors,-1.7541837216816458,1080.0,-2.7178456591639875,85.5664961,0.27719
2017-12-21,30260.0,30480.85,30064.45,30221.4,30266.5219858156,705,334,21337898.0,197.0,27.94,416.4,-38.6,Eicher Motors,-0.11023062494318614,416.3999999999978,-0.12756113681427148,2.1337898,0.00705
2017-12-22,30364.25,30699.85,30050.0,30247.85,30334.87551020408,1960,861,59456356.0,398.0,20.31,649.85,-116.4,Eicher Motors,0.0875207634325248,649.8499999999985,-0.3833455461603743,5.9456356,0.0196
2017-12-26,30250.75,30462.85,29977.05,30121.0,30123.79152426521,1463,582,44071107.0,519.0,35.48,485.8,-129.75,Eicher Motors,-0.41936864934201123,485.7999999999993,-0.4289149855788699,4.4071107,0.01463
2017-12-27,30324.65,30324.65,30100.0,30164.0,30184.02545454545,550,270,16601214.0,136.0,24.73,224.65,-160.65,Eicher Motors,0.1427575445702267,224.65000000000146,-0.5297670377069528,1.6601214,0.0055
2017-12-28,30000.1,30289.5,29700.0,29951.75,30082.7963963964,1110,597,33391904.0,403.0,36.31,589.5,-48.35,Eicher Motors,-0.7036533616231244,589.5,-0.16116612944623035,3.3391904,0.0111
2017-12-29,29939.3,30380.0,29939.3,30290.55,30140.519575315197,1507,500,45421763.0,439.0,29.13,440.7,351.25,Eicher Motors,1.1311526037710573,440.7000000000007,1.1732071224110117,4.5421763,0.01507
2018-01-01,30472.0,30472.0,29857.2,29901.3,30082.833568406204,709,308,21328729.0,270.0,38.08,614.8,-570.7,Eicher Motors,-1.2850542495926986,614.7999999999993,-1.8728668941979547,2.1328729,0.00709
2018-01-02,30350.0,30350.0,28600.0,28697.45,29047.45673076923,5200,2583,151046775.0,1811.0,34.83,1750.0,-1652.55,Eicher Motors,-4.026079133683147,1750.0,-5.4449752883031275,15.1046775,0.052
2018-01-03,28961.95,28997.9,28551.0,28794.6,28765.67921146953,3906,1325,112358743.0,1442.0,36.92,446.9,-167.35,Eicher Motors,0.338531820771526,446.90000000000146,-0.5778271145416733,11.2358743,0.03906
2018-01-04,28801.0,28962.45,28412.9,28574.7,28607.315484804632,2073,851,59302965.0,794.0,38.3,549.55,-226.3,Eicher Motors,-0.7636848575774513,549.5499999999993,-0.7857366063678319,5.9302965,0.02073
2018-01-05,28715.6,29300.0,28715.55,29250.85,28849.396735097696,8086,747,233276222.0,4115.0,50.89,584.45,535.25,Eicher Motors,2.3662540639096674,584.4500000000007,1.863969410355347,23.3276222,0.08086
2018-01-08,29450.0,29450.0,29075.0,29131.3,29185.901606425705,1494,682,43603737.0,415.0,27.78,375.0,-318.7,Eicher Motors,-0.40870607178936647,375.0,-1.0821731748726682,4.3603737,0.01494
2018-01-09,29135.0,29199.95,28509.25,28594.0,28668.69368575624,3405,1261,97616902.0,1223.0,35.92,690.7,-541.0,Eicher Motors,-1.8444079048995365,690.7000000000007,-1.8568731765917283,9.7616902,0.03405
2018-01-10,28998.0,28998.0,28050.0,28100.25,28228.756731662023,3231,1360,91207113.0,1048.0,32.44,948.0,-897.75,Eicher Motors,-1.72676085892145,948.0,-3.095903165735568,9.1207113,0.03231
2018-01-11,28399.0,28450.0,27835.25,28382.95,28055.19925351708,3483,1120,97716259.0,1753.0,50.33,614.75,-16.05,Eicher Motors,1.0060408715224956,614.75,-0.05651607450966327,9.7716259,0.03483
2018-01-12,28750.0,28750.0,28200.0,28514.4,28514.620233463036,2570,1115,73282574.0,611.0,23.77,550.0,-235.6,Eicher Motors,0.46313015384236156,550.0,-0.8194782608695602,7.3282574,0.0257
2018-01-15,28651.0,28783.7,27889.75,27991.15,28095.193601044728,3063,1403,86055578.0,1447.0,47.24,893.95,-659.85,Eicher Motors,-1.8350377353197,893.9500000000007,-2.303060975184107,8.6055578,0.03063
2018-01-16,27990.0,28149.9,27700.0,27906.55,27870.743144654087,3975,1065,110786204.0,1957.0,49.23,449.9,-83.45,Eicher Motors,-0.30223838606131537,449.90000000000146,-0.2981421936405885,11.0786204,0.03975
2018-01-17,27907.0,28260.0,27710.0,28193.9,27906.937262357413,1578,744,44037147.0,402.0,25.48,550.0,286.9,Eicher Motors,1.0296865789572784,550.0,1.0280574766187747,4.4037147,0.01578
2018-01-18,28289.35,28440.0,27801.0,27926.35,28114.29045853001,5932,2121,166773971.0,2234.0,37.66,639.0,-363.0,Eicher Motors,-0.9489641376326241,639.0,-1.2831684008292874,16.6773971,0.05932
2018-01-19,28069.85,28148.9,27760.05,27987.45,28022.263791267305,9390,1097,263129057.0,7780.0,82.85,388.85,-82.4,Eicher Motors,0.2187897809774686,388.8500000000022,-0.29355340338476277,26.3129057,0.0939
2018-01-22,28015.05,28015.05,27543.55,27652.0,27743.95347313237,1526,754,42337273.0,689.0,45.15,471.5,-363.05,Eicher Motors,-1.1985729317962157,471.5,-1.2959105909145237,4.2337273,0.01526
2018-01-23,27718.05,27725.1,27075.0,27112.9,27293.8511060692,3526,1640,96238119.0,1397.0,39.62,650.1,-605.15,Eicher Motors,-1.949587733256175,650.0999999999985,-2.1832343905866316,9.6238119,0.03526
2018-01-24,27099.8,27099.8,26300.0,26400.85,26716.24432320849,6782,2035,181189569.0,4402.0,64.91,799.8,-698.95,Eicher Motors,-2.6262406455967557,799.7999999999993,-2.579170325980268,18.1189569,0.06782
2018-01-25,26490.0,26724.55,26226.65,26524.95,26368.77753229912,20821,1368,549024317.0,18996.0,91.23,497.9,34.95,Eicher Motors,0.4700606230481297,497.8999999999978,0.13193657984145235,54.9024317,0.20821
2018-01-29,26600.0,27824.15,26000.0,27463.45,27284.44249466445,4217,1901,115058494.0,1675.0,39.72,1824.15,863.45,Eicher Motors,3.538178205802467,1824.1500000000015,3.24605263157895,11.5058494,0.04217
2018-01-30,27500.0,27500.0,26552.15,26653.1,26938.88303601481,71304,1493,1920850116.0,68529.0,96.11,947.85,-846.9,Eicher Motors,-2.950648953427204,947.8499999999985,-3.079636363636369,192.0850116,0.71304
2018-01-31,26700.0,27394.7,26550.5,26948.9,26965.4881477398,3628,1585,97830791.0,699.0,19.27,844.2,248.9,Eicher Motors,1.1098146181870217,844.2000000000007,0.9322097378277208,9.7830791,0.03628
2018-02-01,26940.0,28199.95,26701.25,27995.35,27447.119689355874,4378,2316,120163490.0,1178.0,26.91,1498.7,1055.35,Eicher Motors,3.8830898478230846,1498.7000000000007,3.9174090571640634,12.016349,0.04378
2018-02-02,28000.0,28495.0,27244.0,27738.8,28033.207846410685,3594,1674,100751349.0,676.0,18.81,1251.0,-261.2,Eicher Motors,-0.9164021882205442,1251.0,-0.9328571428571455,10.0751349,0.03594
2018-02-05,27489.6,27788.95,27300.0,27575.95,27575.236842105263,1444,600,39818642.0,341.0,23.61,488.95,86.35,Eicher Motors,-0.5870837959825126,488.9500000000007,0.31411879401665427,3.9818642,0.01444
2018-02-06,26849.95,28006.0,26112.1,27567.95,27162.81519919652,2987,1291,81135329.0,610.0,20.42,1893.9,718.0,Eicher Motors,-0.029010786573080427,1893.9000000000015,2.6741204359784656,8.1135329,0.02987
2018-02-07,27999.0,28440.0,27135.95,27997.6,27968.67058034217,14905,2196,416873035.0,993.0,6.66,1304.05,-1.4,Eicher Motors,1.5585126931817461,1304.0499999999993,-0.005000178577811547,41.6873035,0.14905
2018-02-08,28198.0,28326.05,27858.05,28116.75,28139.13005272408,3983,1493,112078155.0,1082.0,27.17,468.0,-81.25,Eicher Motors,0.4255721919021793,468.0,-0.28814100290800765,11.2078155,0.03983
2018-02-09,27700.0,27959.75,27585.05,27743.1,27757.71422261484,2264,989,62843465.0,674.0,29.77,374.7,43.1,Eicher Motors,-1.328923150790906,374.7000000000007,0.15559566787003085,6.2843465,0.02264
2018-02-12,27950.4,28016.4,27729.5,27873.65,27881.81539888683,1078,440,30056597.0,401.0,37.2,286.9,-76.75,Eicher Motors,0.470567456412585,286.90000000000146,-0.274593565745034,3.0056597,0.01078
2018-02-14,27820.0,28200.0,27740.75,28020.75,28029.63169642857,1792,700,50229100.0,540.0,30.13,459.25,200.75,Eicher Motors,0.5277385631232256,459.25,0.7216031631919483,5.02291,0.01792
2018-02-15,28140.0,28400.0,28113.4,28322.4,28309.520469619576,13117,837,371335980.0,859.0,6.55,286.6,182.4,Eicher Motors,1.076523647653982,286.59999999999854,0.6481876332622653,37.133598,0.13117
2018-02-16,28355.0,28402.95,27197.0,27350.1,27629.942897930046,2802,1173,77419100.0,827.0,29.51,1205.95,-1004.9,Eicher Motors,-3.432971782052374,1205.9500000000007,-3.5439957679421674,7.74191,0.02802
2018-02-19,27352.0,27567.0,26715.55,27083.1,27111.4301430143,1818,832,49288580.0,436.0,23.98,851.45,-268.9,Eicher Motors,-0.9762304342580075,851.4500000000007,-0.9831090962269723,4.928858,0.01818
2018-02-20,27125.0,27400.1,26810.25,26924.6,27140.078571428567,1260,568,34196499.0,234.0,18.57,589.85,-200.4,Eicher Motors,-0.5852358112623746,589.8499999999985,-0.7388018433179777,3.4196499,0.0126
2018-02-21,27084.95,27498.95,27017.5,27379.35,27271.8981018981,2002,894,54598340.0,723.0,36.11,481.45,294.4,Eicher Motors,1.68897588079302,481.4500000000007,1.0869505020315628,5.459834,0.02002
2018-02-22,27173.1,27210.0,26602.0,26805.45,26994.1717325228,1316,596,35524330.0,513.0,38.98,608.0,-367.65,Eicher Motors,-2.0961052764218224,608.0,-1.3529924815350396,3.552433,0.01316
2018-02-23,27025.0,27166.95,26546.05,26717.35,26692.329469188528,1639,808,43748728.0,558.0,34.05,620.9,-307.65,Eicher Motors,-0.3286645066581717,620.9000000000015,-1.1383903792784513,4.3748728,0.01639
2018-02-26,27000.0,27290.0,26749.25,27181.05,27105.410364886306,1891,839,51256331.0,772.0,40.82,540.75,181.05,Eicher Motors,1.7355763202563157,540.75,0.6705555555555529,5.1256331,0.01891
2018-02-27,27274.05,27337.15,27050.0,27141.65,27155.897959183676,1323,536,35927253.0,388.0,29.33,287.15,-132.4,Eicher Motors,-0.14495392929999573,287.15000000000146,-0.48544312267520895,3.5927253,0.01323
2018-02-28,26860.1,27555.0,26577.0,27421.45,27294.72102747909,1674,705,45691363.0,692.0,41.34,978.0,561.35,Eicher Motors,1.0308879526484072,978.0,2.089902867077942,4.5691363,0.01674
2018-03-01,27356.0,27960.5,27280.9,27734.85,27724.374860956617,1798,990,49848426.0,458.0,25.47,679.6,378.85,Eicher Motors,1.1429009042191351,679.5999999999985,1.3848881415411556,4.9848426,0.01798
2018-03-05,27682.75,27796.75,27450.0,27563.3,27560.490906177387,12481,509,343982487.0,410.0,3.28,346.75,-119.45,Eicher Motors,-0.6185358853572298,346.75,-0.43149614832341704,34.3982487,0.12481
2018-03-06,27754.8,27777.95,27300.0,27421.1,27463.162197514717,1529,625,41991175.0,642.0,41.99,477.95,-333.7,Eicher Motors,-0.5159033932801926,477.9500000000007,-1.2023145545995675,4.1991175,0.01529
2018-03-07,27400.1,27627.2,27341.95,27450.15,27471.735028712057,1219,519,33488045.0,436.0,35.77,285.25,50.05,Eicher Motors,0.10594031603401444,285.25,0.18266356692129923,3.3488045,0.01219
2018-03-08,27538.0,27790.0,27450.0,27702.3,27518.668368187056,6073,557,167120873.0,5236.0,86.22,340.0,164.3,Eicher Motors,0.9185742154414367,340.0,0.5966301111191781,16.7120873,0.06073
2018-03-09,27998.0,28024.15,27672.0,27875.0,27916.9057497988,11183,574,312194757.0,10338.0,92.44,352.15,-123.0,Eicher Motors,0.6234139403587413,352.15000000000146,-0.4393170940781484,31.2194757,0.11183
2018-03-12,27895.0,28378.7,27895.0,28323.3,28218.296084049663,1047,425,29544556.0,438.0,41.83,483.7,428.3,Eicher Motors,1.6082511210762318,483.7000000000007,1.5354006094282102,2.9544556,0.01047
2018-03-13,28040.0,28839.0,28040.0,28794.7,28666.93058161351,1599,608,45838422.0,654.0,40.9,799.0,754.7,Eicher Motors,1.6643540830341141,799.0,2.6915121255349526,4.5838422,0.01599
2018-03-14,28960.0,29040.2,28638.95,28796.15,28885.87404255319,1175,444,33940902.0,409.0,34.81,401.25,-163.85,Eicher Motors,0.005035648921514202,401.25,-0.5657803867403265,3.3940902,0.01175
2018-03-15,28800.0,28900.0,28601.05,28655.35,28766.414834600368,4867,525,140006141.0,4034.0,82.88,298.95,-144.65,Eicher Motors,-0.48895425256502145,298.9500000000007,-0.5022569444444496,14.0006141,0.04867
2018-03-16,28750.0,28789.0,27900.0,28048.0,28348.944917376062,1997,824,56612843.0,698.0,34.95,889.0,-702.0,Eicher Motors,-2.119499500093347,889.0,-2.4417391304347826,5.6612843,0.01997
2018-03-19,28175.65,28289.15,27300.0,27421.25,27618.81090909091,1100,480,30380692.0,520.0,47.27,989.15,-754.4,Eicher Motors,-2.234562179121502,989.1500000000015,-2.6774892504698258,3.0380692,0.011
2018-03-20,27450.0,28341.3,27337.95,28286.4,28099.67596972564,2114,952,59402715.0,891.0,42.15,1003.35,836.4,Eicher Motors,3.1550348725897015,1003.3499999999985,3.046994535519131,5.9402715,0.02114
2018-03-21,28700.0,28700.0,27811.55,27954.5,27982.31650943396,2120,882,59322511.0,872.0,41.13,888.45,-745.5,Eicher Motors,-1.173355393404607,888.4500000000007,-2.597560975609756,5.9322511,0.0212
2018-03-22,28150.0,28466.1,27881.25,28008.6,28207.691075514875,1311,537,36980283.0,503.0,38.37,584.85,-141.4,Eicher Motors,0.19352876996547863,584.8499999999985,-0.50230905861457,3.6980283,0.01311
2018-03-23,27500.0,28002.0,27322.55,27919.3,27758.76039279869,3055,1037,84803013.0,1532.0,50.15,679.45,419.3,Eicher Motors,-0.318830644873358,679.4500000000007,1.52472727272727,8.4803013,0.03055
2018-03-26,27800.0,27995.0,27626.15,27840.85,27854.070949185043,2086,626,58103592.0,1189.0,57.0,368.85,40.85,Eicher Motors,-0.2809884201967816,368.84999999999854,0.14694244604316023,5.8103592,0.02086
2018-03-27,28025.3,28533.9,28025.3,28412.6,28345.26928374656,1452,595,41157331.0,535.0,36.85,508.6,387.3,Eicher Motors,2.0536370118010128,508.6000000000022,1.381965581099932,4.1157331,0.01452
2018-03-28,28088.05,28669.7,28016.3,28336.95,28285.964991023335,1114,526,31510565.0,518.0,46.5,653.4,248.9,Eicher Motors,-0.26625511216853415,653.4000000000015,0.8861419714077747,3.1510565,0.01114
2018-04-02,28350.0,28787.0,28022.15,28301.4,28542.139136769256,5491,562,156724886.0,4706.0,85.7,764.85,-48.6,Eicher Motors,-0.12545457432786566,764.8499999999985,-0.1714285714285663,15.6724886,0.05491
2018-04-03,28051.25,28170.0,27800.0,28051.95,27966.122051282047,975,457,27266969.0,247.0,25.33,370.0,0.7,Eicher Motors,-0.8814051601687578,370.0,0.002495432467361446,2.7266969,0.00975
2018-04-04,28500.0,29257.3,28400.0,28944.4,28931.801506424457,4514,2143,130598152.0,1107.0,24.52,857.3,444.4,Eicher Motors,3.181418760549626,857.2999999999993,1.55929824561404,13.0598152,0.04514
2018-04-05,29092.0,29750.0,29092.0,29667.0,29396.853312788902,3245,1470,95392789.0,936.0,28.84,658.0,575.0,Eicher Motors,2.4965105512637864,658.0,1.9764883816856866,9.5392789,0.03245
2018-04-06,29655.0,29995.0,29595.05,29793.85,29794.510727190605,8856,938,263860187.0,7587.0,85.67,399.95,138.85,Eicher Motors,0.4275794653992637,399.9500000000007,0.4682178384758002,26.3860187,0.08856
2018-04-09,29796.0,30125.0,29740.0,29849.3,29849.40647341103,20422,1232,609584579.0,19410.0,95.04,385.0,53.3,Eicher Motors,0.18611223457190018,385.0,0.1788830715532262,60.9584579,0.20422
2018-04-10,29849.0,30171.75,29662.05,29980.75,29975.439550949915,1158,606,34711559.0,312.0,26.94,509.7,131.75,Eicher Motors,0.4403788363546157,509.7000000000007,0.4413883212167912,3.4711559,0.01158
2018-04-11,30050.0,30825.0,29924.3,30689.4,30465.00293255132,3069,1402,93497094.0,1171.0,38.16,900.7,639.4,Eicher Motors,2.3636833634915755,900.7000000000007,2.1277870216306205,9.3497094,0.03069
2018-04-12,30552.0,30899.95,30401.0,30671.8,30719.8838612368,1989,848,61101849.0,732.0,36.8,498.95,119.8,Eicher Motors,-0.05734879143939331,498.9500000000007,0.3921183555904663,6.1101849,0.01989
2018-04-13,30675.0,31498.95,30675.0,31341.55,31125.02437785678,1969,968,61285173.0,854.0,43.37,823.95,666.55,Eicher Motors,2.183601875338259,823.9500000000007,2.1729421352893215,6.1285173,0.01969
2018-04-16,31400.0,31400.0,31001.8,31300.1,31193.692520775625,1444,566,45043692.0,469.0,32.48,398.2,-99.9,Eicher Motors,-0.13225255292096394,398.2000000000007,-0.31815286624204286,4.5043692,0.01444
2018-04-17,31300.1,31473.0,30802.0,31039.9,31121.076382942283,5839,466,181715965.0,342.0,5.86,671.0,-260.2,Eicher Motors,-0.8313072482196482,671.0,-0.8313072482196451,18.1715965,0.05839
2018-04-18,31117.05,31349.3,30829.3,30870.35,31010.507197549767,3265,530,101249306.0,272.0,8.33,520.0,-246.7,Eicher Motors,-0.5462324298725285,520.0,-0.7928129433863453,10.1249306,0.03265
2018-04-19,31051.25,31199.9,30568.2,30902.65,30819.30657127716,3774,995,116312063.0,1976.0,52.36,631.7,-148.6,Eicher Motors,0.10463114282799335,631.7000000000007,-0.4785636649088154,11.6312063,0.03774
2018-04-20,30815.05,31250.0,30696.3,31155.0,30914.84640522876,1224,651,37839772.0,407.0,33.25,553.7,339.95,Eicher Motors,0.8165966349164222,553.7000000000007,1.1031947051846442,3.7839772,0.01224
2018-04-23,31150.0,31337.0,30566.4,30934.2,30967.832625482624,5180,621,160413373.0,4247.0,81.99,770.6,-215.8,Eicher Motors,-0.7087144920558508,770.5999999999985,-0.6927768860353106,16.0413373,0.0518
2018-04-24,30999.0,31400.0,30836.0,31149.45,31092.970588235294,612,337,19028898.0,139.0,22.71,564.0,150.45,Eicher Motors,0.6958317978160045,564.0,0.4853382367173158,1.9028898,0.00612
2018-04-25,31188.0,31188.0,30675.0,30739.3,30887.7793764988,834,422,25760408.0,214.0,25.66,513.0,-448.7,Eicher Motors,-1.3167166675495112,513.0,-1.438694369629347,2.5760408,0.00834
2018-04-26,30869.6,31344.0,30821.15,31188.1,31052.965408805034,636,329,19749686.0,223.0,35.06,522.85,318.5,Eicher Motors,1.4600202346832791,522.8499999999985,1.031759400834478,1.9749686,0.00636
2018-04-27,31020.0,32209.5,31019.85,31557.55,31831.209077001527,1961,1044,62421001.0,791.0,40.34,1189.65,537.55,Eicher Motors,1.1845864287981733,1189.6500000000015,1.7329142488716933,6.2421001,0.01961
2018-04-30,31700.0,31889.35,31111.0,31214.95,31542.34539473684,608,336,19177746.0,205.0,33.72,778.35,-485.05,Eicher Motors,-1.0856356085944485,778.3499999999985,-1.5301261829652972,1.9177746,0.00608
2018-05-02,31331.0,31421.65,30320.0,30479.0,30768.56256517205,1918,840,59014103.0,651.0,33.94,1101.65,-852.0,Eicher Motors,-2.357684378799263,1101.6500000000015,-2.7193514410647603,5.9014103,0.01918
2018-05-03,30699.0,30699.0,29602.75,29905.1,29920.509990485247,1051,505,31446456.0,423.0,40.25,1096.25,-793.9,Eicher Motors,-1.882935791856688,1096.25,-2.586077722401386,3.1446456,0.01051
2018-05-04,29958.3,30048.8,29179.2,29217.3,29446.29647283127,1049,441,30889165.0,438.0,41.75,869.6,-741.0,Eicher Motors,-2.2999421503355544,869.5999999999985,-2.4734380789297123,3.0889165,0.01049
2018-05-07,29324.7,29900.0,29111.1,29806.3,29625.80320366133,874,463,25892952.0,253.0,28.95,788.9,481.6,Eicher Motors,2.0159289188254936,788.9000000000015,1.6423015410217277,2.5892952,0.00874
2018-05-08,29987.0,30475.05,29935.4,30435.25,30273.798646362095,1182,601,35783630.0,410.0,34.69,539.65,448.25,Eicher Motors,2.110124369680233,539.6499999999978,1.4948144195818187,3.578363,0.01182
2018-05-09,30400.05,30750.0,30000.0,30305.45,30543.826702997278,3670,1379,112095844.0,752.0,20.49,750.0,-94.6,Eicher Motors,-0.42647916478425474,750.0,-0.3111836987110171,11.2095844,0.0367
2018-05-10,30750.0,31159.55,30100.0,30688.6,30557.992090784042,2908,1265,88862641.0,729.0,25.07,1059.55,-61.4,Eicher Motors,1.2642940461204066,1059.5499999999993,-0.19967479674797223,8.8862641,0.02908
2018-05-11,30655.0,31105.0,30632.8,30861.15,30888.351672862453,1345,593,41544833.0,336.0,24.98,472.2,206.15,Eicher Motors,0.5622609047007732,472.2000000000007,0.6724840972109002,4.1544833,0.01345
2018-05-14,30836.0,30924.5,30350.05,30471.95,30614.995341614904,1288,535,39432114.0,513.0,39.83,574.45,-364.05,Eicher Motors,-1.261132524225439,574.4500000000007,-1.1806005967051476,3.9432114,0.01288
2018-05-15,30454.05,30984.8,30229.4,30742.8,30677.986707566462,978,521,30003071.0,196.0,20.04,755.4,288.75,Eicher Motors,0.8888502376775964,755.3999999999978,0.948149753481064,3.0003071,0.00978
2018-05-16,30588.2,30951.5,30370.35,30549.95,30663.70241691843,662,300,20299371.0,208.0,31.42,581.15,-38.25,Eicher Motors,-0.6273013518612425,581.1500000000015,-0.12504822120948603,2.0299371,0.00662
2018-05-17,30591.55,30899.0,30388.05,30494.8,30650.179675994106,679,291,20811472.0,242.0,35.64,510.95,-96.75,Eicher Motors,-0.18052402704423764,510.9500000000007,-0.3162638048742218,2.0811472,0.00679
2018-05-18,30705.25,30725.0,29772.75,30131.25,30341.407928388744,782,363,23726981.0,291.0,37.21,952.25,-574.0,Eicher Motors,-1.1921704684077272,952.25,-1.8693871569194194,2.3726981,0.00782
2018-05-21,29986.8,30174.75,29341.0,29444.65,29811.09726443769,987,504,29423553.0,250.0,25.33,833.75,-542.15,Eicher Motors,-2.278697365691762,833.75,-1.807962170021469,2.9423553,0.00987
2018-05-22,29401.0,29971.3,29401.0,29918.0,29805.446920052425,763,399,22741556.0,233.0,30.54,570.3,517.0,Eicher Motors,1.607592550768988,570.2999999999993,1.7584435903540696,2.2741556,0.00763
2018-05-23,29730.0,29765.6,29265.7,29399.25,29455.302415458937,1035,610,30486238.0,358.0,34.59,499.9,-330.75,Eicher Motors,-1.7339060097600112,499.8999999999978,-1.1125126135216954,3.0486238,0.01035
2018-05-24,29424.1,29724.25,29280.35,29483.35,29497.1173594132,818,429,24128642.0,237.0,28.97,443.9,59.25,Eicher Motors,0.28606171926153223,443.90000000000146,0.2013655472894668,2.4128642,0.00818
2018-05-25,29649.45,30248.7,29649.45,30103.3,29991.446078431367,1020,565,30591275.0,289.0,28.33,599.25,453.85,Eicher Motors,2.1027122087551087,599.25,1.5307197941277109,3.0591275,0.0102
2018-05-28,30222.75,30735.0,30111.3,30636.75,30634.50607287449,741,395,22700169.0,226.0,30.5,623.7,414.0,Eicher Motors,1.772064856676847,623.7000000000007,1.3698290195299898,2.2700169,0.00741
2018-05-29,30630.0,30747.0,30312.6,30492.95,30575.834331337323,501,238,15318493.0,115.0,22.95,434.4,-137.05,Eicher Motors,-0.46937093523301554,434.40000000000146,-0.4474371531178559,1.5318493,0.00501
2018-05-30,30146.25,30969.05,30000.0,30239.35,30176.124361158432,587,264,17713385.0,173.0,29.47,969.05,93.1,Eicher Motors,-0.8316676477677754,969.0499999999993,0.308827797818961,1.7713385,0.00587
2018-05-31,30500.0,31424.65,30150.0,30647.25,30558.44827586207,2233,780,68237015.0,684.0,30.63,1274.65,147.25,Eicher Motors,1.3489046556887097,1274.6500000000015,0.48278688524590163,6.8237015,0.02233
2018-06-01,30500.1,30582.5,29369.3,29788.8,29872.52280805687,3376,1844,100849637.0,751.0,22.25,1213.2,-711.3,Eicher Motors,-2.801066979908473,1213.2000000000007,-2.33212350123442,10.0849637,0.03376
2018-06-04,30333.0,30333.0,29309.05,29382.2,29775.78335433007,24607,1070,732692701.0,23259.0,94.52,1023.95,-950.8,Eicher Motors,-1.3649425287356243,1023.9500000000007,-3.134539939999338,73.2692701,0.24607
2018-06-05,29429.0,29527.65,29076.3,29261.65,29263.238244514105,1595,734,46674865.0,562.0,35.24,451.35,-167.35,Eicher Motors,-0.41028241588444425,451.3500000000022,-0.5686567671344542,4.6674865,0.01595
2018-06-06,29740.0,30020.75,29220.0,29895.5,29748.340425531915,987,412,29361612.0,261.0,26.44,800.75,155.5,Eicher Motors,2.1661457915052695,800.75,0.5228648285137861,2.9361612,0.00987
2018-06-07,30210.35,30216.3,29532.3,29667.2,29872.725113122167,884,396,26407489.0,297.0,33.6,684.0,-543.15,Eicher Motors,-0.7636600826211315,684.0,-1.79789376819533,2.6407489,0.00884
2018-06-08,29548.65,29888.0,29307.9,29560.35,29460.94384707288,837,356,24658810.0,298.0,35.6,580.1,11.7,Eicher Motors,-0.360162064502223,580.0999999999985,0.03959571757084364,2.465881,0.00837
2018-06-11,29590.1,29787.0,29539.0,29639.85,29665.790043290042,462,211,13705595.0,78.0,16.88,248.0,49.75,Eicher Motors,0.26894133526835784,248.0,0.16813055717959724,1.3705595,0.00462
2018-06-12,29700.05,29961.9,29152.35,29225.2,29458.600364963502,1644,684,48429939.0,660.0,40.15,809.55,-474.85,Eicher Motors,-1.3989611958225123,809.5500000000029,-1.5988188572073063,4.8429939,0.01644
2018-06-13,29400.0,29525.0,29300.0,29382.8,29459.894104873216,15657,253,461253562.0,10357.0,66.15,225.0,-17.2,Eicher Motors,0.5392606380794529,225.0,-0.05850340136054669,46.1253562,0.15657
2018-06-14,29348.2,29559.0,29152.35,29531.55,29374.95207253886,772,266,22677463.0,185.0,23.96,406.65,183.35,Eicher Motors,0.5062485535755723,406.65000000000146,0.6247401884953713,2.2677463,0.00772
2018-06-15,29489.35,29650.0,29289.0,29506.4,29479.463312368967,954,357,28123408.0,336.0,35.22,361.0,17.05,Eicher Motors,-0.08516315601448943,361.0,0.057817483260915924,2.8123408,0.00954
2018-06-18,29572.25,30238.0,29432.6,30125.05,30015.071875,1600,828,48024115.0,678.0,42.38,805.4,552.8,Eicher Motors,2.0966637746387073,805.4000000000015,1.8693200551192395,4.8024115,0.016
2018-06-19,29935.75,30099.95,29600.0,29962.3,29847.91018998273,579,291,17281940.0,219.0,37.82,499.95,26.55,Eicher Motors,-0.5402480659783104,499.9500000000007,0.08868994429736778,1.728194,0.00579
2018-06-20,29930.0,30153.75,29650.0,29764.05,29905.53610108303,554,260,16567667.0,146.0,26.35,503.75,-165.95,Eicher Motors,-0.6616648254640034,503.75,-0.5544604076177773,1.6567667,0.00554
2018-06-21,30012.15,30012.15,29412.0,29492.5,29598.636239782016,734,347,21725399.0,242.0,32.97,600.15,-519.65,Eicher Motors,-0.9123422383714552,600.1500000000015,-1.7314654231702875,2.1725399,0.00734
2018-06-22,29353.1,29398.35,28905.1,29154.65,29102.47364996747,1537,789,44730502.0,645.0,41.96,493.25,-198.45,Eicher Motors,-1.1455454776638119,493.25,-0.6760785061884336,4.4730502,0.01537
2018-06-25,29303.4,29700.0,29155.05,29436.1,29447.137426900583,1026,473,30212763.0,362.0,35.28,544.95,132.7,Eicher Motors,0.9653691606656079,544.9500000000007,0.45284847492098895,3.0212763,0.01026
2018-06-26,29493.45,29547.15,28983.0,29090.05,29251.418811881187,1010,405,29543933.0,493.0,48.81,564.15,-403.4,Eicher Motors,-1.1755973107850592,564.1500000000015,-1.3677613164957014,2.9543933,0.0101
2018-06-27,29139.0,29139.0,28289.6,28371.3,28611.81289978678,1876,780,53675761.0,709.0,37.79,849.4,-767.7,Eicher Motors,-2.470776090106408,849.4000000000015,-2.6346134047153322,5.3675761,0.01876
2018-06-28,28290.0,28510.95,27736.5,28373.55,28081.127736663584,12972,1048,364268389.0,11013.0,84.9,774.45,83.55,Eicher Motors,0.007930549534207465,774.4500000000007,0.2953340402969221,36.4268389,0.12972
2018-06-29,28646.35,28795.3,28425.0,28560.8,28575.85184102864,3422,461,97786565.0,2991.0,87.41,370.3,-85.55,Eicher Motors,0.6599456183663976,370.2999999999993,-0.2986418863136116,9.7786565,0.03422
2018-07-02,29000.0,29000.0,27900.0,28200.5,28156.007637017072,2226,755,62675273.0,905.0,40.66,1100.0,-799.5,Eicher Motors,-1.2615192851740842,1100.0,-2.7568965517241377,6.2675273,0.02226
2018-07-03,28235.05,28372.35,28050.0,28102.7,28184.1875,560,229,15783145.0,164.0,29.29,322.35,-132.35,Eicher Motors,-0.3468023616602478,322.34999999999854,-0.46874363601268126,1.5783145,0.0056
2018-07-04,28181.0,28350.0,28059.45,28256.75,28242.5945709282,1142,367,32253043.0,528.0,46.23,290.55,75.75,Eicher Motors,0.5481679696256903,290.5499999999993,0.268798126397218,3.2253043,0.01142
2018-07-05,28272.05,28317.0,27900.0,27962.1,28013.13343677269,1289,421,36108929.0,502.0,38.94,417.0,-309.95,Eicher Motors,-1.0427596945862594,417.0,-1.0963124357802165,3.6108929,0.01289
2018-07-06,27960.0,28200.0,27455.25,27586.0,27830.919384389887,2729,1068,75950579.0,1147.0,42.03,744.75,-374.0,Eicher Motors,-1.3450348865070905,744.75,-1.3376251788268956,7.5950579,0.02729
2018-07-09,28200.0,28200.0,27644.0,27686.6,27784.65941530872,24731,479,687142412.0,489.0,1.98,556.0,-513.4,Eicher Motors,0.3646777350830188,556.0,-1.82056737588653,68.7142412,0.24731
2018-07-10,27802.95,28399.0,27700.0,28280.7,28070.964155528556,1646,663,46204807.0,809.0,49.15,699.0,477.75,Eicher Motors,2.145803385031031,699.0,1.7183428377204577,4.6204807,0.01646
2018-07-11,28285.0,28597.4,28088.1,28178.25,28392.565110565112,1221,564,34667322.0,567.0,46.44,509.3,-106.75,Eicher Motors,-0.36226118872588753,509.3000000000029,-0.37740852041718226,3.4667322,0.01221
2018-07-12,28288.4,28288.95,27950.0,28020.35,28066.76065891473,1032,438,28964897.0,421.0,40.79,338.95,-268.05,Eicher Motors,-0.5603612715480932,338.9500000000007,-0.9475615446614263,2.8964897,0.01032
2018-07-13,28130.05,28179.95,27531.4,27601.3,27633.42134831461,1424,650,39349992.0,530.0,37.22,648.55,-528.75,Eicher Motors,-1.4955202201257234,648.5499999999993,-1.8796624961562456,3.9349992,0.01424
2018-07-16,27600.0,27728.95,27051.05,27392.55,27417.623737373735,792,339,21714758.0,265.0,33.46,677.9,-207.45,Eicher Motors,-0.7563049566505886,677.9000000000015,-0.7516304347826113,2.1714758,0.00792
2018-07-17,27420.0,27431.75,27001.05,27215.95,27150.180080971655,6175,885,167652362.0,5181.0,83.9,430.7,-204.05,Eicher Motors,-0.6447008401919474,430.7000000000007,-0.7441648431801579,16.7652362,0.06175
2018-07-18,27217.0,27680.0,27160.1,27262.5,27471.775202781,863,360,23708142.0,247.0,28.62,519.9,45.5,Eicher Motors,0.1710394088760392,519.9000000000015,0.16717492743505896,2.3708142,0.00863
2018-07-19,27414.0,27414.0,26850.0,26982.0,27156.431746031743,630,253,17108552.0,247.0,39.21,564.0,-432.0,Eicher Motors,-1.0288858321870653,564.0,-1.5758371634931057,1.7108552,0.0063
2018-07-20,26966.45,27199.0,26802.0,27052.4,26999.998969072163,970,460,26189999.0,399.0,41.13,397.0,85.95,Eicher Motors,0.2609146838633114,397.0,0.31872938410506657,2.6189999,0.0097
2018-07-23,27800.0,27800.0,26889.5,26999.55,27029.566593886462,916,380,24759083.0,378.0,41.27,910.5,-800.45,Eicher Motors,-0.19536159453505952,910.5,-2.8793165467625927,2.4759083,0.00916
2018-07-24,26950.0,27815.0,26870.05,27700.8,27567.94137638063,1177,485,32447467.0,506.0,42.99,944.95,750.8,Eicher Motors,2.5972655099807174,944.9500000000007,2.7858998144712404,3.2447467,0.01177
2018-07-25,27800.0,27926.45,27112.3,27346.2,27583.86534653465,1010,401,27859704.0,260.0,25.74,814.15,-453.8,Eicher Motors,-1.2801074337203233,814.1500000000015,-1.6323741007194221,2.7859704,0.0101
2018-07-26,27526.9,28892.0,27499.65,28266.7,28236.153908464963,2469,988,69715064.0,710.0,28.76,1392.35,739.8,Eicher Motors,3.3660983975835723,1392.3499999999985,2.687552902796898,6.9715064,0.02469
2018-07-27,28500.0,29045.0,28234.35,28963.8,28921.663736759074,4437,600,128325422.0,3539.0,79.76,810.65,463.8,Eicher Motors,2.4661527521783633,810.6500000000015,1.6273684210526291,12.8325422,0.04437
2018-07-30,29067.9,29067.9,28475.0,28570.35,28595.603296703295,910,311,26021999.0,158.0,17.36,592.9,-497.55,Eicher Motors,-1.3584198206036513,592.9000000000015,-1.7116819584490208,2.6021999,0.0091
2018-07-31,28575.0,28600.0,27758.75,27820.95,27992.86025998143,2154,636,60296621.0,986.0,45.78,841.25,-754.05,Eicher Motors,-2.622999018212935,841.25,-2.638845144356953,6.0296621,0.02154
