Date,Open Price,High Price,Low Price,Close Price,WAP,No.of Shares,No. of Trades,Total Turnover (Rs.),Deliverable Quantity,% Deli. Qty to Traded Qty,Spread High-Low,Spread Close-Open,Company,Daily Return %,Price Range,Intraday Return %,Turnover Crore,Volume Lakh
2015-01-01,3100.0,3121.9,3081.6,3107.3,3101.609449501517,9228,1550,28621652.0,2482.0,26.9,40.3,7.3,Hero Motocorp,0.0,40.30000000000018,0.2354838709677478,2.8621652,0.09228
2015-01-02,3110.0,3117.8,3092.55,3097.75,3103.053846153846,9620,1976,29851378.0,2108.0,21.91,25.25,-12.25,Hero Motocorp,-0.3073407781675419,25.25,-0.39389067524115756,2.9851378,0.0962
2015-01-05,3100.0,3149.2,3098.55,3118.65,3127.4525399030804,29509,3586,92287997.0,8041.0,27.25,50.65,18.65,Hero Motocorp,0.6746832378339063,50.649999999999636,0.6016129032258094,9.2287997,0.29509
2015-01-06,3100.0,3100.0,3001.05,3011.8,3043.406582003261,20237,4573,61589419.0,6800.0,33.6,98.95,-88.2,Hero Motocorp,-3.4261619611049676,98.94999999999982,-2.845161290322575,6.1589419,0.20237
2015-01-07,3005.0,3019.8,2967.05,2977.1,2987.555679287305,16164,3841,48290850.0,3726.0,23.05,52.75,-27.9,Hero Motocorp,-1.152134935918725,52.75,-0.9284525790349447,4.829085,0.16164
2015-01-08,2980.0,2998.65,2954.05,2984.45,2976.1535142459797,28043,4622,83460273.0,11150.0,39.76,44.6,4.45,Hero Motocorp,0.24688455208088378,44.59999999999991,0.14932885906039658,8.3460273,0.28043
2015-01-09,3000.0,3010.0,2968.55,2993.15,2991.347604917338,16513,3060,49396123.0,6163.0,37.32,41.45,-6.85,Hero Motocorp,0.2915109986764808,41.44999999999982,-0.2283333333333303,4.9396123,0.16513
2015-01-12,2990.25,2990.25,2925.65,2936.2,2949.5487969957644,22901,3979,67547617.0,9013.0,39.36,64.6,-54.05,Hero Motocorp,-1.9026777809331374,64.59999999999991,-1.8075411754870054,6.7547617,0.22901
2015-01-13,2925.0,2957.75,2887.25,2893.7,2913.7757107089656,31553,6970,91938365.0,13311.0,42.19,70.5,-31.3,Hero Motocorp,-1.4474490838498721,70.5,-1.0700854700854763,9.1938365,0.31553
2015-01-14,2882.55,2922.0,2882.55,2905.2,2898.807331771008,41818,6790,121222325.0,22478.0,53.75,39.45,22.65,Hero Motocorp,0.3974150741265614,39.44999999999982,0.785762606025902,12.1222325,0.41818
2015-01-15,2915.05,2965.0,2915.05,2950.25,2945.4259872175303,17524,2576,51615645.0,6266.0,35.76,49.95,35.2,Hero Motocorp,1.5506677681399017,49.94999999999982,1.2075264575221631,5.1615645,0.17524
2015-01-16,2942.0,2954.75,2892.0,2896.85,2913.2399939357183,32980,6813,96078655.0,18554.0,56.26,62.75,-45.15,Hero Motocorp,-1.8100161003304804,62.75,-1.534670292318154,9.6078655,0.3298
2015-01-19,2900.0,2920.55,2835.0,2841.75,2865.565497606608,31963,6139,91592070.0,18489.0,57.85,85.55,-58.25,Hero Motocorp,-1.902066037247352,85.55000000000018,-2.0086206896551726,9.159207,0.31963
2015-01-20,2859.0,2860.0,2797.2,2827.7,2824.0094008264464,38720,8281,109345644.0,19272.0,49.77,62.8,-31.3,Hero Motocorp,-0.4944136535585564,62.80000000000018,-1.0947883875481002,10.9345644,0.3872
2015-01-21,2830.0,2895.75,2830.0,2876.5,2858.8245618938486,35779,6760,102285884.0,17309.0,48.38,65.75,46.5,Hero Motocorp,1.725784206245362,65.75,1.6431095406360425,10.2285884,0.35779
2015-01-22,2920.0,2920.0,2815.6,2838.15,2855.0271996215706,38052,6423,108639495.0,13533.0,35.56,104.4,-81.85,Hero Motocorp,-1.3332174517642903,104.40000000000009,-2.8030821917808186,10.8639495,0.38052
2015-01-23,2844.0,2893.5,2844.0,2859.65,2866.4344981205622,21549,4124,61768797.0,8364.0,38.81,49.5,15.65,Hero Motocorp,0.7575357186899945,49.5,0.5502812939521832,6.1768797,0.21549
2015-01-27,2880.0,2880.0,2822.05,2856.7,2842.9328521939956,17320,4549,49239597.0,7616.0,43.97,57.95,-23.3,Hero Motocorp,-0.10315947755845656,57.94999999999982,-0.809027777777784,4.9239597,0.1732
2015-01-28,2862.25,2895.0,2842.2,2865.45,2869.061803700156,19837,5358,56913579.0,8572.0,43.21,52.8,3.2,Hero Motocorp,0.30629747610879665,52.80000000000018,0.11180015721896475,5.6913579,0.19837
2015-01-29,2864.5,2889.6,2863.55,2875.4,2880.288189077795,15528,2533,44725115.0,5702.0,36.72,26.05,10.9,Hero Motocorp,0.34724039854125976,26.049999999999727,0.38052016058649296,4.4725115,0.15528
2015-01-30,2889.85,2937.0,2860.05,2869.55,2905.2960631723504,26214,5073,76159431.0,5833.0,22.25,76.95,-20.3,Hero Motocorp,-0.20344995478889238,76.94999999999982,-0.7024586051179033,7.6159431,0.26214
2015-02-02,2874.5,2889.4,2815.0,2834.4,2843.326794279048,23143,4160,65803112.0,7544.0,32.6,74.4,-40.1,Hero Motocorp,-1.22493073826907,74.40000000000009,-1.3950252217776973,6.5803112,0.23143
2015-02-03,2848.65,2855.85,2793.6,2812.35,2813.5641342178064,67234,6428,189167171.0,32176.0,47.86,62.25,-36.3,Hero Motocorp,-0.7779424216765474,62.25,-1.274287820546581,18.9167171,0.67234
2015-02-04,2780.0,2863.0,2753.85,2829.9,2794.563153648909,69418,8429,193992985.0,22104.0,31.84,109.15,49.9,Hero Motocorp,0.6240332817750271,109.15000000000009,1.7949640287769817,19.3992985,0.69418
2015-02-05,2829.0,2857.6,2825.25,2847.05,2844.596122379673,64782,4753,184278626.0,45596.0,70.38,32.35,18.05,Hero Motocorp,0.6060284815717853,32.34999999999991,0.6380346412159837,18.4278626,0.64782
2015-02-06,2855.0,2855.0,2772.5,2779.5,2788.802748706845,66504,7463,185466538.0,28189.0,42.39,82.5,-75.5,Hero Motocorp,-2.3726313201383964,82.5,-2.6444833625218918,18.5466538,0.66504
2015-02-09,2767.0,2767.0,2705.2,2728.5,2726.9106481880003,34851,5751,95035563.0,12711.0,36.47,61.8,-38.5,Hero Motocorp,-1.834862385321101,61.80000000000018,-1.3913986266714853,9.5035563,0.34851
2015-02-10,2714.15,2750.0,2690.25,2720.65,2714.0059229238514,191966,9307,520996861.0,157883.0,82.25,59.75,6.5,Hero Motocorp,-0.28770386659335845,59.75,0.239485658493451,52.0996861,1.91966
2015-02-11,2724.35,2769.0,2700.0,2752.45,2736.433830296337,43464,5628,118936360.0,20095.0,46.23,69.0,28.1,Hero Motocorp,1.168838329075772,69.0,1.0314386917980403,11.893636,0.43464
2015-02-12,2760.0,2817.0,2760.0,2805.35,2799.6808747220166,35074,5634,98196007.0,15651.0,44.62,57.0,45.35,Hero Motocorp,1.9219241039800883,57.0,1.643115942028982,9.8196007,0.35074
2015-02-13,2845.0,2869.1,2814.8,2852.5,2842.520847121112,21154,3622,60130686.0,5677.0,26.84,54.3,7.5,Hero Motocorp,1.680717201062265,54.29999999999973,0.26362038664323373,6.0130686,0.21154
2015-02-16,2830.0,2859.9,2793.05,2806.25,2814.51685162351,19464,3857,54781756.0,7759.0,39.86,66.85,-23.75,Hero Motocorp,-1.6213847502191014,66.84999999999991,-0.8392226148409895,5.4781756,0.19464
2015-02-18,2715.0,2748.0,2645.05,2663.45,2681.700558090996,906483,41653,2430915967.0,191831.0,21.16,102.95,-51.55,Hero Motocorp,-5.088641425389762,102.94999999999982,-1.898710865561701,243.0915967,9.06483
2015-02-19,2677.0,2701.85,2651.1,2667.2,2675.5687044237675,80497,9489,215375254.0,23804.0,29.57,50.75,-9.8,Hero Motocorp,0.14079483376823188,50.75,-0.36608143444154584,21.5375254,0.80497
2015-02-20,2665.0,2682.5,2648.0,2659.85,2668.171547714515,62350,5955,166360496.0,33842.0,54.28,34.5,-5.15,Hero Motocorp,-0.2755698860227973,34.5,-0.19324577861163567,16.6360496,0.6235
2015-02-23,2660.0,2665.0,2630.15,2646.8,2645.409592516736,32713,5054,86539284.0,13632.0,41.67,34.85,-13.2,Hero Motocorp,-0.49062917081789115,34.84999999999991,-0.4962406015037526,8.6539284,0.32713
2015-02-24,2655.4,2670.0,2641.0,2651.2,2654.970264903869,41298,3678,109644962.0,18103.0,43.84,29.0,-4.2,Hero Motocorp,0.1662384766510261,29.0,-0.15816826090232253,10.9644962,0.41298
2015-02-25,2670.0,2670.0,2615.1,2625.55,2634.697414213693,30745,4295,81003772.0,11883.0,38.65,54.9,-44.45,Hero Motocorp,-0.9674864212432022,54.90000000000009,-1.66479400749063,8.1003772,0.30745
2015-02-26,2630.1,2633.65,2602.2,2625.65,2620.31159061219,44398,5191,116336594.0,21006.0,47.31,31.45,-4.45,Hero Motocorp,0.0038087257907770677,31.450000000000273,-0.16919508763924637,11.6336594,0.44398
2015-02-27,2630.0,2679.6,2630.0,2670.35,2664.398226082528,70691,8184,188348975.0,41137.0,58.19,49.6,40.35,Hero Motocorp,1.702435587378348,49.59999999999991,1.5342205323193883,18.8348975,0.70691
2015-02-28,2673.95,2699.4,2641.8,2682.65,2663.28893864214,33052,5092,88027026.0,7700.0,23.3,57.6,8.7,Hero Motocorp,0.4606137772202201,57.59999999999991,0.3253613567942659,8.8027026,0.33052
2015-03-02,2687.0,2703.25,2616.4,2624.75,2637.8894170961435,45016,5394,118747230.0,19550.0,43.43,86.85,-62.25,Hero Motocorp,-2.158313607813178,86.84999999999991,-2.3167100855973204,11.874723,0.45016
2015-03-03,2626.0,2650.0,2600.05,2636.95,2629.90673630356,28146,4315,74021355.0,9741.0,34.61,49.95,10.95,Hero Motocorp,0.4648061720163854,49.94999999999982,0.41698400609291003,7.4021355,0.28146
2015-03-04,2640.0,2675.45,2611.0,2621.4,2646.823954777374,54486,4899,144214850.0,31086.0,57.05,64.45,-18.6,Hero Motocorp,-0.5896964295872054,64.44999999999982,-0.7045454545454511,14.421485,0.54486
2015-03-05,2629.4,2634.0,2591.0,2608.1,2604.6740240117606,48976,6840,127566515.0,17834.0,36.41,43.0,-21.3,Hero Motocorp,-0.5073624780651653,43.0,-0.8100707385715441,12.7566515,0.48976
2015-03-09,2607.95,2607.95,2574.0,2599.65,2591.338078129974,21989,3426,56980933.0,7463.0,33.94,33.95,-8.3,Hero Motocorp,-0.32399064453049187,33.94999999999982,-0.3182576353074149,5.6980933,0.21989
2015-03-10,2601.0,2626.0,2600.0,2620.55,2617.120132504056,44376,6743,116137323.0,19125.0,43.1,26.0,19.55,Hero Motocorp,0.8039543784740255,26.0,0.7516339869281116,11.6137323,0.44376
2015-03-11,2616.0,2624.2,2595.0,2617.0,2612.9433316557624,29805,4440,77878776.0,12058.0,40.46,29.2,1.0,Hero Motocorp,-0.13546774532064987,29.199999999999818,0.0382262996941896,7.7878776,0.29805
2015-03-12,2621.0,2647.45,2616.85,2642.65,2639.893255350771,166191,3883,438726500.0,153247.0,92.21,30.6,21.65,Hero Motocorp,0.9801299197554458,30.59999999999991,0.8260206028233532,43.87265,1.66191
2015-03-13,2660.0,2660.0,2604.05,2609.5,2620.9819220048166,36951,4456,96847903.0,17837.0,48.27,55.95,-50.5,Hero Motocorp,-1.2544226439369588,55.94999999999982,-1.8984962406015038,9.6847903,0.36951
2015-03-16,2615.25,2645.0,2600.75,2629.65,2620.5592567632616,20774,2733,54439498.0,5771.0,27.78,44.25,14.4,Hero Motocorp,0.7721785782716983,44.25,0.5506165758531724,5.4439498,0.20774
2015-03-17,2648.0,2656.5,2634.8,2652.45,2649.5268562688902,27461,2750,72758657.0,14744.0,53.69,21.7,4.45,Hero Motocorp,0.8670355370486549,21.699999999999818,0.16805135951660943,7.2758657,0.27461
2015-03-18,2653.0,2688.75,2640.05,2674.05,2675.936506693807,25546,5529,68359474.0,9646.0,37.76,48.7,21.05,Hero Motocorp,0.8143414578974273,48.69999999999982,0.7934413871089402,6.8359474,0.25546
2015-03-19,2680.0,2698.0,2652.3,2665.05,2671.802954391182,30937,3634,82657568.0,14735.0,47.63,45.7,-14.95,Hero Motocorp,-0.33656812699837113,45.69999999999982,-0.5578358208955156,8.2657568,0.30937
2015-03-20,2665.0,2666.0,2605.0,2614.8,2628.6810890142897,87896,4538,231050553.0,71409.0,81.24,61.0,-50.2,Hero Motocorp,-1.8855180953453066,61.0,-1.883677298311438,23.1050553,0.87896
2015-03-23,2610.0,2644.6,2604.25,2638.0,2625.181222526333,12057,2069,31651810.0,3491.0,28.95,40.35,28.0,Hero Motocorp,0.8872571515985861,40.34999999999991,1.0727969348659003,3.165181,0.12057
2015-03-24,2644.0,2645.0,2601.0,2607.8,2611.6997253789996,44789,4170,116975419.0,30341.0,67.74,44.0,-36.2,Hero Motocorp,-1.1448066717209993,44.0,-1.3691376701966649,11.6975419,0.44789
2015-03-25,2623.7,2623.7,2590.0,2595.6,2597.1310494992017,34445,2336,89458179.0,26347.0,76.49,33.7,-28.1,Hero Motocorp,-0.46782728736867174,33.69999999999982,-1.071006593741659,8.9458179,0.34445
2015-03-26,2599.0,2621.9,2577.4,2608.05,2606.3539515841935,22472,4128,58569986.0,10355.0,46.08,44.5,9.05,Hero Motocorp,0.47965788257051667,44.5,0.3482108503270559,5.8569986,0.22472
2015-03-27,2601.25,2601.25,2556.4,2576.75,2571.807985480944,27550,3787,70853310.0,14702.0,53.36,44.85,-24.5,Hero Motocorp,-1.2001303655988282,44.84999999999991,-0.9418548774627583,7.085331,0.2755
2015-03-30,2580.0,2662.25,2564.35,2636.55,2621.681739130435,22425,3570,58791213.0,7008.0,31.25,97.9,56.55,Hero Motocorp,2.320752886387889,97.90000000000009,2.191860465116286,5.8791213,0.22425
2015-03-31,2643.55,2657.15,2620.1,2642.6,2641.546511627907,27434,2820,72468187.0,15110.0,55.08,37.05,-0.95,Hero Motocorp,0.2294665377102545,37.05000000000018,-0.035936524748927494,7.2468187,0.27434
2015-04-01,2633.9,2667.5,2629.2,2655.6,2650.3249505277045,12128,2196,32143141.0,3469.0,28.6,38.3,21.7,Hero Motocorp,0.4919397563006189,38.30000000000018,0.8238733437108401,3.2143141,0.12128
2015-04-06,2655.5,2678.0,2634.35,2671.8,2659.9819624819625,13860,2129,36867350.0,3488.0,25.17,43.65,16.3,Hero Motocorp,0.6100316312697807,43.65000000000009,0.6138203728111535,3.686735,0.1386
2015-04-07,2680.0,2680.0,2622.2,2640.0,2643.716467740589,11981,2224,31674367.0,2019.0,16.85,57.8,-40.0,Hero Motocorp,-1.1902088479676665,57.80000000000018,-1.4925373134328357,3.1674367,0.11981
2015-04-08,2657.7,2657.7,2600.15,2605.1,2619.59668379262,17128,2465,44868452.0,7651.0,44.67,57.55,-52.6,Hero Motocorp,-1.3219696969697048,57.54999999999973,-1.9791549083794227,4.4868452,0.17128
2015-04-09,2625.0,2631.0,2602.7,2610.0,2607.2960644007157,84968,3541,221536732.0,70407.0,82.86,28.3,-15.0,Hero Motocorp,0.1880925876166062,28.300000000000182,-0.5714285714285714,22.1536732,0.84968
2015-04-10,2629.0,2629.0,2575.0,2584.25,2597.5442518879327,383091,9356,995095825.0,362916.0,94.73,54.0,-44.75,Hero Motocorp,-0.9865900383141724,54.0,-1.7021681247622669,99.5095825,3.83091
2015-04-13,2586.0,2595.45,2567.85,2580.65,2580.4800392423213,26502,5398,68387882.0,16259.0,61.35,27.6,-5.35,Hero Motocorp,-0.13930540775853872,27.59999999999991,-0.20688321732404905,6.8387882,0.26502
2015-04-15,2581.0,2587.05,2505.0,2523.85,2553.5225608028813,24711,4049,63100096.0,11942.0,48.33,82.05,-57.15,Hero Motocorp,-2.2009958731327495,82.05000000000018,-2.2142580395195695,6.3100096,0.24711
2015-04-16,2525.0,2525.0,2415.0,2428.85,2451.8386152306966,67968,7555,166646567.0,33091.0,48.69,110.0,-96.15,Hero Motocorp,-3.764090575905854,110.0,-3.8079207920792113,16.6646567,0.67968
2015-04-17,2430.0,2438.1,2383.2,2410.15,2408.418729360438,33007,5588,79494677.0,12730.0,38.57,54.9,-19.85,Hero Motocorp,-0.7699116866006439,54.90000000000009,-0.8168724279835353,7.9494677,0.33007
2015-04-20,2409.55,2426.0,2300.0,2314.7,2341.0001477614146,40606,7625,95058652.0,17383.0,42.81,126.0,-94.85,Hero Motocorp,-3.9603344190195733,126.0,-3.936419663422645,9.5058652,0.40606
2015-04-21,2349.9,2349.9,2294.0,2329.45,2321.6007461321824,27341,5569,63474886.0,12437.0,45.49,55.9,-20.45,Hero Motocorp,0.6372316066876937,55.90000000000009,-0.8702497978637505,6.3474886,0.27341
2015-04-22,2348.45,2417.8,2341.35,2408.6,2381.2769930734758,29452,5938,70133370.0,12769.0,43.36,76.45,60.15,Hero Motocorp,3.3977977634205514,76.45000000000027,2.561263812301735,7.013337,0.29452
2015-04-23,2410.0,2426.95,2362.0,2372.55,2386.762549329124,25340,4710,60480563.0,7729.0,30.5,64.95,-37.45,Hero Motocorp,-1.496720086357206,64.94999999999982,-1.5539419087136854,6.0480563,0.2534
2015-04-24,2385.0,2394.0,2325.0,2352.55,2371.9373590021146,296547,5883,703390908.0,279727.0,94.33,69.0,-32.45,Hero Motocorp,-0.8429748582748475,69.0,-1.3605870020964286,70.3390908,2.96547
2015-04-27,2351.0,2360.0,2298.45,2324.05,2313.8006789238852,491955,4446,1138285813.0,464134.0,94.34,61.55,-26.95,Hero Motocorp,-1.2114514037958823,61.55000000000018,-1.1463207145895287,113.8285813,4.91955
2015-04-28,2303.6,2369.8,2302.1,2356.35,2356.156813386686,68725,5214,161926877.0,46998.0,68.39,67.7,52.75,Hero Motocorp,1.3898151933047886,67.70000000000027,2.289894078833131,16.1926877,0.68725
2015-04-29,2357.0,2389.7,2340.6,2372.85,2368.3978180538447,28415,5787,67298024.0,12384.0,43.58,49.1,15.85,Hero Motocorp,0.7002355337704547,49.09999999999991,0.6724649978786554,6.7298024,0.28415
2015-04-30,2365.1,2365.1,2324.9,2329.45,2336.058632758565,155715,8425,363759370.0,114236.0,73.36,40.2,-35.65,Hero Motocorp,-1.8290241692479503,40.19999999999982,-1.5073358420362815,36.375937,1.55715
2015-05-04,2345.0,2397.95,2334.1,2386.0,2364.3759672685223,22486,5260,53165358.0,5045.0,22.44,63.85,41.0,Hero Motocorp,2.4276116679903037,63.84999999999991,1.7484008528784647,5.3165358,0.22486
2015-05-05,2389.55,2390.0,2340.65,2357.7,2360.1361263131407,31794,3555,75038168.0,18261.0,57.44,49.35,-31.85,Hero Motocorp,-1.1860854987426728,49.34999999999991,-1.3328869452407508,7.5038168,0.31794
2015-05-06,2356.0,2356.0,2310.0,2325.95,2326.46649694501,39280,5490,91383604.0,17319.0,44.09,46.0,-30.05,Hero Motocorp,-1.3466513975484595,46.0,-1.2754668930390571,9.1383604,0.3928
2015-05-07,2328.0,2371.0,2312.75,2354.1,2347.1019042204066,100251,11313,235299313.0,46930.0,46.81,58.25,26.1,Hero Motocorp,1.2102581740794038,58.25,1.1211340206185527,23.5299313,1.00251
2015-05-08,2305.0,2330.0,2252.0,2301.55,2284.080327388837,71719,11378,163811957.0,15039.0,20.97,78.0,-3.45,Hero Motocorp,-2.2322756042648884,78.0,-0.14967462039044763,16.3811957,0.71719
2015-05-11,2345.0,2403.8,2311.4,2384.2,2375.865582692394,44466,3222,105645239.0,14273.0,32.1,92.4,39.2,Hero Motocorp,3.5910581999087476,92.40000000000009,1.6716417910447683,10.5645239,0.44466
2015-05-12,2399.0,2494.9,2385.15,2459.9,2455.5666438091966,93332,6985,229182946.0,13358.0,14.31,109.75,60.9,Hero Motocorp,3.1750692056035756,109.75,2.538557732388499,22.9182946,0.93332
2015-05-13,2474.2,2527.45,2474.2,2502.1,2505.2996901979905,63589,6261,159309502.0,26376.0,41.48,53.25,27.9,Hero Motocorp,1.715516890930524,53.25,1.1276372160698445,15.9309502,0.63589
2015-05-14,2503.0,2548.0,2483.2,2529.95,2528.0472371671235,29553,2736,74711380.0,6866.0,23.23,64.8,26.95,Hero Motocorp,1.1130650253786678,64.80000000000018,1.0767079504594415,7.471138,0.29553
2015-05-15,2530.0,2552.2,2515.5,2528.4,2531.10554860242,14382,1197,36402360.0,3047.0,21.19,36.7,-1.6,Hero Motocorp,-0.061266032925544334,36.69999999999982,-0.06324110671936399,3.640236,0.14382
2015-05-18,2540.0,2547.7,2507.0,2520.6,2519.0516964370095,10581,929,26654086.0,3360.0,31.76,40.7,-19.4,Hero Motocorp,-0.3084954912197513,40.69999999999982,-0.7637795275590586,2.6654086,0.10581
2015-05-19,2519.0,2608.0,2519.0,2575.1,2581.9797369973285,28821,2129,74415238.0,5492.0,19.06,89.0,56.1,Hero Motocorp,2.1621836070776723,89.0,2.227074235807857,7.4415238,0.28821
2015-05-20,2581.25,2595.0,2574.35,2579.25,2581.437435531223,12603,1479,32533856.0,4040.0,32.06,20.65,-2.0,Hero Motocorp,0.16115878994991117,20.65000000000009,-0.07748184019370459,3.2533856,0.12603
2015-05-21,2579.0,2613.7,2555.95,2602.5,2588.899892756971,24244,1575,62765289.0,3114.0,12.84,57.75,23.5,Hero Motocorp,0.9014248328002239,57.75,0.9112058937572702,6.2765289,0.24244
2015-05-22,2580.0,2610.0,2579.0,2600.9,2594.5250818366803,11303,886,29325917.0,2037.0,18.02,31.0,20.9,Hero Motocorp,-0.06147934678193412,31.0,0.8100775193798485,2.9325917,0.11303
2015-05-25,2601.95,2603.35,2580.0,2586.85,2589.8709239130435,8096,541,20967595.0,1684.0,20.8,23.35,-15.1,Hero Motocorp,-0.5401976238994299,23.34999999999991,-0.5803339802840143,2.0967595,0.08096
2015-05-26,2599.0,2636.15,2587.85,2616.05,2616.6070976587216,18964,1759,49621337.0,3785.0,19.96,48.3,17.05,Hero Motocorp,1.1287859752208362,48.30000000000018,0.6560215467487566,4.9621337,0.18964
2015-05-27,2600.0,2659.95,2593.0,2605.05,2634.6462012191287,31826,1912,83850250.0,4071.0,12.79,66.95,5.05,Hero Motocorp,-0.42048125991476226,66.94999999999982,0.19423076923077623,8.385025,0.31826
2015-05-28,2622.0,2659.0,2595.1,2641.95,2635.066932575675,36604,1665,96453990.0,3031.0,8.28,63.9,19.95,Hero Motocorp,1.4164795301433664,63.90000000000009,0.7608695652173844,9.645399,0.36604
2015-05-29,2640.0,2705.0,2623.25,2696.0,2664.1552036602397,33659,4054,89672800.0,11608.0,34.49,81.75,56.0,Hero Motocorp,2.045837354984026,81.75,2.1212121212121215,8.96728,0.33659
2015-06-01,2680.5,2738.6,2647.0,2709.7,2698.8234497969825,19949,1886,53838829.0,5449.0,27.31,91.6,29.2,Hero Motocorp,0.5081602373887106,91.59999999999991,1.0893490020518493,5.3838829,0.19949
2015-06-02,2700.0,2700.5,2601.35,2607.85,2629.4693996906008,53006,5466,139377655.0,17472.0,32.96,99.15,-92.15,Hero Motocorp,-3.7587186773443526,99.15000000000009,-3.412962962962966,13.9377655,0.53006
2015-06-03,2610.0,2630.0,2568.0,2578.05,2591.020104110573,22284,1842,57738292.0,5686.0,25.52,62.0,-31.95,Hero Motocorp,-1.1427037598021217,62.0,-1.2241379310344758,5.7738292,0.22284
2015-06-04,2597.6,2597.6,2538.0,2548.4,2550.0765442723277,20916,1761,53337401.0,6176.0,29.53,59.6,-49.2,Hero Motocorp,-1.150094063342455,59.59999999999991,-1.8940560517400606,5.3337401,0.20916
2015-06-05,2549.0,2589.0,2530.0,2576.85,2564.1976791412826,17235,1381,44193947.0,3768.0,21.86,59.0,27.85,Hero Motocorp,1.1163867524721427,59.0,1.0925853275794393,4.4193947,0.17235
2015-06-08,2580.55,2596.35,2510.0,2519.2,2538.1096774193547,11005,1481,27931897.0,3068.0,27.88,86.35,-61.35,Hero Motocorp,-2.237227622872895,86.34999999999991,-2.3774001666311584,2.7931897,0.11005
2015-06-09,2523.0,2530.8,2490.0,2501.65,2504.9430028328607,8825,904,22106122.0,1173.0,13.29,40.8,-21.35,Hero Motocorp,-0.696649730073029,40.80000000000018,-0.8462148236226678,2.2106122,0.08825
2015-06-10,2505.0,2528.0,2502.4,2516.25,2515.8714636489804,18734,1445,47132336.0,5524.0,29.49,25.6,11.25,Hero Motocorp,0.5836148142225994,25.59999999999991,0.4491017964071856,4.7132336,0.18734
2015-06-11,2535.0,2547.0,2497.25,2503.65,2513.6800945712466,10997,778,27642940.0,1101.0,10.01,49.75,-31.35,Hero Motocorp,-0.5007451564828624,49.75,-1.2366863905325407,2.764294,0.10997
2015-06-12,2502.0,2522.0,2485.0,2506.8,2506.3096348721247,12434,966,31163454.0,4440.0,35.71,37.0,4.8,Hero Motocorp,0.12581630819004097,37.0,0.19184652278178185,3.1163454,0.12434
2015-06-15,2500.0,2530.0,2497.4,2509.25,2511.174370886566,12915,1199,32431817.0,3353.0,25.96,32.6,9.25,Hero Motocorp,0.09773416307643501,32.59999999999991,0.37,3.2431817,0.12915
2015-06-16,2519.9,2555.0,2500.15,2543.9,2526.82914624183,9792,912,24742711.0,3305.0,33.75,54.85,24.0,Hero Motocorp,1.3808907043937557,54.84999999999991,0.9524187467756656,2.4742711,0.09792
2015-06-17,2579.85,2579.85,2517.0,2525.6,2532.589221238265,26311,1967,66634955.0,8113.0,30.84,62.85,-54.25,Hero Motocorp,-0.7193678996816,62.84999999999991,-2.10283543616877,6.6634955,0.26311
2015-06-18,2540.0,2547.0,2516.55,2523.9,2525.861191719116,128537,2425,324666620.0,100613.0,78.28,30.45,-16.1,Hero Motocorp,-0.06731073804243648,30.449999999999818,-0.6338582677165319,32.466662,1.28537
2015-06-19,2549.9,2578.0,2535.75,2551.7,2558.120843658157,17353,1697,44391071.0,3704.0,21.35,42.25,1.8,Hero Motocorp,1.101469947303757,42.25,0.0705910035687567,4.4391071,0.17353
2015-06-22,2589.5,2589.5,2567.15,2580.6,2579.2561806256303,7928,1010,20448343.0,2933.0,37.0,22.35,-8.9,Hero Motocorp,1.1325782811459018,22.34999999999991,-0.3436956941494532,2.0448343,0.07928
2015-06-23,2589.9,2713.7,2516.8,2523.2,2537.7319064211047,20090,1998,50983034.0,5799.0,28.87,196.9,-66.7,Hero Motocorp,-2.224288925056195,196.89999999999964,-2.5753890111587423,5.0983034,0.2009
2015-06-24,2523.2,2545.25,2513.0,2521.15,2523.536425039199,16582,1232,41845281.0,5061.0,30.52,32.25,-2.05,Hero Motocorp,-0.08124603677868159,32.25,-0.08124603677868292,4.1845281,0.16582
2015-06-25,2525.4,2573.0,2525.4,2552.05,2553.976732161324,13538,1406,34575737.0,2184.0,16.13,47.6,26.65,Hero Motocorp,1.225631160383167,47.59999999999991,1.0552783717430938,3.4575737,0.13538
2015-06-26,2550.0,2567.3,2522.1,2547.0,2540.545257542924,17997,1444,45722193.0,3436.0,19.09,45.2,-3.0,Hero Motocorp,-0.19788013557728856,45.20000000000027,-0.1176470588235294,4.5722193,0.17997
2015-06-29,2525.0,2555.45,2503.0,2538.45,2531.152018207377,14939,2048,37812880.0,4030.0,26.98,52.45,13.45,Hero Motocorp,-0.3356890459364048,52.44999999999982,0.5326732673267254,3.781288,0.14939
2015-06-30,2549.8,2551.7,2504.0,2524.3,2518.66268115942,13800,1373,34757545.0,3224.0,23.36,47.7,-25.5,Hero Motocorp,-0.5574267761823015,47.69999999999982,-1.0000784375245118,3.4757545,0.138
2015-07-01,2552.0,2552.0,2500.0,2518.8,2515.968475412363,25948,2072,65284350.0,5044.0,19.44,52.0,-33.2,Hero Motocorp,-0.21788218516024527,52.0,-1.3009404388714663,6.528435,0.25948
2015-07-02,2520.0,2567.3,2520.0,2532.85,2546.969024977311,25343,2253,64547836.0,3776.0,14.9,47.3,12.85,Hero Motocorp,0.5578053041130682,47.30000000000018,0.5099206349206313,6.4547836,0.25343
2015-07-03,2528.3,2585.0,2528.3,2577.8,2565.686161935934,18637,2066,47816693.0,7977.0,42.8,56.7,49.5,Hero Motocorp,1.7746806956590477,56.69999999999982,1.957837281968121,4.7816693,0.18637
2015-07-06,2575.0,2623.5,2556.0,2612.4,2604.2906199697572,20501,1824,53390562.0,6450.0,31.46,67.5,37.4,Hero Motocorp,1.3422298083637152,67.5,1.4524271844660228,5.3390562,0.20501
2015-07-07,2612.4,2634.35,2557.05,2562.5,2587.387862314703,43781,2774,113278428.0,21026.0,48.03,77.3,-49.9,Hero Motocorp,-1.9101209615679071,77.29999999999973,-1.9101209615679102,11.3278428,0.43781
2015-07-08,2559.65,2581.7,2517.9,2552.95,2560.803477465111,30597,2633,78352904.0,7126.0,23.29,63.8,-6.7,Hero Motocorp,-0.37268292682927084,63.79999999999973,-0.26175453675308236,7.8352904,0.30597
2015-07-09,2550.0,2610.0,2550.0,2605.4,2589.753546099291,20868,1859,54042977.0,5834.0,27.96,60.0,55.4,Hero Motocorp,2.0544859867996035,60.0,2.1725490196078465,5.4042977,0.20868
2015-07-10,2605.4,2618.0,2565.15,2572.5,2586.389794996097,24341,2003,62955314.0,8514.0,34.98,52.85,-32.9,Hero Motocorp,-1.2627619559376746,52.84999999999991,-1.2627619559376713,6.2955314,0.24341
2015-07-13,2572.2,2615.0,2552.2,2600.65,2579.187223386909,17172,1602,44289803.0,1429.0,8.32,62.8,28.45,Hero Motocorp,1.0942662779397594,62.80000000000018,1.1060570717673694,4.4289803,0.17172
2015-07-14,2600.65,2658.0,2596.2,2640.2,2633.624815678704,37299,2333,98231572.0,6690.0,17.94,61.8,39.55,Hero Motocorp,1.520773652740659,61.80000000000018,1.5207736527406506,9.8231572,0.37299
2015-07-15,2674.95,2674.95,2653.0,2660.1,2662.345225027442,9110,773,24253965.0,2037.0,22.36,21.95,-14.85,Hero Motocorp,0.753730777971362,21.949999999999818,-0.5551505635619324,2.4253965,0.0911
2015-07-16,2651.0,2665.45,2640.0,2650.0,2652.44267053701,13091,1264,34723127.0,3789.0,28.94,25.45,-1.0,Hero Motocorp,-0.37968497424908376,25.449999999999818,-0.03772161448509996,3.4723127,0.13091
2015-07-17,2659.95,2678.1,2642.2,2649.8,2659.4563667886728,10382,895,27610476.0,2682.0,25.83,35.9,-10.15,Hero Motocorp,-0.0075471698113172,35.90000000000009,-0.3815861200398367,2.7610476,0.10382
2015-07-20,2674.55,2674.55,2654.85,2660.75,2662.313798305675,8617,1137,22941158.0,3001.0,34.83,19.7,-13.8,Hero Motocorp,0.41323873499885533,19.700000000000273,-0.5159746499411183,2.2941158,0.08617
2015-07-21,2662.0,2695.0,2662.0,2685.85,2683.240747954811,12835,1177,34439395.0,4839.0,37.7,33.0,23.85,Hero Motocorp,0.9433430423752664,33.0,0.8959429000751281,3.4439395,0.12835
2015-07-22,2685.95,2720.0,2678.45,2707.7,2702.8583353207728,12579,1466,33999255.0,3994.0,31.75,41.55,21.75,Hero Motocorp,0.8135227209263407,41.55000000000018,0.8097693553491316,3.3999255,0.12579
2015-07-23,2706.7,2729.95,2676.3,2714.3,2703.937675397568,17104,1678,46248150.0,3292.0,19.25,53.65,7.6,Hero Motocorp,0.24374930753039425,53.649999999999636,0.2807847194000208,4.624815,0.17104
2015-07-24,2709.5,2747.25,2700.0,2738.2,2724.8042747021723,14270,1308,38882957.0,4623.0,32.4,47.25,28.7,Hero Motocorp,0.8805216814648187,47.25,1.0592360214061567,3.8882957,0.1427
2015-07-27,2715.0,2738.0,2597.45,2605.65,2649.6964018691588,21400,2498,56703503.0,5957.0,27.84,140.55,-109.35,Hero Motocorp,-4.840771309619452,140.55000000000018,-4.0276243093922615,5.6703503,0.214
2015-07-28,2600.0,2629.0,2519.0,2531.55,2551.744079430612,39481,3883,100745408.0,11051.0,27.99,110.0,-68.45,Hero Motocorp,-2.8438201600368362,110.0,-2.632692307692301,10.0745408,0.39481
2015-07-29,2540.0,2580.3,2505.4,2566.25,2547.5948418576286,22954,1666,58477492.0,3195.0,13.92,74.9,26.25,Hero Motocorp,1.370701743990832,74.90000000000009,1.033464566929134,5.8477492,0.22954
2015-07-30,2565.0,2626.6,2565.0,2587.6,2597.7984117685346,15363,1429,39909977.0,2611.0,17.0,61.6,22.6,Hero Motocorp,0.8319532391622086,61.59999999999991,0.8810916179337196,3.9909977,0.15363
2015-07-31,2587.6,2693.5,2587.6,2674.45,2661.3325150146857,22811,2418,60707656.0,6200.0,27.18,105.9,86.85,Hero Motocorp,3.356392023496668,105.90000000000009,3.356392023496673,6.0707656,0.22811
2015-08-03,2655.0,2717.0,2604.15,2697.85,2664.0970787499086,68635,4335,182850303.0,5425.0,7.9,112.85,42.85,Hero Motocorp,0.8749462506309813,112.84999999999991,1.61393596986817,18.2850303,0.68635
2015-08-04,2785.0,2800.0,2613.8,2624.25,2705.7066925969975,124436,9054,336687318.0,30027.0,24.13,186.2,-160.75,Hero Motocorp,-2.728098300498538,186.19999999999982,-5.771992818671454,33.6687318,1.24436
2015-08-05,2644.95,2673.3,2629.75,2660.4,2652.6968640076316,33546,2453,88987369.0,5479.0,16.33,43.55,15.45,Hero Motocorp,1.377536438982574,43.55000000000018,0.5841320251800705,8.8987369,0.33546
2015-08-06,2665.25,2680.95,2641.0,2652.65,2655.5849453537894,19489,1425,51754695.0,4599.0,23.6,39.95,-12.6,Hero Motocorp,-0.29130957750713726,39.94999999999982,-0.4727511490479283,5.1754695,0.19489
2015-08-07,2652.65,2669.0,2641.0,2660.5,2657.889468047126,14005,1086,37223742.0,3172.0,22.65,28.0,7.85,Hero Motocorp,0.2959304846097188,28.0,0.2959304846097265,3.7223742,0.14005
2015-08-10,2673.0,2728.65,2663.1,2704.85,2702.531701259535,28185,2337,76170856.0,7290.0,25.86,65.55,31.85,Hero Motocorp,1.6669798909979328,65.55000000000018,1.1915450804339658,7.6170856,0.28185
2015-08-11,2704.85,2718.95,2668.0,2678.7,2700.880073668349,41809,1485,112921095.0,28522.0,68.22,50.95,-26.15,Hero Motocorp,-0.966781891786983,50.94999999999982,-0.9667818917869787,11.2921095,0.41809
2015-08-12,2678.0,2692.0,2626.15,2635.35,2653.9699484471266,23859,1952,63321069.0,6209.0,26.02,65.85,-42.65,Hero Motocorp,-1.618322320528609,65.84999999999991,-1.5926064227035135,6.3321069,0.23859
2015-08-13,2664.0,2681.0,2612.25,2643.85,2656.601383684059,17345,1884,46078751.0,4877.0,28.12,68.75,-20.15,Hero Motocorp,0.322537803327827,68.75,-0.7563813813813848,4.6078751,0.17345
2015-08-14,2640.0,2722.0,2640.0,2714.0,2689.225990409124,23147,1872,62247514.0,5982.0,25.84,82.0,74.0,Hero Motocorp,2.6533275337103035,82.0,2.803030303030303,6.2247514,0.23147
2015-08-17,2682.0,2720.0,2642.0,2653.5,2673.6345075359272,22824,2436,61023034.0,8324.0,36.47,78.0,-28.5,Hero Motocorp,-2.2291820191599143,78.0,-1.0626398210290828,6.1023034,0.22824
2015-08-18,2657.9,2678.7,2634.55,2641.85,2653.492556251057,11822,977,31369589.0,2406.0,20.35,44.15,-16.05,Hero Motocorp,-0.4390427736951197,44.149999999999636,-0.6038601903758675,3.1369589,0.11822
2015-08-19,2645.0,2705.0,2617.35,2690.0,2676.094250773124,28456,2340,76150938.0,7951.0,27.94,87.65,45.0,Hero Motocorp,1.8225864451047569,87.65000000000009,1.7013232514177694,7.6150938,0.28456
2015-08-20,2660.0,2660.0,2624.2,2633.9,2640.703883159133,14447,1565,38150249.0,3860.0,26.72,35.8,-26.1,Hero Motocorp,-2.0855018587360608,35.80000000000018,-0.9812030075187935,3.8150249,0.14447
2015-08-21,2625.0,2648.65,2535.1,2559.9,2555.683640277445,41810,3799,106853133.0,12429.0,29.73,113.55,-65.1,Hero Motocorp,-2.8095220015945888,113.55000000000018,-2.4799999999999964,10.6853133,0.4181
2015-08-24,2539.95,2539.95,2405.0,2478.95,2477.0645329635795,262517,4891,650271550.0,208051.0,79.25,134.95,-61.0,Hero Motocorp,-3.162232899722661,134.94999999999982,-2.401622079174787,65.027155,2.62517
2015-08-25,2475.1,2514.3,2404.15,2477.5,2447.90204906983,37090,3095,90792687.0,12044.0,32.47,110.15,2.4,Hero Motocorp,-0.05849250690815877,110.15000000000009,0.09696577916044165,9.0792687,0.3709
2015-08-26,2465.0,2475.0,2366.1,2391.95,2402.8151865031614,117183,5038,281569092.0,82344.0,70.27,108.9,-73.05,Hero Motocorp,-3.4530776992936496,108.90000000000009,-2.9634888438133946,28.1569092,1.17183
2015-08-27,2419.0,2419.0,2364.5,2380.7,2383.725212528469,44347,3381,105711062.0,16304.0,36.76,54.5,-38.3,Hero Motocorp,-0.47032755701414963,54.5,-1.5832988838363034,10.5711062,0.44347
2015-08-28,2418.0,2432.0,2381.15,2400.95,2410.822764775214,29695,2203,71589382.0,10199.0,34.35,50.85,-17.05,Hero Motocorp,0.850590162557241,50.84999999999991,-0.7051282051282127,7.1589382,0.29695
2015-08-31,2399.0,2411.45,2381.1,2397.35,2394.597961134119,15695,1249,37583215.0,4078.0,25.98,30.35,-1.65,Hero Motocorp,-0.14994064849329636,30.34999999999991,-0.06877865777407632,3.7583215,0.15695
2015-09-01,2394.95,2395.4,2369.55,2385.3,2381.638847390104,44178,2354,105216041.0,31736.0,71.84,25.85,-9.65,Hero Motocorp,-0.5026383298225023,25.84999999999991,-0.4029311676652806,10.5216041,0.44178
2015-09-02,2360.15,2388.4,2302.7,2343.25,2347.7272514570127,47014,3283,110376049.0,9585.0,20.39,85.7,-16.9,Hero Motocorp,-1.762880979331749,85.70000000000027,-0.7160561828697367,11.0376049,0.47014
2015-09-03,2350.0,2365.0,2322.9,2329.95,2337.0779096398082,24015,1884,56124926.0,8171.0,34.02,42.1,-20.05,Hero Motocorp,-0.5675877520537775,42.09999999999991,-0.8531914893617099,5.6124926,0.24015
2015-09-04,2330.0,2336.9,2270.0,2292.55,2289.0994955700703,30926,2280,70792691.0,8180.0,26.45,66.9,-37.45,Hero Motocorp,-1.6051846606150222,66.90000000000009,-1.6072961373390477,7.0792691,0.30926
2015-09-07,2293.0,2312.5,2259.1,2279.8,2279.944541355363,30383,1677,69271555.0,13912.0,45.79,53.4,-13.2,Hero Motocorp,-0.5561492661010692,53.40000000000009,-0.5756650675970265,6.9271555,0.30383
2015-09-08,2292.0,2330.0,2286.6,2317.3,2308.0670526079134,17792,1276,41065129.0,4190.0,23.55,43.4,25.3,Hero Motocorp,1.6448811299236699,43.40000000000009,1.1038394415357846,4.1065129,0.17792
2015-09-09,2328.05,2369.8,2328.05,2347.75,2352.5610318791946,14304,1155,33651033.0,3885.0,27.16,41.75,19.7,Hero Motocorp,1.3140292581883983,41.75,0.8462017568351117,3.3651033,0.14304
2015-09-10,2347.0,2363.0,2300.05,2343.95,2348.023304141309,80844,1474,189823596.0,67294.0,83.24,62.95,-3.05,Hero Motocorp,-0.16185709722075226,62.94999999999982,-0.12995313165744277,18.9823596,0.80844
2015-09-11,2349.9,2366.95,2332.9,2342.05,2343.201420148355,15773,996,36959316.0,4377.0,27.75,34.05,-7.85,Hero Motocorp,-0.08105974956802431,34.04999999999973,-0.3340567683731184,3.6959316,0.15773
2015-09-14,2350.0,2360.45,2322.35,2348.6,2341.2245824983297,7485,646,17524066.0,2071.0,27.67,38.1,-1.4,Hero Motocorp,0.2796695202920363,38.09999999999991,-0.05957446808511026,1.7524066,0.07485
2015-09-15,2350.0,2350.0,2307.95,2310.6,2313.8771141203574,35594,1970,82360142.0,21190.0,59.53,42.05,-39.4,Hero Motocorp,-1.6179851826620073,42.05000000000018,-1.676595744680855,8.2360142,0.35594
2015-09-16,2322.25,2379.95,2321.7,2363.0,2362.363720560995,22674,2172,53564235.0,4157.0,18.33,58.25,40.75,Hero Motocorp,2.267809227040596,58.25,1.754763698998816,5.3564235,0.22674
2015-09-18,2375.0,2443.5,2375.0,2428.55,2425.7030631381535,23995,2414,58204745.0,5531.0,23.05,68.5,53.55,Hero Motocorp,2.7740160812526504,68.5,2.2547368421052707,5.8204745,0.23995
2015-09-21,2427.7,2448.0,2394.65,2424.8,2424.942214668584,7649,702,18548383.0,1219.0,15.94,53.35,-2.9,Hero Motocorp,-0.15441312717464628,53.34999999999991,-0.11945462783703242,1.8548383,0.07649
2015-09-22,2433.0,2448.0,2376.65,2386.1,2408.420544713704,9326,1184,22460930.0,4021.0,43.12,71.35,-46.9,Hero Motocorp,-1.5960079181788323,71.34999999999991,-1.9276613234689721,2.246093,0.09326
2015-09-23,2386.1,2405.0,2384.45,2401.3,2394.9713728494808,14357,716,34384604.0,3564.0,24.82,20.55,15.2,Hero Motocorp,0.637022756799821,20.550000000000182,0.6370227567998102,3.4384604,0.14357
2015-09-24,2387.65,2421.0,2371.0,2380.65,2397.707455753984,12487,1038,29940173.0,1900.0,15.22,50.0,-7.0,Hero Motocorp,-0.8599508599508643,50.0,-0.2931752978870438,2.9940173,0.12487
2015-09-28,2400.0,2400.0,2339.0,2350.75,2352.398354792561,13980,1321,32886529.0,4143.0,29.64,61.0,-49.25,Hero Motocorp,-1.2559595068573737,61.0,-2.052083333333333,3.2886529,0.1398
2015-09-29,2350.0,2370.0,2305.0,2331.7,2332.537899758525,33958,1582,79208322.0,15150.0,44.61,65.0,-18.3,Hero Motocorp,-0.8103796660640317,65.0,-0.7787234042553268,7.9208322,0.33958
2015-09-30,2344.4,2410.0,2313.7,2395.65,2351.48112754514,20824,2122,48967243.0,4100.0,19.69,96.3,51.25,Hero Motocorp,2.742634129605026,96.30000000000018,2.186060399249275,4.8967243,0.20824
2015-10-01,2395.0,2470.95,2393.6,2413.35,2421.994123408423,46966,3735,113751376.0,8583.0,18.27,77.35,18.35,Hero Motocorp,0.7388391459520305,77.34999999999991,0.7661795407098083,11.3751376,0.46966
2015-10-05,2439.9,2516.0,2435.7,2501.65,2478.4361687756113,22207,2096,55038632.0,6332.0,28.51,80.3,61.75,Hero Motocorp,3.658814510949515,80.30000000000018,2.530841427927374,5.5038632,0.22207
2015-10-06,2515.0,2550.0,2512.4,2532.55,2526.902118663128,22231,1925,56175561.0,3283.0,14.77,37.6,17.55,Hero Motocorp,1.2351847780464942,37.59999999999991,0.697813121272373,5.6175561,0.22231
2015-10-07,2523.6,2554.0,2495.95,2539.2,2529.7259457486925,24663,2135,62390631.0,2356.0,9.55,58.05,15.6,Hero Motocorp,0.2625811928688382,58.05000000000018,0.6181645268663777,6.2390631,0.24663
2015-10-08,2539.0,2561.85,2524.65,2539.6,2538.220217749082,15798,1260,40098803.0,3253.0,20.59,37.2,0.6,Hero Motocorp,0.01575299306868505,37.19999999999982,0.023631350925557664,4.0098803,0.15798
2015-10-09,2560.0,2583.0,2554.4,2565.25,2568.2750386762627,14867,1062,38182545.0,1745.0,11.74,28.6,5.25,Hero Motocorp,1.0100015750512004,28.59999999999991,0.205078125,3.8182545,0.14867
2015-10-12,2575.0,2596.2,2540.1,2547.65,2566.7828073859077,16193,1248,41563914.0,3414.0,21.08,56.1,-27.35,Hero Motocorp,-0.6860929733944032,56.09999999999991,-1.0621359223300935,4.1563914,0.16193
2015-10-13,2547.0,2562.0,2525.05,2538.85,2539.3669239250275,13605,1054,34548087.0,2693.0,19.79,36.95,-8.15,Hero Motocorp,-0.34541636410025944,36.94999999999982,-0.3199842952493165,3.4548087,0.13605
2015-10-14,2538.0,2548.5,2493.7,2505.75,2509.8067787062246,10651,1226,26731952.0,1572.0,14.76,54.8,-32.25,Hero Motocorp,-1.3037398822301371,54.80000000000018,-1.2706855791962175,2.6731952,0.10651
2015-10-15,2524.0,2578.6,2501.1,2567.45,2553.152129032258,15500,1445,39573858.0,5280.0,34.06,77.5,43.45,Hero Motocorp,2.4623366257607415,77.5,1.7214738510301038,3.9573858,0.155
2015-10-16,2567.45,2598.0,2559.0,2586.85,2578.2312823390066,16041,1320,41357408.0,4308.0,26.86,39.0,19.4,Hero Motocorp,0.7556135465150327,39.0,0.7556135465150282,4.1357408,0.16041
2015-10-19,2582.0,2622.0,2565.0,2613.55,2603.8530156463025,15403,1579,40107148.0,4470.0,29.02,57.0,31.55,Hero Motocorp,1.0321433403560398,57.0,1.2219209914794802,4.0107148,0.15403
2015-10-20,2590.05,2625.0,2589.05,2605.05,2603.0936522991533,28467,2768,74102267.0,3176.0,11.16,35.95,15.0,Hero Motocorp,-0.32522813797325467,35.94999999999982,0.579139398853304,7.4102267,0.28467
2015-10-21,2665.0,2665.0,2592.2,2619.05,2625.6091537555294,44987,3980,118118279.0,7128.0,15.84,72.8,-45.95,Hero Motocorp,0.5374177079134679,72.80000000000018,-1.7242026266416441,11.8118279,0.44987
2015-10-23,2625.35,2644.35,2581.0,2594.95,2610.9931511000664,16499,1165,43078776.0,3122.0,18.92,63.35,-30.4,Hero Motocorp,-0.9201809816536621,63.34999999999991,-1.157940845982444,4.3078776,0.16499
2015-10-26,2590.1,2631.0,2590.0,2619.3,2617.971588188348,12530,1490,32803184.0,2855.0,22.79,41.0,29.2,Hero Motocorp,0.9383610474190451,41.0,1.1273695996293684,3.2803184,0.1253
2015-10-27,2619.0,2642.0,2587.2,2620.4,2610.522791238375,32688,1541,85332769.0,17836.0,54.56,54.8,1.4,Hero Motocorp,0.041995953117246465,54.80000000000018,0.053455517373046615,8.5332769,0.32688
2015-10-28,2618.2,2631.9,2595.5,2623.55,2619.1785508913167,6956,755,18219006.0,1345.0,19.34,36.4,5.35,Hero Motocorp,0.120210654861852,36.40000000000009,0.2043388587579392,1.8219006,0.06956
2015-10-29,2618.0,2635.95,2605.85,2625.75,2621.8911511354736,7662,1065,20088930.0,1617.0,21.1,30.1,7.75,Hero Motocorp,0.08385584418058034,30.09999999999991,0.29602750190985483,2.008893,0.07662
2015-10-30,2611.0,2626.95,2568.05,2585.0,2602.493517786561,12650,1396,32921543.0,2033.0,16.07,58.9,-26.0,Hero Motocorp,-1.5519375416547687,58.899999999999636,-0.9957870547682881,3.2921543,0.1265
2015-11-02,2581.0,2584.0,2538.6,2549.1,2555.5868398052194,8009,1048,20467695.0,1290.0,16.11,45.4,-31.9,Hero Motocorp,-1.3887814313346292,45.40000000000009,-1.2359550561797787,2.0467695,0.08009
2015-11-03,2549.05,2596.55,2538.4,2583.75,2570.468204148472,14656,1423,37672782.0,2514.0,17.15,58.15,34.7,Hero Motocorp,1.3593032835118368,58.15000000000009,1.3612914615248746,3.7672782,0.14656
2015-11-04,2599.0,2632.0,2593.0,2614.4,2615.9393836315394,14699,1689,38451693.0,2965.0,20.17,39.0,15.4,Hero Motocorp,1.1862602805999156,39.0,0.5925355906117772,3.8451693,0.14699
2015-11-05,2581.0,2659.0,2580.0,2638.6,2642.434915877665,29362,1803,77587174.0,7550.0,25.71,79.0,57.6,Hero Motocorp,0.9256425948592328,79.0,2.231693142192945,7.7587174,0.29362
2015-11-06,2626.05,2666.8,2592.2,2632.9,2644.539086294416,24625,2221,65121775.0,5473.0,22.23,74.6,6.85,Hero Motocorp,-0.21602364890471737,74.60000000000036,0.2608480417356832,6.5121775,0.24625
2015-11-09,2615.0,2648.2,2605.0,2618.5,2620.9579095433887,9242,999,24222893.0,1340.0,14.5,43.2,3.5,Hero Motocorp,-0.546925443427404,43.19999999999982,0.13384321223709367,2.4222893,0.09242
2015-11-10,2637.9,2666.0,2605.0,2657.4,2650.515264724768,17131,1620,45405977.0,4124.0,24.07,61.0,19.5,Hero Motocorp,1.485583349245756,61.0,0.7392243830319573,4.5405977,0.17131
2015-11-11,2675.0,2677.25,2634.4,2644.4,2646.356696220252,10715,813,28355712.0,5329.0,49.73,42.85,-30.6,Hero Motocorp,-0.48919996989538195,42.84999999999991,-1.1439252336448564,2.8355712,0.10715
2015-11-13,2660.0,2664.0,2600.4,2610.95,2627.6140252976193,5376,739,14126053.0,939.0,17.47,63.6,-49.05,Hero Motocorp,-1.2649372258357383,63.59999999999991,-1.8439849624060218,1.4126053,0.05376
2015-11-16,2600.7,2643.8,2587.0,2611.45,2615.044112508735,11448,1014,29937025.0,1839.0,16.06,56.8,10.75,Hero Motocorp,0.019150117773225617,56.80000000000018,0.4133502518552698,2.9937025,0.11448
2015-11-17,2604.0,2615.55,2574.85,2597.8,2594.2505837162007,13277,1176,34443865.0,3251.0,24.49,40.7,-6.2,Hero Motocorp,-0.5226981179038304,40.70000000000027,-0.2380952380952311,3.4443865,0.13277
2015-11-18,2597.75,2604.0,2556.7,2571.85,2584.39715206878,18610,1182,48095631.0,5312.0,28.54,47.3,-25.9,Hero Motocorp,-0.9989221649087776,47.30000000000018,-0.9970166490231966,4.8095631,0.1861
2015-11-19,2609.9,2683.8,2580.0,2591.35,2645.3058591305185,62313,5658,164836944.0,16963.0,27.22,103.8,-18.55,Hero Motocorp,0.7582090712910938,103.80000000000018,-0.7107552013487176,16.4836944,0.62313
2015-11-20,2601.2,2638.95,2558.0,2563.65,2589.4685379863445,46135,3238,119465131.0,14042.0,30.44,80.95,-37.55,Hero Motocorp,-1.0689408995311234,80.94999999999982,-1.4435645086882873,11.9465131,0.46135
2015-11-23,2573.35,2664.5,2571.8,2637.25,2638.9961207504584,42534,3887,112247061.0,9064.0,21.31,92.7,63.9,Hero Motocorp,2.870906715035204,92.69999999999982,2.483144539219309,11.2247061,0.42534
2015-11-24,2659.0,2667.7,2631.0,2645.8,2648.7622104884194,16666,1335,44144271.0,3739.0,22.43,36.7,-13.2,Hero Motocorp,0.3242013460991622,36.69999999999982,-0.4964272282813019,4.4144271,0.16666
2015-11-26,2610.0,2698.0,2610.0,2680.8,2641.0941228073984,690789,17150,1824438768.0,233465.0,33.8,88.0,70.8,Hero Motocorp,1.3228513115125962,88.0,2.7126436781609264,182.4438768,6.90789
2015-11-27,2672.0,2714.05,2660.5,2704.15,2689.4356613388927,17268,1744,46441175.0,2754.0,15.95,53.55,32.15,Hero Motocorp,0.8710086541330986,53.55000000000018,1.2032185628742549,4.6441175,0.17268
2015-11-30,2700.05,2732.0,2680.1,2702.65,2711.134403592003,23608,2867,64004461.0,7664.0,32.46,51.9,2.6,Hero Motocorp,-0.055470295656678825,51.90000000000009,0.0962945130645695,6.4004461,0.23608
2015-12-01,2710.0,2715.7,2668.35,2677.75,2689.8276092638744,16451,1779,44250354.0,3954.0,24.04,47.35,-32.25,Hero Motocorp,-0.9213179657003301,47.34999999999991,-1.1900369003690037,4.4250354,0.16451
2015-12-02,2674.0,2699.9,2666.75,2675.85,2681.6761471103327,14275,1484,38280927.0,3777.0,26.46,33.15,1.85,Hero Motocorp,-0.070955092895153,33.15000000000009,0.06918474195960768,3.8280927,0.14275
2015-12-03,2655.0,2680.05,2610.55,2618.35,2656.6933296226857,68272,2311,181377767.0,58239.0,85.3,69.5,-36.65,Hero Motocorp,-2.1488498981631965,69.5,-1.3804143126177058,18.1377767,0.68272
2015-12-04,2625.0,2633.95,2603.05,2617.15,2616.5267479153304,7795,941,20395826.0,1506.0,19.32,30.9,-7.85,Hero Motocorp,-0.04583038936734063,30.899999999999636,-0.29904761904761556,2.0395826,0.07795
2015-12-07,2630.0,2662.95,2611.0,2621.35,2634.244685731763,13078,1424,34450652.0,2549.0,19.49,51.95,-8.65,Hero Motocorp,0.16047991135395012,51.94999999999982,-0.3288973384030453,3.4450652,0.13078
2015-12-08,2621.35,2637.05,2586.0,2602.85,2610.1669853409812,10983,838,28667464.0,2713.0,24.7,51.05,-18.5,Hero Motocorp,-0.7057432239113481,51.05000000000018,-0.7057432239113435,2.8667464,0.10983
2015-12-09,2600.0,2600.0,2534.9,2546.8,2561.593032384691,10190,1208,26102633.0,3272.0,26.174999999999997,65.1,-53.2,Hero Motocorp,-2.153408763470799,65.09999999999991,-2.0461538461538393,2.6102633,0.1019
2015-12-10,2570.0,2574.8,2535.55,2545.6,2552.1251624079687,13854,1508,35357142.0,3831.0,27.65,39.25,-24.4,Hero Motocorp,-0.047117951939701364,39.25,-0.949416342412455,3.5357142,0.13854
2015-12-11,2562.0,2562.0,2516.0,2523.3,2535.497942104541,14578,1145,36962489.0,2999.0,20.57,46.0,-38.7,Hero Motocorp,-0.8760213702074027,46.0,-1.5105386416861755,3.6962489,0.14578
2015-12-14,2523.3,2556.0,2501.7,2537.45,2516.2349619766646,328351,1677,826208266.0,310003.0,94.41,54.3,14.15,Hero Motocorp,0.5607735901398847,54.30000000000018,0.5607735901398817,82.6208266,3.28351
2015-12-15,2500.0,2573.8,2500.0,2563.85,2545.202807646356,66960,1794,170426780.0,51968.0,77.61,73.8,63.85,Hero Motocorp,1.0404145894500338,73.80000000000018,2.5539999999999963,17.042678,0.6696
2015-12-16,2585.4,2616.0,2573.9,2593.45,2596.2793831031267,11801,1238,30638693.0,2953.0,25.02,42.1,8.05,Hero Motocorp,1.15451371960138,42.09999999999991,0.311363812176055,3.0638693,0.11801
2015-12-17,2615.0,2660.0,2603.0,2649.75,2631.395979963224,15771,1733,41499746.0,5670.0,35.95,57.0,34.75,Hero Motocorp,2.1708534963080117,57.0,1.3288718929254302,4.1499746,0.15771
2015-12-18,2645.0,2662.85,2622.5,2641.6,2645.808784648188,11725,1583,31022108.0,2802.0,23.9,40.35,-3.4,Hero Motocorp,-0.3075761864326898,40.34999999999991,-0.12854442344045713,3.1022108,0.11725
2015-12-21,2650.0,2705.0,2637.1,2695.8,2677.568207440812,10644,1586,28500036.0,2516.0,23.64,67.9,45.8,Hero Motocorp,2.051786795881294,67.90000000000009,1.7283018867924598,2.8500036,0.10644
2015-12-22,2710.0,2710.0,2662.0,2669.0,2686.556209700028,14268,1679,38331784.0,4841.0,33.93,48.0,-41.0,Hero Motocorp,-0.9941390310853948,48.0,-1.5129151291512914,3.8331784,0.14268
2015-12-23,2675.0,2693.0,2662.2,2675.2,2677.1685202639014,5305,643,14202379.0,395.0,7.45,30.8,0.2,Hero Motocorp,0.23229674035218917,30.800000000000182,0.007476635514011892,1.4202379,0.05305
2015-12-24,2653.1,2695.0,2653.1,2689.7,2687.0556573522676,8732,850,23463370.0,2379.0,27.24,41.9,36.6,Hero Motocorp,0.5420155502392277,41.90000000000009,1.3795182993479291,2.346337,0.08732
2015-12-28,2691.0,2707.9,2688.0,2702.25,2699.879198326176,9081,943,24517603.0,2303.0,25.36,19.9,11.25,Hero Motocorp,0.4665947875227783,19.90000000000009,0.4180602006688963,2.4517603,0.09081
2015-12-29,2692.05,2740.0,2692.05,2734.25,2725.518395303327,10220,1428,27854798.0,2583.0,25.27,47.95,42.2,Hero Motocorp,1.184198353224164,47.94999999999982,1.5675786110956265,2.7854798,0.1022
2015-12-30,2720.0,2732.65,2707.0,2711.65,2718.6268338223526,7498,722,20384264.0,2461.0,32.82,25.65,-8.35,Hero Motocorp,-0.8265520709518137,25.65000000000009,-0.30698529411764375,2.0384264,0.07498
2015-12-31,2715.0,2717.9,2672.05,2695.25,2707.5757447608307,63846,2163,172867881.0,52477.0,82.19,45.85,-19.75,Hero Motocorp,-0.604797816827396,45.84999999999991,-0.7274401473296501,17.2867881,0.63846
2016-01-01,2695.0,2696.05,2674.0,2687.85,2686.813677264547,8335,832,22394592.0,1365.0,16.38,22.05,-7.15,Hero Motocorp,-0.27455709117892857,22.050000000000182,-0.26530612244898294,2.2394592,0.08335
2016-01-04,2665.0,2669.7,2635.45,2645.5,2652.4202882902337,18523,2459,49130781.0,5666.0,30.59,34.25,-19.5,Hero Motocorp,-1.5756087579291922,34.25,-0.7317073170731708,4.9130781,0.18523
2016-01-05,2644.95,2655.25,2605.7,2621.05,2631.957505518764,9060,1183,23845535.0,1677.0,18.51,49.55,-23.9,Hero Motocorp,-0.924210924210922,49.55000000000018,-0.9036087638707588,2.3845535,0.0906
2016-01-06,2640.0,2640.0,2577.0,2581.75,2600.039184055784,38434,1178,99929906.0,1527.0,3.97,63.0,-58.25,Hero Motocorp,-1.4993990957822279,63.0,-2.206439393939394,9.9929906,0.38434
2016-01-07,2561.9,2573.7,2505.85,2513.15,2528.461017689452,9158,1203,23155646.0,1493.0,16.3,67.85,-48.75,Hero Motocorp,-2.6571124237435795,67.84999999999991,-1.902884577852375,2.3155646,0.09158
2016-01-08,2529.75,2537.35,2484.25,2489.0,2501.0435829372186,16199,1593,40514405.0,4625.0,28.55,53.1,-40.75,Hero Motocorp,-0.9609454270537054,53.09999999999991,-1.6108311097934578,4.0514405,0.16199
2016-01-11,2488.95,2525.0,2456.0,2503.2,2489.300897234298,10811,1261,26911832.0,1551.0,14.35,69.0,14.25,Hero Motocorp,0.5705102450783484,69.0,0.5725305851865246,2.6911832,0.10811
2016-01-12,2480.0,2500.0,2460.0,2469.55,2473.9086784359015,12122,2156,29988721.0,3011.0,24.84,40.0,-10.45,Hero Motocorp,-1.3442793224672234,40.0,-0.42137096774192817,2.9988721,0.12122
2016-01-13,2478.45,2479.7,2421.0,2470.75,2459.784669479606,14220,1730,34978138.0,3512.0,24.7,58.7,-7.7,Hero Motocorp,0.04859184871737199,58.69999999999982,-0.31067804474570065,3.4978138,0.1422
2016-01-14,2449.0,2467.95,2416.6,2433.1,2432.00950691538,36079,1922,87744471.0,23447.0,64.99,51.35,-15.9,Hero Motocorp,-1.5238287969240094,51.34999999999991,-0.6492445896284235,8.7744471,0.36079
2016-01-15,2449.0,2449.0,2410.0,2425.35,2430.61229601518,13175,1513,32023317.0,3619.0,27.47,39.0,-23.65,Hero Motocorp,-0.3185236940528524,39.0,-0.9657002858309551,3.2023317,0.13175
2016-01-18,2425.0,2450.0,2375.0,2431.2,2410.7460841768775,9385,1139,22624852.0,2194.0,23.38,75.0,6.2,Hero Motocorp,0.24120230069886173,75.0,0.255670103092776,2.2624852,0.09385
2016-01-19,2448.8,2498.45,2448.8,2482.95,2476.8655539392084,13061,1563,32350341.0,3247.0,24.86,49.65,34.15,Hero Motocorp,2.128578479763088,49.649999999999636,1.3945606011107332,3.2350341,0.13061
2016-01-20,2470.0,2505.45,2458.0,2488.05,2483.1069890520416,19273,2529,47856921.0,6835.0,35.46,47.45,18.05,Hero Motocorp,0.2054008336857427,47.44999999999982,0.7307692307692382,4.7856921,0.19273
2016-01-21,2488.0,2539.95,2466.0,2473.5,2495.387388513795,23994,2794,59874325.0,5318.0,22.16,73.95,-14.5,Hero Motocorp,-0.5847953216374324,73.94999999999982,-0.5827974276527331,5.9874325,0.23994
2016-01-22,2483.45,2600.0,2478.1,2586.05,2552.1596677702273,17217,2550,43940533.0,3799.0,22.07,121.9,102.6,Hero Motocorp,4.5502324641196745,121.90000000000009,4.131349533914529,4.3940533,0.17217
2016-01-25,2595.2,2597.8,2497.55,2520.8,2531.781233211962,16753,2217,42414931.0,3024.0,18.05,100.25,-74.4,Hero Motocorp,-2.5231530712863215,100.25,-2.866831072749678,4.2414931,0.16753
2016-01-27,2538.75,2539.05,2471.0,2482.05,2501.928237224281,16457,2833,41174233.0,6322.0,38.42,68.05,-56.7,Hero Motocorp,-1.537210409393841,68.05000000000018,-2.2333825701624743,4.1174233,0.16457
2016-01-28,2489.1,2508.7,2430.0,2448.55,2477.263944723618,23880,3563,59157063.0,9234.0,38.67,78.7,-40.55,Hero Motocorp,-1.349690779798951,78.69999999999982,-1.62910288859426,5.9157063,0.2388
2016-01-29,2442.15,2575.0,2442.15,2562.8,2523.2363983331384,25677,2429,64789141.0,5986.0,23.31,132.85,120.65,Hero Motocorp,4.666026832206827,132.8499999999999,4.9403189812255635,6.4789141,0.25677
2016-02-01,2565.65,2568.75,2508.55,2535.0,2527.778324145535,45350,2139,114634747.0,24728.0,54.53,60.2,-30.65,Hero Motocorp,-1.0847510535352045,60.19999999999982,-1.1946290413735345,11.4634747,0.4535
2016-02-02,2535.0,2545.5,2510.25,2521.8,2525.754729821696,7347,910,18556720.0,692.0,9.42,35.25,-13.2,Hero Motocorp,-0.5207100591715919,35.25,-0.5207100591715905,1.855672,0.07347
2016-02-03,2518.0,2541.9,2477.0,2484.7,2506.4382698636578,10635,1061,26655971.0,1891.0,17.78,64.9,-33.3,Hero Motocorp,-1.4711713855182995,64.90000000000009,-1.32247815726768,2.6655971,0.10635
2016-02-04,2509.0,2525.0,2472.15,2510.5,2497.3797030709784,9834,1342,24559232.0,1239.0,12.6,52.85,1.5,Hero Motocorp,1.038354730953439,52.84999999999991,0.05978477481068154,2.4559232,0.09834
2016-02-05,2509.0,2590.0,2509.0,2578.05,2549.283312277051,53824,2728,137212625.0,39673.0,73.71,81.0,69.05,Hero Motocorp,2.69069906393149,81.0,2.752092467118381,13.7212625,0.53824
2016-02-08,2580.1,2585.0,2550.0,2568.1,2572.3785488958993,7608,833,19570656.0,1917.0,25.2,35.0,-12.0,Hero Motocorp,-0.38595062159385574,35.0,-0.46509825200573623,1.9570656,0.07608
2016-02-09,2549.85,2594.9,2518.0,2579.65,2569.0599044468945,8163,741,20971236.0,2076.0,25.43,76.9,29.8,Hero Motocorp,0.44974884155601913,76.90000000000009,1.168696197815565,2.0971236,0.08163
2016-02-10,2569.6,2576.0,2545.8,2547.45,2549.354511533942,48509,471,123666638.0,43354.0,89.37,30.2,-22.15,Hero Motocorp,-1.2482313492140462,30.199999999999818,-0.8620018679950223,12.3666638,0.48509
2016-02-11,2550.1,2561.4,2481.0,2498.45,2519.22601676498,12884,1600,32457708.0,2491.0,19.33,80.4,-51.65,Hero Motocorp,-1.9234921195705468,80.40000000000009,-2.0254107682051723,3.2457708,0.12884
2016-02-12,2525.55,2533.8,2454.0,2486.5,2499.335399186372,31464,2462,78639089.0,3592.0,11.42,79.8,-39.05,Hero Motocorp,-0.4782965438571818,79.80000000000018,-1.5461978578923472,7.8639089,0.31464
2016-02-15,2514.0,2538.35,2491.0,2515.7,2509.730369729195,16174,1999,40592379.0,2323.0,14.36,47.35,1.7,Hero Motocorp,1.1743414437964894,47.34999999999991,0.06762132060460693,4.0592379,0.16174
2016-02-16,2515.7,2567.0,2504.0,2508.45,2525.673457924837,19584,1821,49462789.0,5210.0,26.6,63.0,-7.25,Hero Motocorp,-0.288190165759028,63.0,-0.2881901657590333,4.9462789,0.19584
2016-02-17,2510.1,2534.0,2440.0,2523.9,2490.6651892793825,19178,1673,47765977.0,5728.0,29.87,94.0,13.8,Hero Motocorp,0.615918196495846,94.0,0.5497788932711917,4.7765977,0.19178
2016-02-18,2545.0,2630.0,2545.0,2620.95,2600.203687200624,17954,2572,46684057.0,4512.0,25.13,85.0,75.95,Hero Motocorp,3.845239510281706,85.0,2.984282907662075,4.6684057,0.17954
2016-02-19,2615.0,2712.85,2603.0,2704.85,2686.5574998742895,59661,4857,160282707.0,30953.0,51.88,109.85,89.85,Hero Motocorp,3.201129361491062,109.84999999999991,3.4359464627151017,16.0282707,0.59661
2016-02-22,2690.05,2730.1,2673.55,2705.95,2706.194106309596,19716,2382,53355323.0,4064.0,20.61,56.55,15.9,Hero Motocorp,0.04066768952066813,56.54999999999973,0.5910670805375229,5.3355323,0.19716
2016-02-23,2705.0,2709.9,2655.4,2660.3,2670.5044446615216,10237,1312,27337954.0,2078.0,20.3,54.5,-44.7,Hero Motocorp,-1.6870230418152499,54.5,-1.6524953789279047,2.7337954,0.10237
2016-02-24,2660.3,2660.3,2610.0,2623.45,2635.405810362576,8743,1292,23041353.0,711.0,8.13,50.3,-36.85,Hero Motocorp,-1.3851821223170413,50.30000000000018,-1.3851821223170455,2.3041353,0.08743
2016-02-25,2621.0,2641.3,2593.25,2623.3,2610.0829546143123,16503,1710,43074199.0,2682.0,16.25,48.05,2.3,Hero Motocorp,-0.005717661857462808,48.05000000000018,0.08775276611980855,4.3074199,0.16503
2016-02-26,2640.0,2646.0,2535.1,2557.15,2561.932215989728,14797,2256,37908911.0,3084.0,20.84,110.9,-82.85,Hero Motocorp,-2.521633057599215,110.90000000000009,-3.138257575757572,3.7908911,0.14797
2016-02-29,2570.0,2570.0,2473.85,2499.65,2516.9672799650466,41198,4006,103694018.0,10625.0,25.79,96.15,-70.35,Hero Motocorp,-2.248597070957903,96.15000000000009,-2.7373540856031093,10.3694018,0.41198
2016-03-01,2508.5,2682.0,2506.0,2667.0,2617.5720597667287,42097,4137,110191931.0,9627.0,22.87,176.0,158.5,Hero Motocorp,6.6949372912207705,176.0,6.318517042057007,11.0191931,0.42097
2016-03-02,2681.0,2857.35,2681.0,2807.75,2823.1917658092457,94897,7224,267912429.0,45522.0,47.97,176.35,126.75,Hero Motocorp,5.277465316835395,176.3499999999999,4.727713539723983,26.7912429,0.94897
2016-03-03,2810.0,2847.05,2810.0,2824.75,2829.5221420370676,36582,3323,103509579.0,9970.0,27.25,37.05,14.75,Hero Motocorp,0.6054670109518323,37.05000000000018,0.5249110320284698,10.3509579,0.36582
2016-03-04,2817.0,2854.25,2788.95,2835.8,2831.140403587444,22300,2360,63134431.0,4324.0,19.39,65.3,18.8,Hero Motocorp,0.3911850606248324,65.30000000000018,0.6673766418175429,6.3134431,0.223
2016-03-08,2838.0,2850.0,2800.0,2809.9,2833.6468122362608,323236,1805,915936661.0,313657.0,97.04,50.0,-28.1,Hero Motocorp,-0.9133225192185623,50.0,-0.990133897110638,91.5936661,3.23236
2016-03-09,2807.9,2828.75,2789.0,2816.95,2815.1225951061574,16061,1595,45213684.0,7462.0,46.46,39.75,9.05,Hero Motocorp,0.25089860849139,39.75,0.3223049253890711,4.5213684,0.16061
2016-03-10,2827.7,2848.5,2797.75,2812.1,2814.020930410205,78546,4378,221030088.0,41606.0,52.97,50.75,-15.6,Hero Motocorp,-0.17217203003248027,50.75,-0.551685115111218,22.1030088,0.78546
2016-03-11,2812.0,2839.8,2795.0,2810.5,2820.6207565212767,37646,1752,106185089.0,23942.0,63.6,44.8,-1.5,Hero Motocorp,-0.05689698090394213,44.80000000000018,-0.053342816500711245,10.6185089,0.37646
2016-03-14,2815.1,2833.45,2803.15,2817.15,2814.858251583261,16106,1625,45336107.0,6594.0,40.94,30.3,2.05,Hero Motocorp,0.23661270236612353,30.299999999999727,0.0728215693936337,4.5336107,0.16106
2016-03-15,2815.0,2838.0,2807.0,2812.95,2826.2800788954637,20280,1140,57316960.0,11422.0,56.32,31.0,-2.05,Hero Motocorp,-0.1490868430861103,31.0,-0.07282415630551267,5.731696,0.2028
2016-03-16,2820.0,2835.0,2763.5,2797.95,2802.25,24200,2085,67814450.0,7815.0,32.29,71.5,-22.05,Hero Motocorp,-0.5332480136511442,71.5,-0.7819148936170276,6.781445,0.242
2016-03-17,2810.0,2838.0,2807.45,2819.5,2824.8121523011346,13841,1042,39098225.0,5403.0,39.04,30.55,9.5,Hero Motocorp,0.7702067585196426,30.550000000000182,0.33807829181494664,3.9098225,0.13841
2016-03-18,2828.0,2837.85,2795.0,2832.9,2829.0588677697247,14626,1567,41377815.0,6584.0,45.02,42.85,4.9,Hero Motocorp,0.4752615712005692,42.84999999999991,0.17326732673267647,4.1377815,0.14626
2016-03-21,2806.0,2823.95,2778.85,2802.75,2801.36521176253,54070,3594,151469817.0,31142.0,57.6,45.1,-3.25,Hero Motocorp,-1.0642804193582545,45.09999999999991,-0.1158232359230221,15.1469817,0.5407
2016-03-22,2780.0,2899.0,2754.5,2866.75,2846.9678252458184,106481,5011,303147981.0,56879.0,53.42,144.5,86.75,Hero Motocorp,2.283471590402275,144.5,3.120503597122302,30.3147981,1.06481
2016-03-23,2870.0,2914.5,2864.0,2870.35,2888.4701923076923,42640,3753,123164369.0,10509.0,24.65,50.5,0.35,Hero Motocorp,0.12557774483299422,50.5,0.012195121951216343,12.3164369,0.4264
2016-03-28,2872.2,2878.5,2832.2,2848.2,2852.087937090851,25052,2913,71450507.0,9478.0,37.83,46.3,-24.0,Hero Motocorp,-0.7716828958141075,46.30000000000018,-0.8355964069354502,7.1450507,0.25052
2016-03-29,2848.0,2878.9,2836.3,2851.35,2860.445236552171,10801,1034,30895669.0,2533.0,23.45,42.6,3.35,Hero Motocorp,0.11059616599957689,42.59999999999991,0.11762640449437883,3.0895669,0.10801
2016-03-30,2858.0,2923.85,2858.0,2922.45,2919.371021646357,77796,2706,227115388.0,62000.0,79.7,65.85,64.45,Hero Motocorp,2.4935556841496176,65.84999999999991,2.2550734779566066,22.7115388,0.77796
2016-03-31,2920.0,2985.0,2919.1,2943.4,2951.66373991457,46354,4300,136821421.0,17662.0,38.1,65.9,23.4,Hero Motocorp,0.7168642748379028,65.90000000000009,0.8013698630137017,13.6821421,0.46354
2016-04-01,2939.0,2970.0,2923.0,2951.05,2949.8953047535724,17145,1670,50575955.0,3042.0,17.74,47.0,12.05,Hero Motocorp,0.2599035129442262,47.0,0.4100034025178694,5.0575955,0.17145
2016-04-04,2970.05,2987.8,2948.05,2979.4,2971.741097690719,15979,2210,47485451.0,3183.0,19.92,39.75,9.35,Hero Motocorp,0.960675013978074,39.75,0.31480951499132703,4.7485451,0.15979
2016-04-05,2978.0,3009.9,2936.7,2956.25,2971.643211547136,66510,2762,197643990.0,4946.0,7.44,73.2,-21.75,Hero Motocorp,-0.777002080955902,73.20000000000027,-0.7303559435862995,19.764399,0.6651
2016-04-06,2960.0,3005.0,2960.0,2983.55,2987.4992185345222,10877,1763,32495029.0,1421.0,13.06,45.0,23.55,Hero Motocorp,0.9234672304439862,45.0,0.7956081081081142,3.2495029,0.10877
2016-04-07,2985.0,2985.05,2942.5,2968.3,2962.8435178765967,10097,1562,29915831.0,2395.0,23.72,42.55,-16.7,Hero Motocorp,-0.5111360627440442,42.55000000000018,-0.5594639865996589,2.9915831,0.10097
2016-04-08,2968.0,2968.0,2885.35,2920.3,2909.186899403965,16442,2270,47832851.0,1344.0,8.17,82.65,-47.7,Hero Motocorp,-1.6170872216420218,82.65000000000009,-1.607142857142851,4.7832851,0.16442
2016-04-11,2941.0,2985.0,2908.05,2976.55,2950.459180158457,17418,2495,51391098.0,4879.0,28.01,76.95,35.55,Hero Motocorp,1.9261719686333612,76.94999999999982,1.2087725263515874,5.1391098,0.17418
2016-04-12,2980.0,3060.0,2973.1,3049.95,3039.208899605436,27372,3375,83189226.0,7787.0,28.45,86.9,69.95,Hero Motocorp,2.4659421141925986,86.90000000000009,2.3473154362416047,8.3189226,0.27372
2016-04-13,3060.0,3170.0,3040.1,3151.65,3106.0678456159226,44616,5314,138580323.0,9056.0,20.3,129.9,91.65,Hero Motocorp,3.334480893129399,129.9000000000001,2.9950980392156894,13.8580323,0.44616
2016-04-18,3148.0,3157.5,3050.0,3065.35,3093.038179280537,22211,2980,68699471.0,5649.0,25.43,107.5,-82.65,Hero Motocorp,-2.7382482191867785,107.5,-2.6254764930114387,6.8699471,0.22211
2016-04-20,3069.0,3079.0,3006.25,3040.7,3044.025258691507,265374,3246,807805159.0,245490.0,92.51,72.75,-28.3,Hero Motocorp,-0.8041496077120125,72.75,-0.9221244705115731,80.7805159,2.65374
2016-04-21,3050.05,3064.5,2980.0,2988.5,3040.3444596493823,270380,2693,822048335.0,252601.0,93.42,84.5,-61.55,Hero Motocorp,-1.7167099680994502,84.5,-2.0179997049228757,82.2048335,2.7038
2016-04-22,2980.0,3026.2,2952.05,3001.0,2999.6155784148978,406447,2729,1219184753.0,382674.0,94.15,74.15,21.0,Hero Motocorp,0.4182700351346824,74.14999999999964,0.7046979865771812,121.9184753,4.06447
2016-04-25,3000.0,3021.0,2960.0,2967.4,2983.167571480275,16578,2374,49454952.0,2809.0,16.94,61.0,-32.6,Hero Motocorp,-1.119626791069639,61.0,-1.0866666666666636,4.9454952,0.16578
2016-04-26,2964.45,2964.45,2919.0,2932.1,2939.4860411899317,17480,2429,51382216.0,4301.0,24.61,45.45,-32.35,Hero Motocorp,-1.1895935836085503,45.44999999999982,-1.091264821467723,5.1382216,0.1748
2016-04-27,2932.1,2963.45,2932.1,2949.05,2940.8181549838428,64368,1563,189294583.0,51982.0,80.76,31.35,16.95,Hero Motocorp,0.5780839671225557,31.34999999999991,0.5780839671225495,18.9294583,0.64368
2016-04-28,2945.0,2947.0,2889.95,2901.3,2913.909766397605,18707,1886,54510510.0,5373.0,28.72,57.05,-43.7,Hero Motocorp,-1.6191654939726297,57.05000000000018,-1.4838709677419293,5.451051,0.18707
2016-04-29,2890.1,2914.8,2870.0,2901.3,2901.522958870473,16290,1836,47265809.0,2580.0,15.84,44.8,11.2,Hero Motocorp,0.0,44.80000000000018,0.3875298432580282,4.7265809,0.1629
2016-05-02,2899.4,2930.0,2887.55,2907.7,2903.624930862832,14464,1676,41998031.0,2138.0,14.78,42.45,8.3,Hero Motocorp,0.22059076965497137,42.44999999999982,0.28626612402565105,4.1998031,0.14464
2016-05-03,2955.0,2959.0,2865.35,2884.4,2906.094183764928,41281,3742,119966474.0,5958.0,14.43,93.65,-70.6,Hero Motocorp,-0.8013206314268939,93.65000000000009,-2.3891708967851066,11.9966474,0.41281
2016-05-04,2899.9,2915.35,2884.55,2897.7,2902.2584968152864,19625,1699,56956823.0,6161.0,31.39,30.8,-2.2,Hero Motocorp,0.46110109554846623,30.799999999999727,-0.07586468498914697,5.6956823,0.19625
2016-05-05,2922.9,2948.0,2881.0,2893.95,2914.471044427124,51320,4928,149570654.0,10032.0,19.55,67.0,-28.95,Hero Motocorp,-0.12941298271043067,67.0,-0.9904546854151791,14.9570654,0.5132
2016-05-06,2913.0,2913.0,2829.0,2885.05,2872.7454918306844,44863,3826,128879981.0,7378.0,16.45,84.0,-27.95,Hero Motocorp,-0.3075381399125665,84.0,-0.9594919327154074,12.8879981,0.44863
2016-05-09,2890.0,2960.0,2890.0,2948.1,2938.85850579774,27252,2358,80089772.0,7728.0,28.36,70.0,58.1,Hero Motocorp,2.185404065787422,70.0,2.010380622837367,8.0089772,0.27252
2016-05-10,2948.1,2973.0,2931.0,2961.9,2956.56567284448,26061,2322,77051058.0,8627.0,33.1,42.0,13.8,Hero Motocorp,0.46809809707948347,42.0,0.46809809707948113,7.7051058,0.26061
2016-05-11,2934.1,2980.9,2920.05,2960.65,2961.883942174222,29537,2846,87485166.0,7878.0,26.67,60.85,26.55,Hero Motocorp,-0.042202640197175345,60.84999999999991,0.9048771343853373,8.7485166,0.29537
2016-05-12,2955.05,2979.1,2945.0,2950.15,2956.9288774132974,17041,1460,50389025.0,6080.0,35.68,34.1,-4.9,Hero Motocorp,-0.3546518501004847,34.09999999999991,-0.16581783726163993,5.0389025,0.17041
2016-05-13,2950.15,2950.15,2897.6,2915.85,2917.5037119041417,15356,1807,44801187.0,3553.0,23.14,52.55,-34.3,Hero Motocorp,-1.1626527464705272,52.55000000000018,-1.1626527464705245,4.4801187,0.15356
2016-05-16,2913.0,2913.0,2872.0,2902.95,2890.1890889830506,15104,1793,43653416.0,2123.0,14.06,41.0,-10.05,Hero Motocorp,-0.442409588970627,41.0,-0.34500514933059323,4.3653416,0.15104
2016-05-17,2910.0,2958.0,2907.0,2927.95,2937.918521607673,19183,1566,56358091.0,4556.0,23.75,51.0,17.95,Hero Motocorp,0.861192924438936,51.0,0.6168384879725024,5.6358091,0.19183
2016-05-18,2915.9,2915.9,2862.0,2884.85,2884.1953666895133,36475,2431,105201026.0,18487.0,50.68,53.9,-31.05,Hero Motocorp,-1.4720196724670842,53.90000000000009,-1.064851332350224,10.5201026,0.36475
2016-05-19,2897.4,2911.95,2869.0,2890.3,2892.7807795775857,17471,1473,50539773.0,3350.0,19.17,42.95,-7.1,Hero Motocorp,0.1889179680052866,42.94999999999982,-0.2450472837716542,5.0539773,0.17471
2016-05-20,2890.0,2907.7,2872.1,2896.75,2893.7528130936726,13686,1855,39603901.0,3699.0,27.03,35.6,6.75,Hero Motocorp,0.22316022558210857,35.59999999999991,0.23356401384083042,3.9603901,0.13686
2016-05-23,2897.0,2900.0,2864.75,2883.95,2884.3059472716122,13048,1757,37634424.0,3684.0,28.23,35.25,-13.05,Hero Motocorp,-0.4418745145421621,35.25,-0.45046599930963693,3.7634424,0.13048
2016-05-24,2865.3,2905.0,2865.3,2893.3,2892.878290354243,11207,1038,32420487.0,4194.0,37.42,39.7,28.0,Hero Motocorp,0.3242081173390865,39.69999999999982,0.9772100652636722,3.2420487,0.11207
2016-05-25,2924.0,2934.95,2907.0,2929.25,2924.7231436239763,14531,1851,42499152.0,3019.0,20.78,27.95,5.25,Hero Motocorp,1.2425258355510893,27.949999999999818,0.1795485636114911,4.2499152,0.14531
2016-05-26,2924.75,2990.05,2916.4,2971.1,2959.535407586415,23173,2213,68581314.0,7348.0,31.71,73.65,46.35,Hero Motocorp,1.4286933515404998,73.65000000000009,1.5847508334045615,6.8581314,0.23173
2016-05-27,2971.1,3008.1,2970.15,3003.25,2998.1293720597255,19556,2113,58631418.0,4192.0,21.44,37.95,32.15,Hero Motocorp,1.082090808118208,37.94999999999982,1.0820908081182083,5.8631418,0.19556
2016-05-30,3010.0,3105.7,3005.05,3093.9,3067.068739007143,27859,4211,85445468.0,6785.0,24.35,100.65,83.9,Hero Motocorp,3.0183967368683895,100.64999999999964,2.787375415282395,8.5445468,0.27859
2016-05-31,3104.3,3124.3,3070.0,3099.15,3103.3392809822453,67926,2675,210797424.0,48348.0,71.18,54.3,-5.15,Hero Motocorp,0.16968874236400477,54.30000000000018,-0.16589891440904844,21.0797424,0.67926
2016-06-01,3100.05,3132.0,3068.65,3087.3,3121.019925400537,51743,1901,161490934.0,37538.0,72.55,63.35,-12.75,Hero Motocorp,-0.382362905958078,63.34999999999991,-0.41128368897275847,16.1490934,0.51743
2016-06-02,3087.3,3144.0,3060.1,3137.3,3124.0299360146246,21880,2419,68353775.0,3730.0,17.05,83.9,50.0,Hero Motocorp,1.6195381077316773,83.90000000000009,1.6195381077316748,6.8353775,0.2188
2016-06-03,3152.0,3207.9,3100.05,3146.8,3174.3076598056377,33134,3581,105177510.0,7272.0,21.95,107.85,-5.2,Hero Motocorp,0.3028081471328825,107.84999999999991,-0.16497461928933432,10.517751,0.33134
2016-06-06,3140.0,3154.0,3090.0,3102.0,3120.416222319804,15941,2060,49742555.0,5679.0,35.63,64.0,-38.0,Hero Motocorp,-1.4236684886233641,64.0,-1.210191082802548,4.9742555,0.15941
2016-06-07,3125.0,3146.45,3111.7,3127.9,3131.8730819815873,13686,1975,42862815.0,3751.0,27.41,34.75,2.9,Hero Motocorp,0.8349451966473298,34.75,0.09280000000000291,4.2862815,0.13686
2016-06-08,3130.0,3180.0,3111.8,3170.4,3160.87237425726,11949,1227,37769264.0,2191.0,18.34,68.2,40.4,Hero Motocorp,1.3587390901243612,68.19999999999982,1.290734824281153,3.7769264,0.11949
2016-06-09,3160.0,3170.35,3072.0,3083.25,3102.4590932570427,25167,2525,78079588.0,10035.0,39.87,98.35,-76.75,Hero Motocorp,-2.748864496593495,98.34999999999991,-2.4287974683544307,7.8079588,0.25167
2016-06-10,3055.0,3111.0,3055.0,3067.45,3077.1739010610445,14514,1945,44662102.0,2267.0,15.62,56.0,12.45,Hero Motocorp,-0.5124462823319575,56.0,0.4075286415711888,4.4662102,0.14514
2016-06-13,3067.45,3067.45,3017.5,3039.2,3033.7953317197703,30161,2921,91502301.0,9272.0,30.74,49.95,-28.25,Hero Motocorp,-0.9209604068526,49.94999999999982,-0.9209604068525975,9.1502301,0.30161
2016-06-14,3036.45,3039.95,2990.5,3011.55,2998.6452461943386,64969,2148,194818983.0,46613.0,71.75,49.45,-24.9,Hero Motocorp,-0.9097788891813563,49.44999999999982,-0.8200365558464534,19.4818983,0.64969
2016-06-15,3027.65,3086.45,3022.05,3066.7,3065.923409255867,28933,2877,88706362.0,7175.0,24.8,64.4,39.05,Hero Motocorp,1.8312828941906778,64.39999999999964,1.2897792016910714,8.8706362,0.28933
2016-06-16,3042.2,3054.95,3016.2,3023.4,3030.186414891713,11174,1315,33859303.0,2484.0,22.23,38.75,-18.8,Hero Motocorp,-1.4119411745524446,38.75,-0.6179738347248612,3.3859303,0.11174
2016-06-17,3043.35,3043.35,3015.0,3028.2,3029.9243262224563,11391,1675,34513868.0,3669.0,32.21,28.35,-15.15,Hero Motocorp,0.1587616590593255,28.34999999999991,-0.497806693282077,3.4513868,0.11391
2016-06-20,3005.85,3092.0,3005.85,3048.65,3058.832370426191,11943,1772,36531635.0,2412.0,20.2,86.15,42.8,Hero Motocorp,0.6753186711577985,86.15000000000009,1.4238900810087058,3.6531635,0.11943
2016-06-21,3055.0,3074.0,3036.5,3048.75,3054.2190279887177,9218,1287,28153791.0,2056.0,22.3,37.5,-6.25,Hero Motocorp,0.0032801403900162285,37.5,-0.20458265139116205,2.8153791,0.09218
2016-06-22,3050.1,3074.1,3027.2,3068.6,3060.857558356328,13409,1600,41043039.0,2202.0,16.42,46.9,18.5,Hero Motocorp,0.6510865108650954,46.90000000000009,0.6065374905740796,4.1043039,0.13409
2016-06-23,3077.55,3083.8,3038.75,3062.7,3061.3398793198025,9115,1218,27904113.0,2118.0,23.24,45.05,-14.85,Hero Motocorp,-0.19227009059505917,45.05000000000018,-0.4825266851879047,2.7904113,0.09115
2016-06-24,3062.7,3076.0,2956.0,3055.95,2984.269770690654,117396,2340,350341334.0,96119.0,81.88,120.0,-6.75,Hero Motocorp,-0.22039377020276474,120.0,-0.22039377020276227,35.0341334,1.17396
2016-06-27,3028.95,3082.0,3025.0,3054.6,3051.7464333269922,15771,1739,48129093.0,3472.0,22.02,57.0,25.65,Hero Motocorp,-0.044176115446914466,57.0,0.8468281087505601,4.8129093,0.15771
2016-06-28,3080.0,3080.0,3011.0,3025.5,3039.9481408434362,17239,2342,52405666.0,4902.0,28.44,69.0,-54.5,Hero Motocorp,-0.952661559615009,69.0,-1.7694805194805194,5.2405666,0.17239
2016-06-29,3035.05,3154.9,3035.05,3145.0,3118.175215772306,34643,3504,108022944.0,8964.0,25.88,119.85,109.95,Hero Motocorp,3.94976037018675,119.84999999999991,3.6226750794879763,10.8022944,0.34643
2016-06-30,3157.0,3222.35,2987.8,3180.85,3188.3537515793564,41156,5211,131219887.0,10287.0,25.0,234.55,23.85,Hero Motocorp,1.1399046104928479,234.54999999999973,0.7554640481469721,13.1219887,0.41156
2016-07-01,3185.5,3199.9,3160.35,3176.65,3179.884355146945,19361,2647,61565741.0,3990.0,20.61,39.55,-8.85,Hero Motocorp,-0.13204017793985168,39.55000000000018,-0.2778213781196016,6.1565741,0.19361
2016-07-04,3225.0,3225.0,3146.2,3161.75,3161.8471185692206,22645,2064,71600028.0,8095.0,35.75,78.8,-63.25,Hero Motocorp,-0.46904758157177984,78.80000000000018,-1.9612403100775193,7.1600028,0.22645
2016-07-05,3159.8,3161.7,3105.0,3111.5,3124.8981177412893,12485,1749,39014353.0,4497.0,36.02,56.7,-48.3,Hero Motocorp,-1.5893097177196225,56.69999999999982,-1.5285777580859605,3.9014353,0.12485
2016-07-07,3130.0,3135.0,3090.7,3101.3,3115.274688340259,16364,1400,50978355.0,3175.0,19.4,44.3,-28.7,Hero Motocorp,-0.32781616583640316,44.30000000000018,-0.916932907348237,5.0978355,0.16364
2016-07-08,3125.0,3170.0,3117.55,3160.2,3151.077930281973,17413,1994,54869720.0,3811.0,21.89,52.45,35.2,Hero Motocorp,1.899203559797491,52.44999999999982,1.1263999999999943,5.486972,0.17413
2016-07-11,3170.0,3244.2,3170.0,3236.55,3230.3621345693123,63863,4899,206300617.0,24701.0,38.68,74.2,66.55,Hero Motocorp,2.415986329979125,74.19999999999982,2.099369085173507,20.6300617,0.63863
2016-07-12,3250.0,3259.35,3223.5,3243.75,3240.584024418337,17364,2149,56269501.0,3710.0,21.37,35.85,-6.25,Hero Motocorp,0.22245909996754243,35.84999999999991,-0.19230769230769232,5.6269501,0.17364
2016-07-13,3250.0,3259.95,3220.0,3235.55,3238.236701895362,11449,1815,37074572.0,1485.0,12.97,39.95,-14.45,Hero Motocorp,-0.2527938342967162,39.94999999999982,-0.444615384615379,3.7074572,0.11449
2016-07-14,3229.0,3271.0,3205.9,3251.3,3242.122201699298,27070,3090,87764248.0,9273.0,34.26,65.1,22.3,Hero Motocorp,0.48677968197061716,65.09999999999991,0.6906162898730314,8.7764248,0.2707
2016-07-15,3270.0,3289.0,3220.45,3237.7,3260.680513211382,15744,1822,51336154.0,2202.0,13.99,68.55,-32.3,Hero Motocorp,-0.41829422077324097,68.55000000000018,-0.9877675840978648,5.1336154,0.15744
2016-07-18,3253.65,3291.15,3240.0,3254.5,3271.1042667032516,21867,3282,71529237.0,6148.0,28.12,51.15,0.85,Hero Motocorp,0.5188868641319511,51.15000000000009,0.026124506323664472,7.1529237,0.21867
2016-07-19,3260.0,3261.85,3208.0,3229.4,3227.805998378816,18505,1872,59730550.0,5803.0,31.36,53.85,-30.6,Hero Motocorp,-0.771239821785219,53.84999999999991,-0.9386503067484635,5.973055,0.18505
2016-07-20,3240.0,3283.0,3235.15,3276.6,3269.876069839096,11684,1410,38205232.0,3628.0,31.05,47.85,36.6,Hero Motocorp,1.4615718090047691,47.84999999999991,1.1296296296296269,3.8205232,0.11684
2016-07-21,3300.0,3306.1,3260.3,3265.65,3284.7997328286765,8983,1284,29507356.0,2007.0,22.34,45.8,-34.35,Hero Motocorp,-0.33418787767807157,45.79999999999973,-1.0409090909090881,2.9507356,0.08983
2016-07-22,3272.25,3285.85,3254.05,3260.35,3265.393965641692,6927,979,22619384.0,1773.0,25.6,31.8,-11.9,Hero Motocorp,-0.16229540826482314,31.799999999999727,-0.36366414546566095,2.2619384,0.06927
2016-07-25,3260.35,3285.5,3250.0,3279.7,3270.830126893164,14658,1282,47943828.0,6922.0,47.22,35.5,19.35,Hero Motocorp,0.5934945634671118,35.5,0.5934945634671096,4.7943828,0.14658
2016-07-26,3280.0,3281.0,3173.0,3210.3,3240.8759812392,20255,2012,65643943.0,7339.0,36.23,108.0,-69.7,Hero Motocorp,-2.116047199438964,108.0,-2.1249999999999947,6.5643943,0.20255
2016-07-27,3210.3,3257.15,3189.9,3203.5,3212.042115467471,9284,1233,29820599.0,2666.0,28.72,67.25,-6.8,Hero Motocorp,-0.21181821013612767,67.25,-0.21181821013613,2.9820599,0.09284
2016-07-28,3203.6,3229.45,3150.0,3192.3,3202.547792137857,37140,3092,118942625.0,10313.0,27.77,79.45,-11.3,Hero Motocorp,-0.3496176057437128,79.44999999999982,-0.3527281807965953,11.8942625,0.3714
2016-07-29,3190.0,3243.7,3176.55,3206.45,3219.293306849645,16614,1447,53485339.0,3835.0,23.08,67.15,16.45,Hero Motocorp,0.4432540801303064,67.14999999999964,0.5156739811912169,5.3485339,0.16614
2016-08-01,3211.0,3395.0,3200.0,3219.35,3226.0249130938582,17260,1845,55681190.0,4864.0,28.18,195.0,8.35,Hero Motocorp,0.40231408567106275,195.0,0.26004360012456895,5.568119,0.1726
2016-08-02,3220.0,3279.0,3201.95,3260.0,3259.46205939023,70584,3032,230065870.0,45093.0,63.89,77.05,40.0,Hero Motocorp,1.2626772485129,77.05000000000018,1.2422360248447204,23.006587,0.70584
2016-08-03,3278.1,3305.9,3210.5,3237.1,3268.219232051398,32997,2337,107841430.0,8202.0,24.86,95.4,-41.0,Hero Motocorp,-0.7024539877300673,95.40000000000009,-1.2507245050486564,10.784143,0.32997
2016-08-04,3255.0,3305.0,3250.0,3270.1,3279.462836447444,24298,1893,79684388.0,8861.0,36.47,55.0,15.1,Hero Motocorp,1.0194309721664352,55.0,0.4639016897081385,7.9684388,0.24298
2016-08-05,3299.95,3455.65,3287.25,3434.3,3373.13076890774,47626,4147,160648726.0,12461.0,26.16,168.4,134.35,Hero Motocorp,5.021253172685869,168.4000000000001,4.071273807178908,16.0648726,0.47626
2016-08-08,3525.0,3553.55,3410.0,3456.8,3483.8617296546013,135264,13027,471241073.0,15951.0,11.79,143.55,-68.2,Hero Motocorp,0.6551553446117131,143.55000000000018,-1.9347517730496402,47.1241073,1.35264
2016-08-09,3464.0,3490.0,3394.3,3407.3,3423.9617331642635,101733,4033,348329899.0,64765.0,63.66,95.7,-56.7,Hero Motocorp,-1.4319601943994398,95.69999999999982,-1.6368360277136205,34.8329899,1.01733
2016-08-10,3424.0,3442.85,3303.0,3320.5,3386.401975768046,45147,2514,152885890.0,23378.0,51.78,139.85,-103.5,Hero Motocorp,-2.547471605083207,139.8499999999999,-3.022780373831776,15.288589,0.45147
2016-08-11,3317.0,3369.95,3291.6,3303.8,3328.344720914593,22305,1820,74238729.0,4904.0,21.99,78.35,-13.2,Hero Motocorp,-0.5029363047733715,78.34999999999991,-0.3979499547784087,7.4238729,0.22305
2016-08-12,3310.0,3364.85,3301.5,3313.3,3336.2924714828896,26300,2571,87744492.0,7828.0,29.76,63.35,3.3,Hero Motocorp,0.2875476723772641,63.34999999999991,0.0996978851963801,8.7744492,0.263
2016-08-16,3315.0,3320.0,3281.0,3294.7,3296.7897721414574,9699,1228,31975564.0,1800.0,18.56,39.0,-20.3,Hero Motocorp,-0.5613738568798543,39.0,-0.6123680241327355,3.1975564,0.09699
2016-08-17,3313.5,3429.0,3308.05,3360.15,3389.3118123914305,44902,3777,152186879.0,12065.0,26.87,120.95,46.65,Hero Motocorp,1.9865238109691319,120.94999999999982,1.4078768673607995,15.2186879,0.44902
2016-08-18,3360.0,3410.0,3356.6,3369.4,3377.803884646232,28677,2777,96865282.0,6321.0,22.04,53.4,9.4,Hero Motocorp,0.27528532952398876,53.40000000000009,0.2797619047619075,9.6865282,0.28677
2016-08-19,3380.0,3380.0,3343.8,3359.25,3358.8029382797113,12184,1244,40923655.0,1787.0,14.67,36.2,-20.75,Hero Motocorp,-0.301240576957329,36.19999999999982,-0.613905325443787,4.0923655,0.12184
2016-08-22,3365.0,3365.0,3306.8,3337.95,3329.2202106422524,14527,1330,48363582.0,3127.0,21.53,58.2,-27.05,Hero Motocorp,-0.634070104934148,58.19999999999982,-0.8038632986627097,4.8363582,0.14527
2016-08-23,3382.0,3382.0,3296.15,3306.45,3308.8534340941806,19452,2028,64363817.0,4933.0,25.36,85.85,-75.55,Hero Motocorp,-0.9436929852154718,85.84999999999991,-2.233885274985221,6.4363817,0.19452
2016-08-24,3306.45,3323.0,3287.9,3309.5,3305.010820010941,16451,1676,54370733.0,4095.0,24.89,35.1,3.05,Hero Motocorp,0.092243947436077,35.09999999999991,0.09224394743607742,5.4370733,0.16451
2016-08-25,3305.0,3332.95,3290.0,3303.75,3311.1980333242286,14644,1543,48489184.0,3230.0,22.06,42.95,-1.25,Hero Motocorp,-0.17374225713854274,42.94999999999982,-0.037821482602118005,4.8489184,0.14644
2016-08-26,3322.25,3334.0,3300.0,3316.8,3313.2430894901904,13711,1534,45427876.0,3100.0,22.61,34.0,-5.45,Hero Motocorp,0.39500567536889797,34.0,-0.16404545112498511,4.5427876,0.13711
2016-08-29,3316.5,3415.0,3282.0,3405.75,3364.5605142986687,30877,2395,103887535.0,9174.0,29.71,133.0,89.25,Hero Motocorp,2.681801736613587,133.0,2.6910900045228403,10.3887535,0.30877
2016-08-30,3414.0,3483.4,3414.0,3473.35,3458.735147259085,37451,2464,129533090.0,14779.0,39.46,69.4,59.35,Hero Motocorp,1.9848785142773329,69.40000000000009,1.7384299941417665,12.953309,0.37451
2016-08-31,3480.0,3576.0,3480.0,3547.5,3548.8815335722497,44367,3165,157453227.0,10574.0,23.83,96.0,67.5,Hero Motocorp,2.1348266083176304,96.0,1.9396551724137931,15.7453227,0.44367
2016-09-01,3551.0,3597.15,3520.0,3546.9,3564.368947815489,27077,2762,96512418.0,5648.0,20.86,77.15,-4.1,Hero Motocorp,-0.01691331923889816,77.15000000000009,-0.11546043368065079,9.6512418,0.27077
2016-09-02,3580.0,3614.35,3553.85,3578.55,3577.7068346542032,29526,2865,105635372.0,6110.0,20.69,60.5,-1.45,Hero Motocorp,0.8923285122219404,60.5,-0.040502793296084305,10.5635372,0.29526
2016-09-06,3581.0,3650.0,3581.0,3614.05,3620.438698363211,25660,2918,92900457.0,8439.0,32.89,69.0,33.05,Hero Motocorp,0.9920219083148218,69.0,0.9229265568277069,9.2900457,0.2566
2016-09-07,3699.8,3699.8,3578.35,3609.85,3599.639682013912,15095,1918,54336561.0,4664.0,30.9,121.45,-89.95,Hero Motocorp,-0.11621311271289292,121.45000000000027,-2.4312124979728704,5.4336561,0.15095
2016-09-08,3605.0,3739.9,3605.0,3697.65,3699.739671244156,34007,3387,125817047.0,13803.0,40.59,134.9,92.65,Hero Motocorp,2.432234026344582,134.9000000000001,2.5700416088765627,12.5817047,0.34007
2016-09-09,3690.0,3705.5,3568.65,3623.8,3626.2644481812554,22598,2829,81946324.0,6230.0,27.57,136.85,-66.2,Hero Motocorp,-1.99721444701364,136.8499999999999,-1.7940379403793987,8.1946324,0.22598
2016-09-12,3565.0,3565.0,3493.1,3529.05,3516.426084780899,27978,3302,98382569.0,5275.0,18.85,71.9,-35.95,Hero Motocorp,-2.6146586456206156,71.90000000000009,-1.008415147265072,9.8382569,0.27978
2016-09-14,3530.0,3612.0,3530.0,3589.5,3573.9402144035184,14552,1971,52007978.0,2898.0,19.91,82.0,59.5,Hero Motocorp,1.7129255748714156,82.0,1.6855524079320112,5.2007978,0.14552
2016-09-15,3570.0,3573.0,3508.0,3522.6,3524.3486160997254,28398,3029,100084452.0,4031.0,14.19,65.0,-47.4,Hero Motocorp,-1.8637693272043454,65.0,-1.3277310924369774,10.0084452,0.28398
2016-09-16,3556.7,3639.0,3529.95,3585.15,3592.271767997724,42172,4052,151493285.0,5131.0,12.17,109.05,28.45,Hero Motocorp,1.7756770567194824,109.05000000000018,0.799898782579365,15.1493285,0.42172
2016-09-19,3601.0,3617.15,3544.05,3554.3,3571.4144368963443,21639,2105,77281837.0,7485.0,34.59,73.1,-46.7,Hero Motocorp,-0.8604939821206914,73.09999999999991,-1.2968619827825554,7.7281837,0.21639
2016-09-20,3558.0,3558.0,3460.0,3468.1,3482.6178500090796,22028,2508,76715106.0,9377.0,42.57,98.0,-89.9,Hero Motocorp,-2.4252314098416106,98.0,-2.5267003934794854,7.6715106,0.22028
2016-09-21,3497.0,3510.0,3416.9,3460.0,3473.8655263523847,28764,3282,99922268.0,6528.0,22.7,93.1,-37.0,Hero Motocorp,-0.23355727920186808,93.09999999999991,-1.0580497569345153,9.9922268,0.28764
2016-09-22,3500.0,3577.8,3500.0,3538.6,3547.7707984119984,34005,3266,120641946.0,9730.0,28.61,77.8,38.6,Hero Motocorp,2.2716763005780294,77.80000000000018,1.1028571428571403,12.0641946,0.34005
2016-09-23,3538.6,3553.45,3515.65,3531.75,3535.2966726766103,12202,1117,43137690.0,4044.0,33.14,37.8,-6.85,Hero Motocorp,-0.19357938167636757,37.79999999999973,-0.19357938167636662,4.313769,0.12202
2016-09-26,3565.0,3565.0,3450.95,3463.7,3478.417975740704,20116,2794,69971856.0,7384.0,36.71,114.05,-101.3,Hero Motocorp,-1.9268068238125657,114.05000000000018,-2.841514726507719,6.9971856,0.20116
2016-09-27,3486.0,3499.9,3440.0,3450.55,3459.99252068746,25136,1948,86970372.0,10301.0,40.98,59.9,-35.45,Hero Motocorp,-0.37965181742066756,59.90000000000009,-1.0169248422260417,8.6970372,0.25136
2016-09-28,3475.0,3490.0,3439.5,3450.45,3464.6509256180025,9021,1200,31254616.0,3086.0,34.21,50.5,-24.55,Hero Motocorp,-0.0028980887105012343,50.5,-0.7064748201438901,3.1254616,0.09021
2016-09-29,3485.0,3495.95,3409.95,3428.5,3454.90517390552,23116,2665,79863588.0,6911.0,29.9,86.0,-56.5,Hero Motocorp,-0.6361489081134319,86.0,-1.6212338593974176,7.9863588,0.23116
2016-09-30,3462.0,3462.0,3392.0,3414.35,3419.355641298563,30064,3071,102799508.0,12226.0,40.67,70.0,-47.65,Hero Motocorp,-0.41271693160274125,70.0,-1.3763720392836538,10.2799508,0.30064
2016-10-03,3469.0,3542.85,3448.0,3523.0,3508.590799748344,27021,2806,94805632.0,11826.0,43.77,94.85,54.0,Hero Motocorp,3.1821576581194,94.84999999999991,1.5566445661573942,9.4805632,0.27021
2016-10-04,3581.0,3600.0,3516.3,3531.55,3553.407341872441,37865,2791,134549769.0,7936.0,20.96,83.7,-49.45,Hero Motocorp,0.24269088844734998,83.69999999999982,-1.3808991901703382,13.4549769,0.37865
2016-10-05,3583.0,3583.0,3485.0,3490.4,3497.884365488808,46327,2079,162046489.0,27755.0,59.91,98.0,-92.6,Hero Motocorp,-1.1652107431581071,98.0,-2.584426458275186,16.2046489,0.46327
2016-10-06,3525.3,3525.3,3462.4,3473.6,3485.9623189384474,29617,2340,103243746.0,10268.0,34.67,62.9,-51.7,Hero Motocorp,-0.48132019252807856,62.90000000000009,-1.4665418545939428,10.3243746,0.29617
2016-10-07,3495.0,3495.0,3450.0,3471.7,3467.8095801059926,24530,1528,85065369.0,14513.0,59.16,45.0,-23.3,Hero Motocorp,-0.05469829571626006,45.0,-0.666666666666672,8.5065369,0.2453
2016-10-10,3499.0,3512.9,3479.1,3489.7,3494.4511052440853,57951,4778,202506936.0,41467.0,71.56,33.8,-9.3,Hero Motocorp,0.5184779790880611,33.80000000000018,-0.2657902257787991,20.2506936,0.57951
2016-10-13,3491.0,3519.0,3468.55,3493.5,3495.1608837046792,37207,3538,130044451.0,14524.0,39.04,50.45,2.5,Hero Motocorp,0.10889188182365839,50.44999999999982,0.07161271841879117,13.0044451,0.37207
2016-10-14,3515.0,3518.85,3466.95,3482.2,3491.7895777277467,18211,1582,63588980.0,7189.0,39.48,51.9,-32.8,Hero Motocorp,-0.3234578502934071,51.90000000000009,-0.9331436699857804,6.358898,0.18211
2016-10-17,3510.0,3510.0,3393.0,3404.15,3427.594240455508,27398,2463,93909227.0,11670.0,42.59,117.0,-105.85,Hero Motocorp,-2.2413991155016855,117.0,-3.015669515669513,9.3909227,0.27398
2016-10-18,3404.15,3435.65,3383.25,3410.5,3410.5188689107254,38264,3278,130500094.0,21577.0,56.39,52.4,6.35,Hero Motocorp,0.18653702098907488,52.40000000000009,0.18653702098908417,13.0500094,0.38264
2016-10-19,3420.0,3420.0,3360.0,3367.0,3378.7215409099417,21364,2305,72183007.0,7367.0,34.48,60.0,-53.0,Hero Motocorp,-1.275472804574107,60.0,-1.5497076023391814,7.2183007,0.21364
2016-10-20,3376.3,3404.45,3355.5,3362.75,3380.242539868897,20442,1667,69098918.0,7034.0,34.41,48.95,-13.55,Hero Motocorp,-0.12622512622512128,48.94999999999982,-0.40132689630661317,6.9098918,0.20442
2016-10-21,3371.1,3375.5,3344.55,3360.55,3360.9627397577797,17257,1612,58000134.0,2785.0,16.14,30.95,-10.55,Hero Motocorp,-0.06542264515648766,30.949999999999818,-0.3129542285900664,5.8000134,0.17257
2016-10-24,3360.0,3371.5,3330.0,3334.3,3349.13492614256,20174,2064,67565448.0,9010.0,44.66,41.5,-25.7,Hero Motocorp,-0.7811221377453048,41.5,-0.764880952380947,6.7565448,0.20174
2016-10-25,3335.0,3372.7,3331.05,3357.25,3348.858988421694,16410,1738,54954776.0,7728.0,47.09,41.65,22.25,Hero Motocorp,0.6883003928860543,41.649999999999636,0.6671664167916042,5.4954776,0.1641
2016-10-26,3410.0,3454.8,3375.0,3421.55,3420.5125573145647,52997,4949,181276904.0,12813.0,24.18,79.8,11.55,Hero Motocorp,1.9152580236801109,79.80000000000018,0.33870967741936014,18.1276904,0.52997
2016-10-27,3470.0,3470.0,3300.15,3314.75,3348.413432774937,147088,5748,492511435.0,94914.0,64.53,169.85,-155.25,Hero Motocorp,-3.121392351419683,169.8499999999999,-4.474063400576369,49.2511435,1.47088
2016-10-28,3345.0,3420.0,3324.9,3347.65,3349.852679369392,27973,2357,93705429.0,4477.0,16.0,95.1,2.65,Hero Motocorp,0.9925333735575803,95.09999999999991,0.07922272047832858,9.3705429,0.27973
2016-10-30,3370.6,3381.4,3350.0,3354.6,3358.6780528281006,7231,617,24286601.0,3499.0,48.39,31.4,-16.0,Hero Motocorp,0.2076083222559033,31.40000000000009,-0.47469293300895987,2.4286601,0.07231
2016-11-01,3370.0,3388.1,3355.0,3370.8,3374.3163406852545,14418,1540,48650893.0,4492.0,31.16,33.1,0.8,Hero Motocorp,0.48291897692720465,33.09999999999991,0.02373887240356623,4.8650893,0.14418
2016-11-02,3360.0,3360.0,3316.25,3324.25,3337.401830663616,13110,1658,43753338.0,3738.0,28.51,43.75,-35.75,Hero Motocorp,-1.3809778094221015,43.75,-1.0639880952380953,4.3753338,0.1311
2016-11-03,3330.0,3400.0,3317.0,3379.5,3371.5187374394136,25377,2554,85559031.0,8478.0,33.41,83.0,49.5,Hero Motocorp,1.662029029104306,83.0,1.4864864864864866,8.5559031,0.25377
2016-11-04,3390.0,3390.0,3250.0,3282.95,3300.63795540201,25472,3684,84073850.0,6700.0,26.3,140.0,-107.05,Hero Motocorp,-2.856931498742421,140.0,-3.1578171091445477,8.407385,0.25472
2016-11-07,3300.0,3379.0,3264.65,3350.15,3326.2245315323885,21026,2726,69937197.0,3989.0,18.97,114.35,50.15,Hero Motocorp,2.0469394903973592,114.34999999999991,1.5196969696969724,6.9937197,0.21026
2016-11-08,3378.0,3381.0,3327.0,3369.6,3360.25730328553,13179,1714,44284831.0,3572.0,27.1,54.0,-8.4,Hero Motocorp,0.5805710192080982,54.0,-0.2486678507992922,4.4284831,0.13179
2016-11-09,3262.0,3262.0,3097.95,3235.7,3204.124582481679,60177,6516,192814605.0,10739.0,17.85,164.05,-26.3,Hero Motocorp,-3.9737654320987637,164.05000000000018,-0.8062538320049104,19.2814605,0.60177
2016-11-10,3290.0,3312.45,3135.0,3144.55,3204.4965909873513,43561,5156,139591076.0,15637.0,35.9,177.45,-145.45,Hero Motocorp,-2.817010229625727,177.44999999999982,-4.420972644376894,13.9591076,0.43561
2016-11-11,3144.55,3144.55,2970.0,2981.75,3020.294168059305,46674,5392,140969210.0,13501.0,28.93,174.55,-162.8,Hero Motocorp,-5.177211365696211,174.55000000000018,-5.17721136569621,14.096921,0.46674
2016-11-15,2980.0,2980.0,2869.0,2900.7,2904.7038776781865,41726,4708,121201674.0,17142.0,41.08,111.0,-79.3,Hero Motocorp,-2.718202397920688,111.0,-2.6610738255033617,12.1201674,0.41726
2016-11-16,2926.0,3018.0,2894.35,2914.5,2954.852871657918,32577,2957,96260242.0,5147.0,15.8,123.65,-11.5,Hero Motocorp,0.4757472334264268,123.65000000000009,-0.39302802460697195,9.6260242,0.32577
2016-11-17,2949.0,2949.0,2844.4,2878.15,2875.383648652317,36841,4613,105932009.0,11591.0,31.46,104.6,-70.85,Hero Motocorp,-1.2472122147881293,104.59999999999991,-2.4025093251949783,10.5932009,0.36841
2016-11-18,2900.0,2942.0,2876.0,2934.75,2923.122438042852,98899,3908,289093886.0,78081.0,78.95,66.0,34.75,Hero Motocorp,1.9665410072442269,66.0,1.1982758620689655,28.9093886,0.98899
2016-11-21,2945.0,2953.45,2897.0,2928.1,2920.99936776386,50614,2522,147843462.0,37234.0,73.56,56.45,-16.9,Hero Motocorp,-0.2265951103160413,56.44999999999982,-0.5738539898132459,14.7843462,0.50614
2016-11-22,2941.0,3015.0,2933.25,2997.0,2979.551675064425,25999,2525,77465364.0,7670.0,29.5,81.75,56.0,Hero Motocorp,2.3530617123732167,81.75,1.9041142468548113,7.7465364,0.25999
2016-11-23,3030.0,3030.0,2996.35,3012.85,3011.7337212524244,14436,1419,43477388.0,2937.0,20.34,33.65,-17.15,Hero Motocorp,0.5288621955288564,33.65000000000009,-0.5660066006600689,4.3477388,0.14436
2016-11-24,2999.0,3069.0,2978.55,3049.6,3028.059966072943,11790,1696,35700827.0,2599.0,22.04,90.45,50.6,Hero Motocorp,1.21977529581625,90.44999999999982,1.6872290763587834,3.5700827,0.1179
2016-11-25,3050.0,3092.5,3029.4,3039.1,3056.8933428350847,16839,1755,51475027.0,4524.0,26.87,63.1,-10.9,Hero Motocorp,-0.3443074501573995,63.09999999999991,-0.35737704918033086,5.1475027,0.16839
2016-11-28,3050.0,3117.0,3050.0,3101.5,3093.8103613848875,19785,2457,61211038.0,2609.0,13.19,67.0,51.5,Hero Motocorp,2.0532394458885994,67.0,1.6885245901639343,6.1211038,0.19785
2016-11-29,3117.9,3180.0,3074.4,3160.05,3143.9834987351624,25695,2898,80784656.0,3582.0,13.94,105.6,42.15,Hero Motocorp,1.8877962276317994,105.59999999999991,1.351871451938808,8.0784656,0.25695
2016-11-30,3160.0,3176.0,3135.0,3169.0,3160.861311695079,13433,1573,42459850.0,3992.0,29.72,41.0,9.0,Hero Motocorp,0.2832233667188655,41.0,0.2848101265822785,4.245985,0.13433
2016-12-01,3159.5,3215.0,3148.7,3178.35,3167.618263637361,18222,2249,57720340.0,4186.0,22.97,66.3,18.85,Hero Motocorp,0.2950457557589159,66.30000000000018,0.5966133881943316,5.772034,0.18222
2016-12-02,3160.0,3213.0,3150.5,3183.7,3179.2959828810426,20562,2281,65372684.0,3663.0,17.81,62.5,23.7,Hero Motocorp,0.16832633284564746,62.5,0.7499999999999942,6.5372684,0.20562
2016-12-05,3183.65,3258.0,3170.6,3224.4,3224.134340473506,22175,2195,71495179.0,4543.0,20.49,87.4,40.75,Hero Motocorp,1.2783867826742457,87.40000000000009,1.2799773844486673,7.1495179,0.22175
2016-12-06,3228.7,3241.2,3186.2,3198.0,3212.970894200974,9036,944,29032405.0,1318.0,14.59,55.0,-30.7,Hero Motocorp,-0.8187569780424342,55.0,-0.9508470901601208,2.9032405,0.09036
2016-12-07,3250.0,3250.0,3200.0,3227.2,3228.907217541366,19702,1679,63615930.0,6559.0,33.29,50.0,-22.8,Hero Motocorp,0.9130706691682144,50.0,-0.7015384615384671,6.361593,0.19702
2016-12-08,3260.0,3331.5,3248.1,3308.95,3301.360669607784,33094,3574,109255230.0,15889.0,48.01,83.4,48.95,Hero Motocorp,2.533155676747656,83.40000000000009,1.5015337423312827,10.925523,0.33094
2016-12-09,3344.0,3344.0,3271.05,3281.15,3285.7674433869374,15235,1720,50058667.0,3203.0,21.02,72.95,-62.85,Hero Motocorp,-0.8401456655434458,72.94999999999982,-1.8794856459330118,5.0058667,0.15235
2016-12-12,3272.0,3272.0,3199.55,3216.55,3226.5060612905654,13281,1303,42851227.0,3214.0,24.2,72.45,-55.45,Hero Motocorp,-1.9688219069533552,72.44999999999982,-1.6946821515892365,4.2851227,0.13281
2016-12-13,3210.0,3239.45,3195.45,3201.95,3207.5991235758106,28525,1405,91496765.0,15488.0,54.3,44.0,-8.05,Hero Motocorp,-0.4539024731467056,44.0,-0.25077881619938264,9.1496765,0.28525
2016-12-14,3206.9,3221.05,3142.0,3163.2,3171.6877747837184,14102,1729,44727141.0,2557.0,18.13,79.05,-43.7,Hero Motocorp,-1.2102000343540698,79.05000000000018,-1.3626867067884958,4.4727141,0.14102
2016-12-15,3149.6,3200.15,3120.05,3168.1,3175.227557411273,18202,1991,57795492.0,3397.0,18.66,80.1,18.5,Hero Motocorp,0.15490642387456788,80.09999999999991,0.5873761747523495,5.7795492,0.18202
2016-12-16,3168.1,3183.4,3119.5,3128.0,3133.8595473012188,8615,1074,26998200.0,2347.0,27.24,63.9,-40.1,Hero Motocorp,-1.265742874277953,63.90000000000009,-1.2657428742779555,2.69982,0.08615
2016-12-19,3151.65,3151.65,3087.7,3105.7,3111.9921494315104,14776,1279,45982796.0,6001.0,40.61,63.95,-45.95,Hero Motocorp,-0.7129156010230231,63.95000000000027,-1.4579664620119706,4.5982796,0.14776
2016-12-20,3135.0,3135.0,3040.2,3057.15,3060.72227649608,39921,2536,122187094.0,27881.0,69.84,94.8,-77.85,Hero Motocorp,-1.5632546607849962,94.80000000000018,-2.4832535885167437,12.2187094,0.39921
2016-12-21,3068.0,3101.0,3021.05,3026.65,3056.86555652936,17115,2109,52318254.0,5472.0,31.97,79.95,-41.35,Hero Motocorp,-0.9976612204177115,79.94999999999982,-1.3477835723598406,5.2318254,0.17115
2016-12-22,3022.0,3040.0,2983.8,3000.5,3005.0250790305586,14235,1514,42776532.0,4324.0,30.38,56.2,-21.5,Hero Motocorp,-0.8639915418036437,56.19999999999982,-0.7114493712772998,4.2776532,0.14235
2016-12-23,3008.0,3050.0,2992.15,3036.0,3022.128564749883,8556,898,25857332.0,2027.0,23.69,57.85,28.0,Hero Motocorp,1.1831361439760046,57.84999999999991,0.9308510638297872,2.5857332,0.08556
2016-12-26,3040.1,3045.85,2976.5,3004.4,2998.306242762396,9499,932,28480911.0,3106.0,32.7,69.35,-35.7,Hero Motocorp,-1.0408432147562596,69.34999999999991,-1.174303476859308,2.8480911,0.09499
2016-12-27,2981.0,3046.35,2957.0,3034.0,2993.3546399406086,13470,1561,40320487.0,2194.0,16.29,89.35,53.0,Hero Motocorp,0.9852216748768461,89.34999999999991,1.7779268701777928,4.0320487,0.1347
2016-12-28,3035.0,3050.0,3000.0,3004.8,3023.5390746500775,10288,1459,31106170.0,3138.0,30.5,50.0,-30.2,Hero Motocorp,-0.9624258404746122,50.0,-0.9950576606260237,3.110617,0.10288
2016-12-29,3032.95,3050.0,2975.0,3032.3,3016.467072203121,18905,1697,57026310.0,6275.0,33.19,75.0,-0.65,Hero Motocorp,0.9152023429179978,75.0,-0.0214312797771027,5.702631,0.18905
2016-12-30,3045.0,3061.5,3028.0,3044.75,3046.8315466219988,17910,1513,54568753.0,6286.0,35.1,33.5,-0.25,Hero Motocorp,0.410579428156832,33.5,-0.008210180623973728,5.4568753,0.1791
2017-01-02,3045.0,3068.1,2991.5,3028.7,3018.372486288848,19692,2200,59437791.0,5539.0,28.13,76.6,-16.3,Hero Motocorp,-0.527136874948686,76.59999999999991,-0.535303776683093,5.9437791,0.19692
2017-01-03,2972.7,3018.45,2966.0,2987.35,2995.536390322907,19758,1989,59185808.0,5826.0,29.49,52.45,14.65,Hero Motocorp,-1.3652722290091401,52.44999999999982,0.49281797692333873,5.9185808,0.19758
2017-01-04,3012.0,3025.95,2976.05,3014.25,2998.4089376932966,28777,3234,86285214.0,5841.0,20.3,49.9,2.25,Hero Motocorp,0.9004636216044304,49.899999999999636,0.07470119521912351,8.6285214,0.28777
2017-01-05,3020.0,3081.5,3015.25,3072.3,3058.3842028767604,39906,3317,122047880.0,14783.0,37.04,66.25,52.3,Hero Motocorp,1.9258522020403124,66.25,1.7317880794702047,12.204788,0.39906
2017-01-06,3085.0,3118.25,3055.95,3068.6,3082.6249686260726,19921,2494,61408972.0,4492.0,22.55,62.3,-16.4,Hero Motocorp,-0.1204309474986287,62.30000000000018,-0.5316045380875232,6.1408972,0.19921
2017-01-09,3100.0,3108.0,3029.3,3035.9,3067.2984099324763,13773,1713,42245901.0,3282.0,23.83,78.7,-64.1,Hero Motocorp,-1.0656325360098973,78.69999999999982,-2.067741935483868,4.2245901,0.13773
2017-01-10,3040.1,3073.45,3020.1,3062.95,3047.943180827887,11475,1788,34975148.0,2340.0,20.39,53.35,22.85,Hero Motocorp,0.8910043150301306,53.34999999999991,0.7516200124995859,3.4975148,0.11475
2017-01-11,3070.0,3092.05,3040.0,3087.0,3068.106050995814,15766,2059,48371760.0,4960.0,31.46,52.05,17.0,Hero Motocorp,0.7851907474820008,52.05000000000018,0.5537459283387622,4.837176,0.15766
2017-01-12,3114.7,3114.7,3065.0,3079.65,3084.479652491998,30618,2818,94440598.0,17839.0,58.26,49.7,-35.05,Hero Motocorp,-0.23809523809523725,49.69999999999982,-1.1253090185250498,9.4440598,0.30618
2017-01-13,3084.9,3092.7,3021.95,3044.65,3046.8422993945296,14369,2116,43780077.0,4274.0,29.74,70.75,-40.25,Hero Motocorp,-1.136492783270826,70.75,-1.304742455184933,4.3780077,0.14369
2017-01-16,3051.0,3100.0,3029.0,3091.4,3069.2192495921695,9195,1341,28221471.0,2962.0,32.21,71.0,40.4,Hero Motocorp,1.535480268667988,71.0,1.3241560144215043,2.8221471,0.09195
2017-01-17,3110.0,3155.0,3074.4,3131.65,3117.9322179974647,19725,1697,61501213.0,7117.0,36.08,80.6,21.65,Hero Motocorp,1.3019990942614967,80.59999999999991,0.6961414790996814,6.1501213,0.19725
2017-01-18,3141.0,3159.0,3077.0,3088.85,3112.218345456787,40555,3051,126216015.0,13840.0,34.13,82.0,-52.15,Hero Motocorp,-1.366691680104748,82.0,-1.6602992677491275,12.6216015,0.40555
2017-01-19,3104.0,3117.7,3068.0,3107.9,3092.6486575198583,15233,1660,47110317.0,3566.0,23.41,49.7,3.9,Hero Motocorp,0.6167343833465511,49.69999999999982,0.12564432989691016,4.7110317,0.15233
2017-01-20,3105.05,3120.0,3050.55,3056.6,3080.609873403726,18089,1560,55725152.0,6451.0,35.66,69.45,-48.45,Hero Motocorp,-1.6506322597252265,69.44999999999982,-1.5603613468382238,5.5725152,0.18089
2017-01-23,3058.0,3108.9,3044.7,3099.55,3056.3918662040865,117313,1719,358554499.0,103338.0,88.09,64.2,41.55,Hero Motocorp,1.4051560557482246,64.20000000000027,1.3587311968606992,35.8554499,1.17313
2017-01-24,3112.0,3141.45,3087.05,3133.25,3121.9745998798276,18307,1972,57153989.0,9010.0,49.22,54.4,21.25,Hero Motocorp,1.0872546014744078,54.399999999999636,0.6828406169665809,5.7153989,0.18307
2017-01-25,3140.0,3265.0,3124.85,3240.35,3190.1160701525146,48979,4971,156248695.0,19349.0,39.5,140.15,100.35,Hero Motocorp,3.4181760153195517,140.1500000000001,3.1958598726114618,15.6248695,0.48979
2017-01-27,3235.0,3263.0,3201.05,3216.3,3224.738621597171,121590,2102,392095969.0,102844.0,84.58,61.95,-18.7,Hero Motocorp,-0.742203774283634,61.94999999999982,-0.5780525502318337,39.2095969,1.2159
2017-01-30,3216.3,3216.3,3160.15,3196.85,3188.085465763123,19774,1693,63041202.0,4562.0,23.07,56.15,-19.45,Hero Motocorp,-0.6047321456331911,56.15000000000009,-0.6047321456331894,6.3041202,0.19774
2017-01-31,3210.0,3220.0,3153.75,3179.25,3183.975499881451,12653,1497,40286842.0,1862.0,14.72,66.25,-30.75,Hero Motocorp,-0.5505419397219158,66.25,-0.9579439252336449,4.0286842,0.12653
2017-02-01,3194.0,3300.0,3170.05,3284.1,3238.8996068315614,48071,3559,155697143.0,13200.0,27.46,129.95,90.1,Hero Motocorp,3.297947629157827,129.94999999999982,2.8209142141515313,15.5697143,0.48071
2017-02-02,3269.8,3291.55,3217.5,3226.0,3245.775740586408,39597,3541,128522982.0,10402.0,26.27,74.05,-43.8,Hero Motocorp,-1.7691300508510643,74.05000000000018,-1.339531469814673,12.8522982,0.39597
2017-02-03,3227.0,3229.0,3202.0,3215.7,3215.616209686276,27317,4310,87840988.0,12220.0,44.73,27.0,-11.3,Hero Motocorp,-0.3192808431494165,27.0,-0.35017043693833844,8.7840988,0.27317
2017-02-06,3264.0,3284.5,3249.0,3262.8,3266.0872287503216,23318,2924,76158622.0,10276.0,44.07,35.5,-1.2,Hero Motocorp,1.464688870230435,35.5,-0.03676470588234737,7.6158622,0.23318
2017-02-07,3270.0,3270.05,3227.5,3258.75,3249.347761928185,10165,1107,33029620.0,3684.0,36.24,42.55,-11.25,Hero Motocorp,-0.12412651710188571,42.55000000000018,-0.34403669724770647,3.302962,0.10165
2017-02-08,3269.0,3282.25,3210.0,3223.8,3243.4942560092145,32991,3639,107006119.0,7228.0,21.91,72.25,-45.2,Hero Motocorp,-1.072497123130034,72.25,-1.3826858366472872,10.7006119,0.32991
2017-02-09,3273.0,3312.0,3228.0,3264.3,3263.3337228389396,35943,2877,117294004.0,12564.0,34.96,84.0,-8.7,Hero Motocorp,1.2562814070351758,84.0,-0.265811182401461,11.7294004,0.35943
2017-02-10,3265.0,3279.0,3244.0,3266.45,3265.6409200968524,12390,1194,40461291.0,3841.0,31.0,35.0,1.45,Hero Motocorp,0.06586404435866555,35.0,0.04441041347625783,4.0461291,0.1239
2017-02-13,3266.45,3272.55,3211.7,3226.4,3238.260537181636,24461,2600,79211091.0,11633.0,47.56,60.85,-40.05,Hero Motocorp,-1.2261017312372724,60.850000000000364,-1.2261017312372677,7.9211091,0.24461
2017-02-14,3233.85,3233.9,3146.5,3161.15,3166.119872560733,22599,2064,71551143.0,7710.0,34.12,87.4,-72.7,Hero Motocorp,-2.022377882469628,87.40000000000009,-2.248094376671763,7.1551143,0.22599
2017-02-15,3161.15,3165.0,3089.1,3098.4,3118.2463671029577,19406,2898,60512689.0,7208.0,37.14,75.9,-62.75,Hero Motocorp,-1.9850370909320958,75.90000000000009,-1.9850370909320976,6.0512689,0.19406
2017-02-16,3110.0,3158.0,3054.0,3126.1,3105.136524453694,19220,2375,59680724.0,3324.0,17.29,104.0,16.1,Hero Motocorp,0.894009811515617,104.0,0.5176848874598041,5.9680724,0.1922
2017-02-17,3126.1,3133.0,3074.0,3085.65,3093.7712510590227,17705,2441,54775220.0,5531.0,31.24,59.0,-40.45,Hero Motocorp,-1.2939445315248932,59.0,-1.2939445315248976,5.477522,0.17705
2017-02-20,3086.1,3122.45,3081.0,3103.0,3103.9899085037678,14864,1363,46137706.0,4066.0,27.35,41.45,16.9,Hero Motocorp,0.5622802326900267,41.44999999999982,0.5476167330935515,4.6137706,0.14864
2017-02-21,3107.35,3139.0,3090.5,3128.5,3108.464490039029,63799,1972,198316926.0,19588.0,30.7,48.5,21.15,Hero Motocorp,0.8217853689977517,48.5,0.6806442788871576,19.8316926,0.63799
2017-02-22,3118.05,3173.95,3111.85,3164.8,3136.805413170525,30629,4734,96077213.0,17579.0,57.39,62.1,46.75,Hero Motocorp,1.160300463480901,62.09999999999991,1.4993345199724184,9.6077213,0.30629
2017-02-23,3150.0,3199.0,3149.55,3177.2,3177.9468941555324,35401,3283,112502498.0,15752.0,44.5,49.45,27.2,Hero Motocorp,0.3918099089989857,49.44999999999982,0.8634920634920576,11.2502498,0.35401
2017-02-27,3218.0,3218.0,3155.9,3168.35,3181.2036568537255,17392,1759,55327494.0,4742.0,27.27,62.1,-49.65,Hero Motocorp,-0.2785471484325841,62.09999999999991,-1.5428837787445646,5.5327494,0.17392
2017-02-28,3172.1,3177.95,3129.95,3135.0,3147.0273740386124,63710,1528,200497114.0,4185.0,6.57,48.0,-37.1,Hero Motocorp,-1.0525983556109564,48.0,-1.1695722076857575,20.0497114,0.6371
2017-03-01,3149.05,3196.0,3149.05,3184.0,3182.4498578302714,18288,1935,58200643.0,4599.0,25.15,46.95,34.95,Hero Motocorp,1.5629984051036772,46.94999999999982,1.1098585287626368,5.8200643,0.18288
2017-03-02,3203.0,3260.5,3191.05,3227.55,3238.858833715818,118959,2472,385291408.0,95394.0,80.19,69.45,24.55,Hero Motocorp,1.3677763819095468,69.44999999999982,0.7664689353730934,38.5291408,1.18959
2017-03-03,3223.95,3289.95,3209.4,3270.55,3242.902694136292,12620,1420,40925432.0,3414.0,27.05,80.55,46.6,Hero Motocorp,1.3322799027125853,80.54999999999973,1.4454318460274003,4.0925432,0.1262
2017-03-06,3275.95,3332.0,3274.6,3320.85,3305.1776412518375,19044,3618,62943803.0,7952.0,41.76,57.4,44.9,Hero Motocorp,1.537967620125058,57.40000000000009,1.3705947892977637,6.2943803,0.19044
2017-03-07,3315.0,3320.0,3281.65,3299.4,3304.8607068607066,8177,1022,27023846.0,1931.0,23.62,38.35,-15.6,Hero Motocorp,-0.6459189665296461,38.34999999999991,-0.4705882352941149,2.7023846,0.08177
2017-03-08,3331.0,3331.0,3258.5,3270.9,3281.91210996898,16441,2094,53957917.0,4222.0,25.68,72.5,-60.1,Hero Motocorp,-0.8637934169849038,72.5,-1.8042629840888595,5.3957917,0.16441
2017-03-09,3285.0,3297.85,3259.95,3273.7,3275.1759642364577,21027,1845,68867125.0,10916.0,51.91,37.9,-11.3,Hero Motocorp,0.08560335075971093,37.90000000000009,-0.34398782343988377,6.8867125,0.21027
2017-03-10,3302.9,3326.95,3290.1,3311.6,3307.9078414166406,101423,1395,335497937.0,92806.0,91.5,36.85,8.7,Hero Motocorp,1.1577114579833347,36.84999999999991,0.26340488661478756,33.5497937,1.01423
2017-03-14,3351.0,3379.8,3348.0,3357.5,3360.375280599663,533233,4170,1791862992.0,509083.0,95.47,31.8,6.5,Hero Motocorp,1.386036960985626,31.800000000000182,0.1939719486720382,179.1862992,5.33233
2017-03-15,3351.1,3406.0,3340.75,3399.25,3368.6297583946566,562322,2961,1894254623.0,544361.0,96.81,65.25,48.15,Hero Motocorp,1.2434847356664225,65.25,1.4368416340903014,189.4254623,5.62322
2017-03-16,3367.0,3387.35,3341.1,3348.8,3362.5701172077584,19282,2269,64837077.0,6691.0,34.7,46.25,-18.2,Hero Motocorp,-1.4841509156431565,46.25,-0.5405405405405351,6.4837077,0.19282
2017-03-17,3350.2,3374.8,3336.75,3345.25,3358.8231564572766,10252,1303,34434655.0,2787.0,27.18,38.05,-4.95,Hero Motocorp,-0.10600812231247314,38.05000000000018,-0.14775237299265173,3.4434655,0.10252
2017-03-20,3351.7,3366.9,3325.0,3337.65,3340.733233793704,8037,873,26849473.0,4439.0,55.23,41.9,-14.05,Hero Motocorp,-0.22718780360212465,41.90000000000009,-0.4191902616582549,2.6849473,0.08037
2017-03-21,3341.05,3358.15,3330.0,3342.8,3341.513221153846,6656,733,22241112.0,1581.0,23.75,28.15,1.75,Hero Motocorp,0.15430018126525447,28.15000000000009,0.05237874320947008,2.2241112,0.06656
2017-03-22,3325.0,3338.8,3301.0,3310.55,3316.9427963449743,15978,1437,52998112.0,7464.0,46.71,37.8,-14.45,Hero Motocorp,-0.9647600813689095,37.80000000000018,-0.4345864661654081,5.2998112,0.15978
2017-03-23,3333.35,3378.0,3328.05,3366.55,3360.027743995135,13156,2084,44204525.0,4863.0,36.96,49.95,33.2,Hero Motocorp,1.6915618250743725,49.94999999999982,0.9959950200249081,4.4204525,0.13156
2017-03-24,3356.1,3385.0,3344.55,3376.6,3371.66462769086,17002,1853,57325042.0,8347.0,49.09,40.45,20.5,Hero Motocorp,0.29852519641768716,40.44999999999982,0.6108280444563631,5.7325042,0.17002
2017-03-27,3375.0,3397.0,3311.6,3340.25,3342.895255671588,22216,2280,74265761.0,5902.0,26.57,85.4,-34.75,Hero Motocorp,-1.0765266836462728,85.40000000000009,-1.0296296296296297,7.4265761,0.22216
2017-03-28,3344.0,3356.9,3312.0,3328.05,3330.396111250944,15892,1991,52926655.0,5578.0,35.1,44.9,-15.95,Hero Motocorp,-0.3652421225956104,44.90000000000009,-0.4769736842105209,5.2926655,0.15892
2017-03-29,3328.05,3336.4,3180.0,3223.25,3284.8637968234766,171949,6884,564829045.0,103495.0,60.19,156.4,-104.8,Hero Motocorp,-3.1489911509743007,156.4000000000001,-3.1489911509742994,56.4829045,1.71949
2017-03-30,3210.0,3265.0,3202.65,3231.5,3243.485743865245,35739,3007,115918937.0,10331.0,28.91,62.35,21.5,Hero Motocorp,0.2559528426277824,62.34999999999991,0.6697819314641745,11.5918937,0.35739
2017-03-31,3206.05,3232.05,3200.0,3223.85,3215.352720918622,48072,2312,154568436.0,8618.0,17.93,32.05,17.8,Hero Motocorp,-0.2367321677239742,32.05000000000018,0.5552003243866979,15.4568436,0.48072
2017-04-03,3250.0,3263.95,3195.2,3204.7,3223.88035514715,16106,1298,51923817.0,3909.0,24.27,68.75,-45.3,Hero Motocorp,-0.5940102672270742,68.75,-1.3938461538461593,5.1923817,0.16106
2017-04-05,3205.0,3226.5,3191.0,3196.35,3203.3268283067214,15219,1580,48751431.0,5776.0,37.95,35.5,-8.65,Hero Motocorp,-0.26055481012262627,35.5,-0.2698907956318281,4.8751431,0.15219
2017-04-06,3190.0,3219.75,3180.0,3205.35,3201.821741370428,17469,1956,55932624.0,5245.0,30.02,39.75,15.35,Hero Motocorp,0.2815711671124932,39.75,0.48119122257053004,5.5932624,0.17469
2017-04-07,3207.9,3235.0,3200.0,3216.6,3218.728142076503,16836,1952,54190507.0,7619.0,45.25,35.0,8.7,Hero Motocorp,0.3509757124807056,35.0,0.2712054615168745,5.4190507,0.16836
2017-04-10,3214.0,3226.95,3187.2,3199.45,3201.8952488687783,8840,1025,28304754.0,3226.0,36.49,39.75,-14.55,Hero Motocorp,-0.5331716719517487,39.75,-0.4527069072806528,2.8304754,0.0884
2017-04-11,3200.05,3224.25,3186.7,3201.35,3206.1110688474705,13145,2267,42144330.0,7100.0,54.01,37.55,1.3,Hero Motocorp,0.05938520683241855,37.55000000000018,0.040624365244284526,4.214433,0.13145
2017-04-12,3210.95,3233.5,3200.6,3226.15,3221.2439335887607,10962,931,35311276.0,3591.0,32.76,32.9,15.2,Hero Motocorp,0.7746731847501964,32.90000000000009,0.4733801522913864,3.5311276,0.10962
2017-04-13,3221.4,3245.5,3212.0,3224.9,3227.6311111111113,9000,1045,29048680.0,2591.0,28.79,33.5,3.5,Hero Motocorp,-0.0387458735644608,33.5,0.10864841373315949,2.904868,0.09
2017-04-17,3210.0,3245.0,3210.0,3229.95,3232.5599802737024,16222,3016,52438588.0,6144.0,37.87,35.0,19.95,Hero Motocorp,0.15659400291481163,35.0,0.6214953271027981,5.2438588,0.16222
2017-04-18,3242.15,3258.9,3218.2,3223.95,3243.3031674208146,11934,1557,38705580.0,5534.0,46.37,40.7,-18.2,Hero Motocorp,-0.18576138949519816,40.70000000000027,-0.5613558903813911,3.870558,0.11934
2017-04-19,3243.6,3243.6,3185.0,3204.6,3210.668563776364,11948,853,38361068.0,6454.0,54.02,58.6,-39.0,Hero Motocorp,-0.6001954124598696,58.59999999999991,-1.2023677395486496,3.8361068,0.11948
2017-04-20,3202.7,3215.0,3182.7,3201.25,3199.2516083916084,7150,863,22874649.0,2034.0,28.45,32.3,-1.45,Hero Motocorp,-0.1045372277351242,32.30000000000018,-0.04527429980953002,2.2874649,0.0715
2017-04-21,3212.45,3218.0,3191.5,3204.9,3204.630682831164,11218,1144,35949547.0,4040.0,36.01,26.5,-7.55,Hero Motocorp,0.11401796173369227,26.5,-0.23502311320019698,3.5949547,0.11218
2017-04-24,3204.9,3218.85,3190.0,3204.55,3204.6054346972437,12733,1043,40804241.0,4917.0,38.62,28.85,-0.35,Hero Motocorp,-0.010920777559364492,28.84999999999991,-0.010920777559359388,4.0804241,0.12733
2017-04-25,3204.55,3315.0,3203.25,3305.7,3271.765770252324,24096,2321,78836468.0,7142.0,29.64,111.75,101.15,Hero Motocorp,3.156449423475993,111.75,3.1564494234759835,7.8836468,0.24096
2017-04-26,3310.0,3324.0,3270.05,3309.7,3293.446259351621,40100,2158,132067195.0,24443.0,60.96,53.95,-0.3,Hero Motocorp,0.1210031158302316,53.94999999999982,-0.009063444108766824,13.2067195,0.401
2017-04-27,3315.25,3360.05,3275.0,3297.15,3329.1812288613305,14192,1540,47247740.0,3100.0,21.84,85.05,-18.1,Hero Motocorp,-0.3791884460827233,85.05000000000018,-0.5459618429982629,4.724774,0.14192
2017-04-28,3350.0,3350.0,3290.0,3310.7,3313.2747197167664,11863,894,39305378.0,2670.0,22.51,60.0,-39.3,Hero Motocorp,0.41096098145367854,60.0,-1.1731343283582143,3.9305378,0.11863
2017-05-02,3315.65,3382.0,3303.55,3351.0,3350.71305130513,16665,1721,55839633.0,4682.0,28.09,78.45,35.35,Hero Motocorp,1.217265230917941,78.44999999999982,1.066155957353759,5.5839633,0.16665
2017-05-03,3374.45,3381.0,3351.95,3368.15,3368.040590405904,10027,849,33771343.0,1935.0,19.3,29.05,-6.3,Hero Motocorp,0.5117875261116067,29.050000000000182,-0.1866970913778461,3.3771343,0.10027
2017-05-04,3376.35,3410.0,3357.8,3394.1,3385.2841777777776,11250,1323,38084447.0,4206.0,37.39,52.2,17.75,Hero Motocorp,0.770452622359441,52.19999999999982,0.525715639670058,3.8084447,0.1125
2017-05-05,3376.55,3411.75,3341.0,3362.6,3382.524236983842,13925,1397,47101650.0,2947.0,21.16,70.75,-13.95,Hero Motocorp,-0.9280810818773744,70.75,-0.4131435933127089,4.710165,0.13925
2017-05-08,3383.0,3409.9,3370.0,3393.85,3393.9323294629894,5512,555,18707355.0,1738.0,31.53,39.9,10.85,Hero Motocorp,0.929340391363831,39.90000000000009,0.3207212533254481,1.8707355,0.05512
2017-05-09,3409.95,3435.85,3280.0,3289.8,3332.78967609606,23402,2210,77993944.0,7694.0,32.88,155.85,-120.15,Hero Motocorp,-3.0658396805987254,155.8499999999999,-3.5235120749571003,7.7993944,0.23402
2017-05-10,3288.0,3340.0,3271.9,3322.4,3304.4214598540143,34250,4213,113176435.0,8645.0,25.24,68.1,34.4,Hero Motocorp,0.9909416985834918,68.09999999999991,1.04622871046229,11.3176435,0.3425
2017-05-11,3360.0,3482.6,3295.5,3463.8,3408.937193079988,75549,6079,257541796.0,18378.0,24.33,187.1,103.8,Hero Motocorp,4.255959547315191,187.0999999999999,3.0892857142857197,25.7541796,0.75549
2017-05-12,3465.0,3554.8,3462.15,3536.95,3513.3295225539127,53095,3921,186540231.0,10667.0,20.09,92.65,71.95,Hero Motocorp,2.1118424851319206,92.65000000000009,2.076479076479071,18.6540231,0.53095
2017-05-15,3545.0,3556.95,3501.0,3517.3,3523.287968621728,10963,1243,38625806.0,2635.0,24.04,55.95,-27.7,Hero Motocorp,-0.5555634091519379,55.94999999999982,-0.7813822284908271,3.8625806,0.10963
2017-05-16,3525.0,3631.5,3493.05,3619.0,3572.5652997364955,24288,2198,86770466.0,6372.0,26.24,138.45,94.0,Hero Motocorp,2.891422397861998,138.44999999999982,2.666666666666667,8.6770466,0.24288
2017-05-17,3604.0,3680.7,3595.45,3642.75,3651.0225011353778,24221,2274,88431416.0,6523.0,26.93,85.25,38.75,Hero Motocorp,0.6562586349820432,85.25,1.0751942286348501,8.8431416,0.24221
2017-05-18,3535.35,3640.0,3535.35,3596.1,3603.005628717077,9416,1237,33925901.0,2463.0,26.16,104.65,60.75,Hero Motocorp,-1.2806259007617893,104.65000000000009,1.7183588612160041,3.3925901,0.09416
2017-05-19,3590.0,3654.0,3539.15,3572.95,3597.862150662412,20682,1902,74410985.0,5911.0,28.58,114.85,-17.05,Hero Motocorp,-0.6437529545896936,114.84999999999991,-0.4749303621169967,7.4410985,0.20682
2017-05-22,3590.0,3640.25,3552.2,3564.5,3587.5082158645423,11989,1333,43010636.0,2034.0,16.97,88.05,-25.5,Hero Motocorp,-0.23649925131893346,88.05000000000018,-0.7103064066852367,4.3010636,0.11989
2017-05-23,3590.0,3618.95,3563.65,3585.45,3583.58600119308,10058,1334,36043708.0,1731.0,17.21,55.3,-4.55,Hero Motocorp,0.5877402160190615,55.29999999999973,-0.126740947075214,3.6043708,0.10058
2017-05-24,3585.0,3604.9,3528.05,3562.8,3566.7458779884582,9704,1248,34611702.0,1941.0,20.0,76.85,-22.2,Hero Motocorp,-0.6317198677990077,76.84999999999991,-0.6192468619246811,3.4611702,0.09704
2017-05-25,3570.0,3635.0,3529.65,3615.75,3592.9573844914694,13657,1382,49069019.0,3878.0,28.4,105.35,45.75,Hero Motocorp,1.4861906365779776,105.34999999999991,1.2815126050420167,4.9069019,0.13657
2017-05-26,3625.0,3659.0,3606.55,3616.1,3637.643996834393,235026,1158,854940918.0,225991.0,96.16,52.45,-8.9,Hero Motocorp,0.009679872778822762,52.44999999999982,-0.24551724137931286,85.4940918,2.35026
2017-05-29,3617.0,3676.0,3595.05,3667.5,3641.8011645290735,12709,1232,46283651.0,2276.0,17.91,80.95,50.5,Hero Motocorp,1.4214208677857387,80.94999999999982,1.3961846834393143,4.6283651,0.12709
2017-05-30,3674.0,3752.0,3663.6,3739.5,3710.5409859056167,28522,2648,105832050.0,8101.0,28.4,88.4,65.5,Hero Motocorp,1.9631901840490906,88.40000000000009,1.7827980402830703,10.583205,0.28522
2017-05-31,3725.0,3760.0,3720.55,3742.8,3741.613336456625,12807,1455,47918842.0,1914.0,14.94,39.45,17.8,Hero Motocorp,0.08824709185719648,39.44999999999982,0.47785234899329354,4.7918842,0.12807
2017-06-01,3741.0,3813.1,3716.0,3734.55,3769.873431241656,18725,1896,70590880.0,2187.0,11.68,97.1,-6.45,Hero Motocorp,-0.2204232125681327,97.09999999999991,-0.1724137931034434,7.059088,0.18725
2017-06-02,3780.0,3850.0,3764.05,3841.75,3822.587209100683,28833,2959,110216657.0,4132.0,14.33,85.95,61.75,Hero Motocorp,2.8704930982313748,85.94999999999982,1.6335978835978835,11.0216657,0.28833
2017-06-05,3874.0,3880.25,3811.6,3826.7,3845.1718360071295,25245,1904,97071363.0,5845.0,23.15,68.65,-47.3,Hero Motocorp,-0.39174855209215265,68.65000000000009,-1.22096024780589,9.7071363,0.25245
2017-06-06,3834.9,3838.0,3791.3,3815.8,3810.427351766272,12767,1180,48647726.0,3126.0,24.48,46.7,-19.1,Hero Motocorp,-0.28484072438392793,46.69999999999982,-0.4980573157057526,4.8647726,0.12767
2017-06-07,3815.8,3856.0,3805.0,3844.05,3843.9081990189206,12843,1893,49367313.0,4034.0,31.41,51.0,28.25,Hero Motocorp,0.7403427852612721,51.0,0.740342785261282,4.9367313,0.12843
2017-06-08,3841.5,3855.0,3773.2,3784.55,3803.51119110972,12778,2201,48601266.0,3416.0,26.73,81.8,-56.95,Hero Motocorp,-1.5478466721296602,81.80000000000018,-1.4824938175191935,4.8601266,0.12778
2017-06-09,3800.0,3800.95,3756.7,3779.35,3781.210479131388,10039,972,37959572.0,2311.0,23.02,44.25,-20.65,Hero Motocorp,-0.13740074777714995,44.25,-0.5434210526315814,3.7959572,0.10039
2017-06-12,3791.9,3791.9,3760.1,3774.65,3776.357475954532,6862,749,25913365.0,2059.0,30.01,31.8,-17.25,Hero Motocorp,-0.12436000899624933,31.800000000000182,-0.4549170600490519,2.5913365,0.06862
2017-06-13,3770.0,3787.5,3744.55,3752.55,3763.2464758650153,4682,601,17619520.0,1425.0,30.44,42.95,-17.45,Hero Motocorp,-0.585484746930176,42.94999999999982,-0.4628647214854063,1.761952,0.04682
2017-06-14,3752.6,3806.0,3752.6,3786.65,3791.3254025161327,30682,1433,116325446.0,18193.0,59.3,53.4,34.05,Hero Motocorp,0.9087154068566639,53.40000000000009,0.9073708895166068,11.6325446,0.30682
2017-06-15,3792.6,3819.0,3759.6,3779.35,3785.761056863871,6964,782,26364040.0,1580.0,22.69,59.4,-13.25,Hero Motocorp,-0.19278253865554484,59.40000000000009,-0.34936455202235933,2.636404,0.06964
2017-06-16,3780.0,3792.85,3760.0,3778.4,3778.6052601222746,8669,761,32756729.0,3358.0,38.74,32.85,-1.6,Hero Motocorp,-0.025136597563069074,32.84999999999991,-0.042328042328039925,3.2756729,0.08669
2017-06-19,3800.0,3836.0,3796.9,3826.05,3822.667865834303,9451,1027,36128034.0,3870.0,40.95,39.1,26.05,Hero Motocorp,1.2611158162185054,39.09999999999991,0.6855263157894784,3.6128034,0.09451
2017-06-20,3830.0,3842.9,3786.85,3801.2,3807.887007192935,10983,949,41822023.0,4660.0,42.43,56.05,-28.8,Hero Motocorp,-0.6494949098940217,56.05000000000018,-0.7519582245430857,4.1822023,0.10983
2017-06-21,3801.2,3807.2,3760.05,3768.65,3773.3285382156346,6882,606,25968047.0,2957.0,42.97,47.15,-32.55,Hero Motocorp,-0.8563085341470988,47.149999999999636,-0.8563085341471042,2.5968047,0.06882
2017-06-22,3770.0,3795.5,3720.0,3733.15,3750.3238804774487,12483,1016,46815293.0,4980.0,39.89,75.5,-36.85,Hero Motocorp,-0.9419818767993804,75.5,-0.9774535809018544,4.6815293,0.12483
2017-06-23,3735.0,3736.0,3653.0,3660.3,3679.94666254908,22667,1193,83413351.0,14850.0,65.51,83.0,-74.7,Hero Motocorp,-1.9514351151172615,83.0,-1.9999999999999951,8.3413351,0.22667
2017-06-27,3670.7,3708.8,3636.55,3695.95,3666.753732918272,37906,982,138991967.0,30598.0,80.72,72.25,25.25,Hero Motocorp,0.9739638827418462,72.25,0.6878796959707958,13.8991967,0.37906
2017-06-28,3673.2,3723.5,3668.5,3687.85,3691.028782287823,42005,830,155041664.0,34733.0,82.69,55.0,14.65,Hero Motocorp,-0.21915880896656859,55.0,0.39883480344114375,15.5041664,0.42005
2017-06-29,3737.0,3737.0,3685.0,3719.15,3708.3733091388976,12124,1144,44960318.0,2590.0,21.36,52.0,-17.85,Hero Motocorp,0.8487330016134109,52.0,-0.47765587369547524,4.4960318,0.12124
2017-06-30,3690.0,3710.85,3666.0,3696.7,3687.918106686702,9317,985,34360333.0,1596.0,17.13,44.85,6.7,Hero Motocorp,-0.6036325504483631,44.84999999999991,0.18157181571815226,3.4360333,0.09317
2017-07-03,3695.0,3788.55,3677.4,3777.0,3736.0627550796503,22787,2419,85133662.0,3767.0,16.53,111.15,82.0,Hero Motocorp,2.1722076446560434,111.15000000000009,2.219215155615697,8.5133662,0.22787
2017-07-04,3800.0,3800.0,3685.0,3699.95,3697.4135655659807,2099389,13070,7762309368.0,1581695.0,75.34,115.0,-100.05,Hero Motocorp,-2.039978819168653,115.0,-2.6328947368421103,776.2309368,20.99389
2017-07-05,3705.0,3717.0,3697.6,3707.05,3709.375094584369,9251,698,34315429.0,2635.0,28.48,19.4,2.05,Hero Motocorp,0.19189448506062856,19.40000000000009,0.05533063427800761,3.4315429,0.09251
2017-07-06,3707.05,3745.0,3707.05,3721.4,3731.3903490759753,9740,777,36343742.0,3282.0,33.7,37.95,14.35,Hero Motocorp,0.38710025491968114,37.94999999999982,0.3871002549196776,3.6343742,0.0974
2017-07-07,3723.9,3723.9,3675.0,3682.5,3691.285268553599,8974,1289,33125594.0,2889.0,32.19,48.9,-41.4,Hero Motocorp,-1.045305530176821,48.90000000000009,-1.111737694352697,3.3125594,0.08974
2017-07-10,3694.0,3743.0,3680.55,3732.75,3721.9977803371376,47755,7024,177744004.0,25236.0,52.84,62.45,38.75,Hero Motocorp,1.364562118126278,62.44999999999982,1.0489983757444503,17.7744004,0.47755
2017-07-11,3700.0,3755.55,3700.0,3750.1,3749.639130434783,11040,977,41396016.0,5364.0,48.59,55.55,50.1,Hero Motocorp,0.46480476860224496,55.55000000000018,1.3540540540540515,4.1396016,0.1104
2017-07-12,3711.0,3777.35,3711.0,3731.95,3739.4245055889937,11630,1114,43489507.0,3822.0,32.86,66.35,20.95,Hero Motocorp,-0.48398709367750703,66.34999999999991,0.5645378604149776,4.3489507,0.1163
2017-07-13,3740.0,3767.3,3725.0,3749.7,3758.056981595092,20375,682,76570411.0,13956.0,68.5,42.3,9.7,Hero Motocorp,0.47562266375487106,42.30000000000018,0.25935828877004863,7.6570411,0.20375
2017-07-14,3760.0,3792.0,3733.8,3753.2,3762.5633458646616,15960,930,60050511.0,7672.0,48.07,58.2,-6.8,Hero Motocorp,0.0933408005973746,58.19999999999982,-0.18085106382979207,6.0050511,0.1596
2017-07-17,3767.5,3785.25,3742.5,3763.75,3765.484313516962,9403,662,35406849.0,3597.0,38.25,42.75,-3.75,Hero Motocorp,0.2810934669082332,42.75,-0.09953550099535502,3.5406849,0.09403
2017-07-18,3735.95,3807.3,3712.1,3785.5,3786.2020835253993,10847,879,41068934.0,3329.0,30.69,95.2,49.55,Hero Motocorp,0.5778811026237118,95.20000000000027,1.3263025468756324,4.1068934,0.10847
2017-07-19,3787.3,3795.0,3756.0,3766.2,3774.6968084367313,71971,1109,271668704.0,64145.0,89.13,39.0,-21.1,Hero Motocorp,-0.5098401796328145,39.0,-0.5571251287196779,27.1668704,0.71971
2017-07-20,3775.3,3786.3,3721.55,3729.55,3736.618602362205,8128,1652,30371236.0,2596.0,31.94,64.75,-45.75,Hero Motocorp,-0.973129414263707,64.75,-1.2118242258893333,3.0371236,0.08128
2017-07-21,3732.8,3737.0,3672.0,3679.65,3696.444235385713,15413,2377,56973295.0,5876.0,38.12,65.0,-53.15,Hero Motocorp,-1.3379630250298313,65.0,-1.423864123446209,5.6973295,0.15413
2017-07-24,3728.0,3728.0,3686.05,3691.15,3700.599371254544,10179,1127,37668401.0,5024.0,49.36,41.95,-36.85,Hero Motocorp,0.31252972429443027,41.94999999999982,-0.9884656652360491,3.7668401,0.10179
2017-07-25,3715.0,3747.0,3699.9,3706.85,3730.6335689303814,534387,2778,1993602081.0,515070.0,96.39,47.1,-8.15,Hero Motocorp,0.4253416956774947,47.09999999999991,-0.21938088829071578,199.3602081,5.34387
2017-07-26,3710.0,3741.0,3689.95,3717.75,3719.119573820396,16425,1170,61086539.0,4422.0,26.92,51.05,7.75,Hero Motocorp,0.2940502043514037,51.05000000000018,0.20889487870619947,6.1086539,0.16425
2017-07-27,3723.4,3759.0,3685.0,3707.45,3736.348503937008,12700,1263,47451626.0,5151.0,40.56,74.0,-15.95,Hero Motocorp,-0.2770492905655342,74.0,-0.4283719181393423,4.7451626,0.127
2017-07-28,3749.0,3749.0,3619.0,3631.8,3665.262696735272,97466,1285,357238494.0,85469.0,87.69,130.0,-117.2,Hero Motocorp,-2.040486048362067,130.0,-3.126166977860758,35.7238494,0.97466
2017-07-31,3670.0,3673.95,3607.0,3654.1,3648.42697109803,49097,2589,179126819.0,36608.0,74.56,66.95,-15.9,Hero Motocorp,0.6140205958477862,66.94999999999982,-0.4332425068119916,17.9126819,0.49097
2017-08-01,3665.1,3735.0,3665.1,3721.55,3697.319222810872,156101,2594,577155228.0,116041.0,74.34,69.9,56.45,Hero Motocorp,1.8458717604882269,69.90000000000009,1.5402035415131994,57.7155228,1.56101
2017-08-02,3755.1,3838.0,3743.45,3800.35,3803.6374572213326,68083,3968,258963049.0,37526.0,55.12,94.55,45.25,Hero Motocorp,2.117397321008707,94.55000000000018,1.2050278288194722,25.8963049,0.68083
2017-08-03,3830.0,3843.9,3775.0,3839.15,3819.1126397248495,13956,1454,53299536.0,4231.0,30.32,68.9,9.15,Hero Motocorp,1.0209585959187972,68.90000000000009,0.23890339425587706,5.3299536,0.13956
2017-08-04,3839.15,3967.2,3813.85,3958.65,3919.4845291978927,67385,6321,264114465.0,34143.0,50.67,153.35,119.5,Hero Motocorp,3.1126681687352775,153.3499999999999,3.112668168735267,26.4114465,0.67385
2017-08-07,3950.0,4019.4,3931.4,3953.6,3975.704707560628,25236,2799,100330884.0,6753.0,26.76,88.0,3.6,Hero Motocorp,-0.1275687418690774,88.0,0.09113924050632681,10.0330884,0.25236
2017-08-08,3970.0,4003.0,3900.0,3912.7,3935.9092218222095,18055,1628,71062841.0,6900.0,38.22,103.0,-57.3,Hero Motocorp,-1.0345002023472327,103.0,-1.4433249370277124,7.1062841,0.18055
2017-08-09,3913.0,3939.65,3860.15,3884.25,3883.453804460259,24169,2977,93859195.0,10976.0,45.41,79.5,-28.75,Hero Motocorp,-0.7271193804789466,79.5,-0.7347303858931766,9.3859195,0.24169
2017-08-10,3880.0,3944.0,3860.45,3886.9,3917.404534826482,97512,1128,381993951.0,84785.0,86.95,83.55,6.9,Hero Motocorp,0.06822423891357232,83.55000000000018,0.1778350515463941,38.1993951,0.97512
2017-08-11,3885.0,3885.0,3800.0,3844.75,3835.5294585987263,11304,1360,43356825.0,2812.0,24.88,85.0,-40.25,Hero Motocorp,-1.084411742005198,85.0,-1.0360360360360361,4.3356825,0.11304
2017-08-14,3844.75,3969.0,3844.75,3954.15,3932.2986202365305,9132,860,35909751.0,1451.0,15.89,124.25,109.4,Hero Motocorp,2.8454385850835484,124.25,2.8454385850835577,3.5909751,0.09132
2017-08-16,3969.9,4043.75,3939.05,4018.05,4025.812843867504,97603,3034,392931411.0,76835.0,78.72,104.7,48.15,Hero Motocorp,1.6160236713326448,104.69999999999982,1.212876898662437,39.2931411,0.97603
2017-08-17,4030.0,4036.0,3975.7,3996.85,4000.340955399592,8834,995,35339012.0,3030.0,34.3,60.3,-33.15,Hero Motocorp,-0.527619118726752,60.30000000000018,-0.8225806451612926,3.5339012,0.08834
2017-08-18,3975.0,3999.8,3970.15,3982.75,3980.367160468944,59538,959,236983100.0,53397.0,89.69,29.65,7.75,Hero Motocorp,-0.3527778125273606,29.65000000000009,0.19496855345911948,23.69831,0.59538
2017-08-21,4001.2,4036.05,3950.05,3967.6,3990.828421052632,7600,839,30330296.0,2055.0,27.04,86.0,-33.6,Hero Motocorp,-0.3803904337455255,86.0,-0.8397480755773244,3.0330296,0.076
2017-08-22,4002.0,4002.0,3877.8,3885.3,3890.9643933733537,38813,1313,151020001.0,27000.0,69.56,124.2,-116.7,Hero Motocorp,-2.0743018449440376,124.19999999999982,-2.9160419790104903,15.1020001,0.38813
2017-08-23,4200.0,4200.0,3870.3,3890.15,3903.72398937316,13927,1201,54367164.0,2828.0,20.31,329.7,-309.85,Hero Motocorp,0.12482948549661366,329.6999999999998,-7.377380952380951,5.4367164,0.13927
2017-08-24,3919.4,3920.0,3870.0,3874.5,3896.3668075692326,75939,1842,295886199.0,65612.0,86.4,50.0,-44.9,Hero Motocorp,-0.4022981118980029,50.0,-1.1455835076797491,29.5886199,0.75939
2017-08-28,3890.05,3990.6,3840.75,3960.05,3944.8240355521934,10576,1203,41720459.0,2961.0,28.0,149.85,70.0,Hero Motocorp,2.208026842173183,149.8499999999999,1.7994627318414929,4.1720459,0.10576
2017-08-29,3940.0,3982.0,3924.35,3948.8,3954.416293600125,102752,1272,406324183.0,91604.0,89.15,57.65,8.8,Hero Motocorp,-0.28408732212976684,57.65000000000009,0.2233502538071112,40.6324183,1.02752
2017-08-30,3950.0,4013.95,3950.0,3987.15,3992.0181647563513,14919,1146,59556919.0,6429.0,43.09,63.95,37.15,Hero Motocorp,0.9711811183144237,63.94999999999982,0.9405063291139264,5.9556919,0.14919
2017-08-31,3976.15,4019.7,3970.0,3998.1,3997.439195275748,19982,2301,79876830.0,7063.0,35.35,49.7,21.95,Hero Motocorp,0.2746322561227865,49.69999999999982,0.5520415477283256,7.987683,0.19982
2017-09-01,4001.95,4090.0,3996.55,4047.3,4051.615859896068,24439,1834,99017440.0,9460.0,38.71,93.45,45.35,Hero Motocorp,1.2305845276506355,93.44999999999982,1.1331975661864933,9.901744,0.24439
2017-09-04,4079.0,4079.0,3966.55,3973.6,4002.1954755832626,21174,1339,84742487.0,6028.0,28.47,112.45,-105.4,Hero Motocorp,-1.8209670644627307,112.44999999999982,-2.5839666584947314,8.4742487,0.21174
2017-09-05,3988.35,4005.3,3958.8,3970.6,3979.1734190678794,20684,778,82305223.0,13936.0,67.38,46.5,-17.75,Hero Motocorp,-0.07549828870545561,46.5,-0.44504619704890497,8.2305223,0.20684
2017-09-06,3970.6,3993.85,3933.7,3950.55,3962.866099486472,13047,898,51703514.0,4542.0,34.81,60.15,-20.05,Hero Motocorp,-0.5049614667808289,60.15000000000009,-0.5049614667808323,5.1703514,0.13047
2017-09-07,3964.3,4009.15,3964.3,3982.9,3982.5846471068335,23279,1595,92710588.0,15887.0,68.25,44.85,18.6,Hero Motocorp,0.8188733214362642,44.84999999999991,0.46918749842342683,9.2710588,0.23279
2017-09-08,3991.2,4001.45,3941.0,3959.0,3970.910245183888,6852,928,27208677.0,2897.0,42.28,60.45,-32.2,Hero Motocorp,-0.6000652790680183,60.44999999999982,-0.8067749047905347,2.7208677,0.06852
2017-09-11,3993.0,3993.0,3939.1,3945.85,3959.386735277301,8745,915,34624837.0,3941.0,45.07,53.9,-47.15,Hero Motocorp,-0.3321545844910401,53.90000000000009,-1.1808164287503153,3.4624837,0.08745
2017-09-12,4025.0,4025.0,3907.9,3917.55,3926.8081845130496,13831,1039,54311684.0,6388.0,46.19,117.1,-107.45,Hero Motocorp,-0.7172092198132196,117.09999999999991,-2.6695652173913,5.4311684,0.13831
2017-09-13,3918.0,3968.5,3880.0,3895.5,3925.281790838716,20281,1319,79608640.0,9683.0,47.74,88.5,-22.5,Hero Motocorp,-0.5628517823639823,88.5,-0.5742725880551302,7.960864,0.20281
2017-09-14,3938.9,3938.9,3886.55,3894.7,3900.789377475373,9847,752,38411073.0,3282.0,33.33,52.35,-44.2,Hero Motocorp,-0.020536516493396828,52.34999999999991,-1.122140699179981,3.8411073,0.09847
2017-09-15,3894.7,3910.1,3872.0,3891.25,3891.3119165755606,11891,745,46271590.0,3597.0,30.25,38.1,-3.45,Hero Motocorp,-0.08858191901814916,38.09999999999991,-0.0885819190181482,4.627159,0.11891
2017-09-18,3903.0,3958.0,3900.0,3951.05,3942.155432466979,11735,834,46261194.0,3065.0,26.12,58.0,48.05,Hero Motocorp,1.53678123996146,58.0,1.231104278759933,4.6261194,0.11735
2017-09-19,3965.0,3972.25,3941.2,3948.6,3953.4090058350766,9083,731,35908814.0,2612.0,28.76,31.05,-16.4,Hero Motocorp,-0.06200883309500638,31.050000000000182,-0.4136191677175306,3.5908814,0.09083
2017-09-20,3983.7,3983.7,3845.0,3858.1,3879.366266482976,20324,1651,78844240.0,7703.0,37.9,138.7,-125.6,Hero Motocorp,-2.291951577774398,138.69999999999982,-3.1528478550091603,7.884424,0.20324
2017-09-21,3904.7,3904.7,3818.4,3888.85,3870.4970508992938,13733,972,53153536.0,4191.0,30.52,86.3,-15.85,Hero Motocorp,0.7970244420828942,86.29999999999973,-0.40592106948036755,5.3153536,0.13733
2017-09-22,3888.0,3888.0,3781.5,3788.15,3809.1822835633625,19925,1599,75897957.0,4279.0,21.48,106.5,-99.85,Hero Motocorp,-2.589454465973229,106.5,-2.5681584362139893,7.5897957,0.19925
2017-09-25,3849.0,3849.0,3725.0,3755.65,3741.3798070120824,35339,1380,132216621.0,22835.0,64.62,124.0,-93.35,Hero Motocorp,-0.8579385715982712,124.0,-2.4253052740971657,13.2216621,0.35339
2017-09-26,3794.9,3808.0,3755.8,3785.85,3779.486364568382,24385,5136,92162775.0,9127.0,37.43,52.2,-9.05,Hero Motocorp,0.8041217898366426,52.19999999999982,-0.23847795725843055,9.2162775,0.24385
2017-09-27,3813.7,3825.05,3712.65,3732.4,3767.4435422239208,10468,968,39437599.0,3055.0,29.18,112.4,-81.3,Hero Motocorp,-1.411836179457715,112.40000000000009,-2.1317880273749834,3.9437599,0.10468
2017-09-28,3755.9,3773.0,3677.95,3744.55,3719.5677078233616,30639,2346,113963835.0,9785.0,31.94,95.05,-11.35,Hero Motocorp,0.3255278105240622,95.05000000000018,-0.3021912191485372,11.3963835,0.30639
2017-09-29,3750.0,3818.3,3728.9,3781.2,3775.636775602988,67746,2145,255784289.0,38938.0,57.48,89.4,31.2,Hero Motocorp,0.9787557917506629,89.40000000000009,0.8319999999999951,25.5784289,0.67746
2017-10-03,3829.9,3846.05,3795.0,3805.55,3828.3482400408952,109548,1409,419387893.0,98455.0,89.87,51.05,-24.35,Hero Motocorp,0.6439754575267242,51.05000000000018,-0.6357868351654066,41.9387893,1.09548
2017-10-04,3850.0,3865.0,3778.0,3794.0,3820.574453093544,29804,2584,113868401.0,11650.0,39.09,87.0,-56.0,Hero Motocorp,-0.30350409270670786,87.0,-1.4545454545454546,11.3868401,0.29804
2017-10-05,3799.0,3799.0,3740.05,3757.2,3766.5834121231214,19038,1362,71708215.0,8129.0,42.7,58.95,-41.8,Hero Motocorp,-0.9699525566684297,58.94999999999982,-1.1002895498815526,7.1708215,0.19038
2017-10-06,3790.0,3790.0,3682.15,3703.7,3732.041340271028,34978,1601,130539342.0,17873.0,51.1,107.85,-86.3,Hero Motocorp,-1.4239327158522275,107.84999999999991,-2.277044854881271,13.0539342,0.34978
2017-10-09,3705.0,3714.55,3680.0,3687.7,3691.6310647845194,21394,1450,78978755.0,9857.0,46.07,34.55,-17.3,Hero Motocorp,-0.4320004320004345,34.55000000000018,-0.466936572199735,7.8978755,0.21394
2017-10-10,3699.0,3719.95,3662.0,3692.4,3700.352702940658,11358,1090,42028606.0,3637.0,32.02,57.95,-6.6,Hero Motocorp,0.12745071453752477,57.94999999999982,-0.17842660178426356,4.2028606,0.11358
2017-10-11,3700.45,3739.9,3675.8,3687.6,3708.374123277498,12119,1088,44941786.0,3277.0,27.04,64.1,-12.85,Hero Motocorp,-0.12999675008125156,64.09999999999991,-0.3472550635733468,4.4941786,0.12119
2017-10-12,3700.0,3761.95,3699.1,3742.3,3735.1311862904417,20307,1561,75849309.0,7920.0,39.0,62.85,42.3,Hero Motocorp,1.4833496040785432,62.84999999999991,1.1432432432432482,7.5849309,0.20307
2017-10-13,3743.9,3785.0,3743.9,3754.1,3763.643548255956,12299,1027,46289052.0,4008.0,32.59,41.1,10.2,Hero Motocorp,0.31531411164256173,41.09999999999991,0.2724431742300761,4.6289052,0.12299
2017-10-16,3789.9,3804.4,3762.4,3773.75,3786.648099947944,9605,1421,36370755.0,3058.0,31.84,42.0,-16.15,Hero Motocorp,0.523427719027203,42.0,-0.4261326156362989,3.6370755,0.09605
2017-10-17,3783.0,3829.0,3763.55,3789.35,3799.7139694181137,14453,1413,54917266.0,4026.0,27.86,65.45,6.35,Hero Motocorp,0.4133819145412332,65.44999999999982,0.16785619878403144,5.4917266,0.14453
2017-10-18,3799.9,3810.2,3726.95,3747.8,3760.701482326112,8770,1105,32981352.0,2262.0,25.79,83.25,-52.1,Hero Motocorp,-1.0964941216831336,83.25,-1.3710887128608624,3.2981352,0.0877
2017-10-19,3755.0,3755.25,3724.55,3738.15,3743.9871223377913,2019,234,7559110.0,1072.0,53.1,30.7,-16.85,Hero Motocorp,-0.25748439084263275,30.699999999999818,-0.4487350199733664,0.755911,0.02019
2017-10-23,3778.9,3815.0,3770.65,3790.4,3794.740117190724,24234,1834,91961732.0,7309.0,30.16,44.35,11.5,Hero Motocorp,1.3977502240412942,44.34999999999991,0.30432136335970783,9.1961732,0.24234
2017-10-24,3751.0,3802.95,3743.65,3760.05,3779.56008492569,4710,499,17801728.0,1410.0,29.94,59.3,9.05,Hero Motocorp,-0.8007070493879276,59.29999999999973,0.24126899493468892,1.7801728,0.0471
2017-10-25,3789.9,3792.9,3724.75,3769.3,3761.502194549352,9797,843,36851437.0,1847.0,18.85,68.15,-20.6,Hero Motocorp,0.2460073669233065,68.15000000000009,-0.5435499617404129,3.6851437,0.09797
2017-10-26,3772.0,3788.9,3740.0,3762.35,3771.084442964936,9012,840,33985013.0,2699.0,29.95,48.9,-9.65,Hero Motocorp,-0.18438436845038542,48.90000000000009,-0.25583244962884655,3.3985013,0.09012
2017-10-27,3725.05,3829.95,3725.05,3797.05,3819.8047632878306,51645,1543,197273817.0,35886.0,69.49,104.9,72.0,Hero Motocorp,0.9222959054846047,104.89999999999964,1.9328599616112534,19.7273817,0.51645
2017-10-30,3826.0,3841.0,3810.55,3830.8,3829.661809123463,32115,822,122989589.0,25885.0,80.6,30.45,4.8,Hero Motocorp,0.8888479214126832,30.449999999999818,0.125457396759022,12.2989589,0.32115
2017-10-31,3849.0,3868.95,3822.5,3854.75,3847.9840125178575,29398,935,113123034.0,23010.0,78.27,46.45,5.75,Hero Motocorp,0.6251957815599729,46.44999999999982,0.14938945180566382,11.3123034,0.29398
2017-11-01,3895.0,3895.0,3801.5,3816.45,3853.8349781588736,24724,1923,95282216.0,6156.0,24.9,93.5,-78.55,Hero Motocorp,-0.9935793501524182,93.5,-2.016688061617463,9.5282216,0.24724
2017-11-02,3745.05,3803.05,3710.75,3733.05,3760.899365750529,21285,2118,80050743.0,6449.0,30.3,92.3,-12.0,Hero Motocorp,-2.185276893448085,92.30000000000018,-0.32042295830496254,8.0050743,0.21285
2017-11-03,3825.0,3825.0,3682.5,3690.8,3710.35199125008,15543,1532,57670001.0,5384.0,34.64,142.5,-134.2,Hero Motocorp,-1.1317823227655621,142.5,-3.508496732026139,5.7670001,0.15543
2017-11-06,3692.0,3713.85,3662.05,3691.4,3695.4412926755135,9871,1193,36477701.0,4370.0,44.27,51.8,-0.6,Hero Motocorp,0.016256638127232215,51.79999999999973,-0.016251354279520833,3.6477701,0.09871
2017-11-07,3692.0,3727.0,3677.05,3681.7,3693.5739650974024,9856,793,36403865.0,2761.0,28.01,49.95,-10.3,Hero Motocorp,-0.26277293167904503,49.94999999999982,-0.27898158179848814,3.6403865,0.09856
2017-11-08,3681.1,3715.0,3621.5,3632.0,3655.8406283092127,11332,1147,41427986.0,4164.0,36.75,93.5,-49.1,Hero Motocorp,-1.3499198739712615,93.5,-1.3338404281328926,4.1427986,0.11332
2017-11-09,3636.0,3654.95,3592.0,3603.95,3616.958606801909,13408,1296,48496181.0,3203.0,23.89,62.95,-32.05,Hero Motocorp,-0.7723017621145467,62.94999999999982,-0.8814631463146365,4.8496181,0.13408
2017-11-10,3591.15,3635.0,3555.0,3606.4,3591.557112278653,10278,1026,36914024.0,3338.0,32.48,80.0,15.25,Hero Motocorp,0.06798096532971698,80.0,0.4246550547874636,3.6914024,0.10278
2017-11-13,3610.0,3627.75,3570.1,3583.5,3590.7593913456967,10515,1924,37756835.0,5314.0,50.54,57.65,-26.5,Hero Motocorp,-0.634982253771077,57.65000000000009,-0.7340720221606648,3.7756835,0.10515
2017-11-14,3555.1,3660.0,3555.1,3653.65,3635.863131638236,12428,1042,45186507.0,2141.0,17.23,104.9,98.55,Hero Motocorp,1.957583368215432,104.90000000000009,2.772073921971258,4.5186507,0.12428
2017-11-15,3640.0,3709.95,3640.0,3675.5,3676.4918767833224,17173,1512,63136395.0,6926.0,40.33,69.95,35.5,Hero Motocorp,0.5980321048814075,69.94999999999982,0.9752747252747253,6.3136395,0.17173
2017-11-16,3670.0,3686.75,3636.85,3661.6,3665.733370084528,10884,794,39897842.0,3788.0,34.8,49.9,-8.4,Hero Motocorp,-0.37817983947762146,49.90000000000009,-0.2288828337874684,3.9897842,0.10884
2017-11-17,3666.0,3694.45,3625.0,3634.6,3654.407019818485,10798,1177,39460287.0,4081.0,37.79,69.45,-31.4,Hero Motocorp,-0.7373825649989119,69.44999999999982,-0.8565193671576675,3.9460287,0.10798
2017-11-20,3605.5,3685.8,3605.5,3658.5,3653.9705101739896,10173,1494,37171842.0,4162.0,40.91,80.3,53.0,Hero Motocorp,0.6575689209266544,80.30000000000018,1.469976424906393,3.7171842,0.10173
2017-11-21,3665.0,3692.95,3664.9,3680.5,3682.051686154889,5901,581,21727787.0,2032.0,34.43,28.05,15.5,Hero Motocorp,0.6013393467267925,28.049999999999727,0.4229195088676671,2.1727787,0.05901
2017-11-22,3699.9,3700.0,3644.5,3661.85,3672.8495149798264,11649,1339,42785024.0,4068.0,34.92,55.5,-38.05,Hero Motocorp,-0.5067246298057326,55.5,-1.0284061731398195,4.2785024,0.11649
2017-11-23,3666.65,3693.0,3645.2,3679.1,3676.644225271584,6996,458,25721803.0,2286.0,32.68,47.8,12.45,Hero Motocorp,0.47107336455616267,47.80000000000018,0.33954699794089477,2.5721803,0.06996
2017-11-24,3679.2,3694.9,3645.2,3654.65,3658.507592737869,35692,716,130579453.0,30807.0,86.31,49.7,-24.55,Hero Motocorp,-0.6645647033241775,49.70000000000027,-0.6672646227440674,13.0579453,0.35692
2017-11-27,3656.0,3670.1,3607.25,3654.7,3648.8078694962614,13241,857,48313865.0,3064.0,23.14,62.85,-1.3,Hero Motocorp,0.001368120066214118,62.84999999999991,-0.03555798687090213,4.8313865,0.13241
2017-11-28,3640.1,3679.9,3640.1,3673.85,3669.6713459950447,7266,608,26663832.0,3531.0,48.6,39.8,33.75,Hero Motocorp,0.5239828166470506,39.80000000000018,0.9271723304304826,2.6663832,0.07266
2017-11-29,3665.55,3692.5,3647.0,3656.85,3671.178236149676,7563,833,27765121.0,3497.0,46.24,45.5,-8.7,Hero Motocorp,-0.4627298338255481,45.5,-0.23734500961657248,2.7765121,0.07563
2017-11-30,3650.0,3677.45,3636.0,3642.3,3651.0993813610057,5011,470,18295659.0,1427.0,28.48,41.45,-7.7,Hero Motocorp,-0.3978834242585716,41.44999999999982,-0.21095890410958407,1.8295659,0.05011
2017-12-01,3642.0,3680.0,3571.0,3606.95,3627.217284814556,17148,1444,62199522.0,11455.0,66.8,109.0,-35.05,Hero Motocorp,-0.9705405924827826,109.0,-0.9623833058758974,6.2199522,0.17148
2017-12-04,3614.4,3626.85,3596.35,3605.6,3611.28897969608,7831,806,28280004.0,2713.0,34.64,30.5,-8.8,Hero Motocorp,-0.037427743661544444,30.5,-0.24347056219566682,2.8280004,0.07831
2017-12-05,3580.1,3588.95,3513.05,3522.15,3533.9536111634925,15909,2118,56221668.0,6096.0,38.32,75.9,-57.95,Hero Motocorp,-2.314455291768358,75.89999999999964,-1.6186698695567114,5.6221668,0.15909
2017-12-06,3510.0,3519.0,3473.7,3500.35,3494.410500181664,16514,1764,57706695.0,5617.0,34.01,45.3,-9.65,Hero Motocorp,-0.6189401359964819,45.30000000000018,-0.2749287749287775,5.7706695,0.16514
2017-12-07,3502.6,3569.0,3502.6,3555.4,3548.592394145321,7652,661,27153829.0,2797.0,36.55,66.4,52.8,Hero Motocorp,1.5726998728698538,66.40000000000009,1.507451607377382,2.7153829,0.07652
2017-12-08,3556.45,3564.6,3502.0,3513.05,3514.3666222491415,123825,2063,435166447.0,109205.0,88.19,62.6,-43.4,Hero Motocorp,-1.191145862631493,62.59999999999991,-1.2203180137496559,43.5166447,1.23825
2017-12-11,3519.0,3547.2,3502.0,3514.55,3515.406678082192,8176,775,28741965.0,3035.0,37.12,45.2,-4.45,Hero Motocorp,0.04269794053599618,45.19999999999982,-0.12645637965330545,2.8741965,0.08176
2017-12-12,3504.0,3530.5,3434.0,3444.95,3470.7593220338986,15045,2658,52217574.0,5757.0,38.27,96.5,-59.05,Hero Motocorp,-1.9803388769543906,96.5,-1.6852168949771742,5.2217574,0.15045
2017-12-13,3442.0,3487.75,3410.0,3421.85,3447.085858585858,12474,1170,42998949.0,2924.0,23.44,77.75,-20.15,Hero Motocorp,-0.6705467423329781,77.75,-0.5854154561301594,4.2998949,0.12474
2017-12-14,3423.0,3467.9,3418.85,3454.45,3441.43288183092,10705,725,36840539.0,4101.0,38.31,49.05,31.45,Hero Motocorp,0.952701024299718,49.05000000000018,0.9187846917908215,3.6840539,0.10705
2017-12-15,3478.0,3513.05,3469.15,3502.0,3489.5247167868174,9710,1363,33883285.0,4321.0,44.5,43.9,24.0,Hero Motocorp,1.3764854028861295,43.90000000000009,0.690051753881541,3.3883285,0.0971
2017-12-18,3500.0,3549.0,3438.0,3530.85,3499.802526708496,11794,1344,41276671.0,3301.0,27.99,111.0,30.85,Hero Motocorp,0.8238149628783553,111.0,0.8814285714285688,4.1276671,0.11794
2017-12-19,3530.0,3704.75,3530.0,3696.8,3634.2165539782736,62414,2668,226825992.0,30751.0,49.27,174.75,166.8,Hero Motocorp,4.700001416089616,174.75,4.72521246458924,22.6825992,0.62414
2017-12-20,3703.1,3792.0,3700.0,3740.6,3766.7542437508823,106215,2639,400085802.0,73259.0,68.97,92.0,37.5,Hero Motocorp,1.1848084830123229,92.0,1.012665064405498,40.0085802,1.06215
2017-12-21,3790.0,3820.0,3765.45,3809.0,3798.8746595147295,23863,2326,90652546.0,9259.0,38.8,54.55,19.0,Hero Motocorp,1.8285836496818808,54.55000000000018,0.5013192612137204,9.0652546,0.23863
2017-12-22,3809.05,3833.95,3772.2,3785.95,3795.445851877211,17526,1151,66518984.0,3338.0,19.05,61.75,-23.1,Hero Motocorp,-0.6051457075347932,61.75,-0.6064504272719015,6.6518984,0.17526
2017-12-26,3787.0,3830.0,3746.6,3804.65,3783.8335637268447,10851,922,41058378.0,2512.0,23.15,83.4,17.65,Hero Motocorp,0.493931509924872,83.40000000000009,0.4660681278056533,4.1058378,0.10851
2017-12-27,3808.0,3833.1,3756.25,3779.35,3789.5502809819586,6762,694,25624939.0,2074.0,30.67,76.85,-28.65,Hero Motocorp,-0.6649757533544576,76.84999999999991,-0.7523634453781536,2.5624939,0.06762
2017-12-28,3760.0,3788.0,3656.85,3713.5,3736.960278673183,28851,1542,107815041.0,12740.0,44.16,131.15,-46.5,Hero Motocorp,-1.7423631047666865,131.1500000000001,-1.2367021276595744,10.7815041,0.28851
2017-12-29,3717.0,3807.3,3717.0,3786.3,3766.120129650888,14809,1184,55772473.0,5905.0,39.87,90.3,69.3,Hero Motocorp,1.9604147031102803,90.30000000000018,1.864406779661022,5.5772473,0.14809
2018-01-01,3790.15,3806.85,3755.3,3768.8,3770.6765853216,11023,663,41564168.0,3889.0,35.28,51.55,-21.35,Hero Motocorp,-0.46219264189314435,51.54999999999973,-0.5633022439745105,4.1564168,0.11023
2018-01-02,3780.5,3783.45,3723.05,3747.45,3751.0083033329456,17222,1312,64599865.0,4947.0,28.72,60.4,-33.05,Hero Motocorp,-0.5664933135215544,60.399999999999636,-0.8742229863774681,6.4599865,0.17222
2018-01-03,3743.0,3768.85,3736.05,3751.45,3746.1296588755526,25328,660,94881972.0,19530.0,77.11,32.8,8.45,Hero Motocorp,0.1067392493562247,32.79999999999973,0.2257547421854079,9.4881972,0.25328
2018-01-04,3755.0,3755.0,3720.0,3738.5,3731.6043318233296,14128,1064,52720106.0,6860.0,48.56,35.0,-16.5,Hero Motocorp,-0.34519985605565573,35.0,-0.4394141145139813,5.2720106,0.14128
2018-01-05,3740.0,3765.9,3726.1,3739.3,3738.2131573252545,9242,677,34548566.0,3051.0,33.01,39.8,-0.7,Hero Motocorp,0.021398956800866564,39.80000000000018,-0.01871657754010209,3.4548566,0.09242
2018-01-08,3740.55,3800.0,3740.55,3790.35,3778.8307566294666,9767,687,36907840.0,3384.0,34.65,59.45,49.8,Hero Motocorp,1.3652287861364298,59.44999999999982,1.3313550146368776,3.690784,0.09767
2018-01-09,3790.35,3802.9,3742.9,3751.85,3763.8093590519848,11561,671,43513400.0,4994.0,43.2,60.0,-38.5,Hero Motocorp,-1.015737332963973,60.0,-1.0157373329639743,4.35134,0.11561
2018-01-10,3750.0,3753.25,3718.25,3732.2,3729.851735563269,63380,1188,236398003.0,52870.0,83.42,35.0,-17.8,Hero Motocorp,-0.5237416208004109,35.0,-0.4746666666666715,23.6398003,0.6338
2018-01-11,3775.0,3775.0,3700.55,3706.0,3714.045783885072,16010,1108,59461873.0,7952.0,49.67,74.45,-69.0,Hero Motocorp,-0.7019988210706818,74.44999999999982,-1.8278145695364238,5.9461873,0.1601
2018-01-12,3722.55,3727.25,3653.05,3685.8,3689.600579395256,11046,882,40755328.0,3665.0,33.18,74.2,-36.75,Hero Motocorp,-0.5450620615218504,74.19999999999982,-0.9872264979651044,4.0755328,0.11046
2018-01-15,3695.0,3700.0,3611.05,3627.75,3635.942060146348,141854,1996,515772925.0,121038.0,85.33,88.95,-67.25,Hero Motocorp,-1.5749633729448154,88.94999999999982,-1.8200270635994589,51.5772925,1.41854
2018-01-16,3630.0,3665.35,3586.55,3594.85,3612.6013052506673,10113,777,36534237.0,4223.0,41.76,78.8,-35.15,Hero Motocorp,-0.9068982151471339,78.79999999999973,-0.9683195592286525,3.6534237,0.10113
2018-01-17,3618.95,3618.95,3530.0,3566.05,3537.96020540862,225307,2539,797127200.0,212301.0,94.23,88.95,-52.9,Hero Motocorp,-0.8011460839812412,88.94999999999982,-1.461749955097463,79.71272,2.25307
2018-01-18,3575.05,3642.0,3575.05,3592.2,3610.4429791822176,36171,1045,130593333.0,25256.0,69.82,66.95,17.15,Hero Motocorp,0.7333043563606756,66.94999999999982,0.4797135704395641,13.0593333,0.36171
2018-01-19,3592.2,3613.0,3555.05,3590.75,3577.6724563096386,9327,1053,33368951.0,3277.0,35.13,57.95,-1.45,Hero Motocorp,-0.04036523578865303,57.94999999999982,-0.04036523578864813,3.3368951,0.09327
2018-01-22,3603.2,3620.0,3589.9,3602.8,3605.007325112929,8191,641,29528615.0,2826.0,34.5,30.1,-0.4,Hero Motocorp,0.33558448792034845,30.09999999999991,-0.0111012433392439,2.9528615,0.08191
2018-01-23,3585.1,3632.5,3585.1,3623.1,3622.125514569376,12389,1197,44874513.0,4253.0,34.33,47.4,38.0,Hero Motocorp,0.5634506494948344,47.40000000000009,1.0599425399570446,4.4874513,0.12389
2018-01-24,3606.0,3646.35,3600.05,3640.5,3627.4862320753055,11367,1455,41233636.0,3123.0,27.47,46.3,34.5,Hero Motocorp,0.4802517181419219,46.29999999999973,0.956738768718802,4.1233636,0.11367
2018-01-25,3641.15,3656.2,3550.0,3569.6,3587.583545289385,19265,2589,69114797.0,7792.0,40.45,106.2,-71.55,Hero Motocorp,-1.9475346793022985,106.19999999999982,-1.9650385180506207,6.9114797,0.19265
2018-01-29,3550.3,3654.0,3523.95,3640.0,3602.4246238425926,20736,4218,74699877.0,10358.0,49.95,130.05,89.7,Hero Motocorp,1.9722097714029552,130.05000000000018,2.526547052361767,7.4699877,0.20736
2018-01-30,3660.0,3697.0,3655.0,3688.5,3675.4261003441407,22084,3290,81168110.0,8363.0,37.87,42.0,28.5,Hero Motocorp,1.3324175824175777,42.0,0.778688524590164,8.116811,0.22084
2018-01-31,3686.05,3745.5,3685.55,3691.6,3710.121493232948,22314,3471,82787651.0,7332.0,32.86,59.95,5.55,Hero Motocorp,0.08404500474448184,59.94999999999982,0.15056768085076783,8.2787651,0.22314
2018-02-01,3720.0,3743.95,3694.85,3734.4,3725.758037225042,22458,3270,83673074.0,8830.0,39.32,49.1,14.4,Hero Motocorp,1.1593888828692167,49.09999999999991,0.3870967741935508,8.3673074,0.22458
2018-02-02,3734.4,3753.5,3615.05,3623.65,3680.306929277403,55951,4477,205916853.0,39789.0,71.11,138.45,-110.75,Hero Motocorp,-2.9656705227077973,138.44999999999982,-2.9656705227077977,20.5916853,0.55951
2018-02-05,3624.0,3690.0,3388.0,3634.05,3590.4957603750167,29012,3481,104167463.0,11400.0,39.29,302.0,10.05,Hero Motocorp,0.2870034357622897,302.0,0.27731788079470704,10.4167463,0.29012
2018-02-06,3598.0,3598.0,3475.0,3542.65,3528.3565217391306,21850,3335,77094590.0,5499.0,25.17,123.0,-55.35,Hero Motocorp,-2.515100232522949,123.0,-1.5383546414674794,7.709459,0.2185
2018-02-07,3606.0,3799.9,3546.0,3564.3,3579.724418714111,21246,1955,76054825.0,7141.0,33.61,253.9,-41.7,Hero Motocorp,0.6111244407435157,253.9000000000001,-1.156405990016634,7.6054825,0.21246
2018-02-08,3586.6,3615.7,3558.4,3585.25,3592.00617945646,15859,2094,56965626.0,7393.0,46.62,57.3,-1.35,Hero Motocorp,0.5877731952978138,57.29999999999973,-0.03764010483465982,5.6965626,0.15859
2018-02-09,3546.0,3577.0,3533.0,3546.05,3553.435480486781,9532,1949,33871347.0,4518.0,47.4,44.0,0.05,Hero Motocorp,-1.093368663273131,44.0,0.0014100394811106007,3.3871347,0.09532
2018-02-12,3530.1,3658.45,3530.1,3619.35,3603.3497567954223,17475,2619,62968537.0,8822.0,50.48,128.35,89.25,Hero Motocorp,2.067088732533384,128.3499999999999,2.528256989886972,6.2968537,0.17475
2018-02-14,3621.0,3626.9,3569.55,3599.85,3599.13416346784,10681,947,38442352.0,3544.0,33.18,57.35,-21.15,Hero Motocorp,-0.5387707737577241,57.34999999999991,-0.5840927920463985,3.8442352,0.10681
2018-02-15,3580.0,3580.0,3522.0,3533.15,3548.0606897780945,11221,957,39812789.0,4378.0,39.02,58.0,-46.85,Hero Motocorp,-1.8528549800686078,58.0,-1.3086592178770924,3.9812789,0.11221
2018-02-16,3533.05,3557.85,3480.0,3493.1,3516.859298928919,10270,982,36118145.0,4370.0,42.55,77.85,-39.95,Hero Motocorp,-1.1335493822792753,77.84999999999991,-1.1307510507918164,3.6118145,0.1027
2018-02-19,3500.0,3514.4,3441.75,3460.15,3473.619924201408,9235,969,32078880.0,3332.0,36.08,72.65,-39.85,Hero Motocorp,-0.9432881967306961,72.65000000000009,-1.138571428571426,3.207888,0.09235
2018-02-20,3480.45,3516.65,3445.35,3483.9,3491.8516925202534,31846,1721,111201509.0,21689.0,68.11,71.3,3.45,Hero Motocorp,0.6863864283340293,71.30000000000018,0.09912511313193044,11.1201509,0.31846
2018-02-21,3498.6,3508.05,3460.6,3490.4,3486.1173742704086,12507,913,43600870.0,8470.0,67.72,47.45,-8.2,Hero Motocorp,0.18657251930307428,47.45000000000027,-0.23437946607213797,4.360087,0.12507
2018-02-22,3508.9,3508.9,3463.2,3482.35,3480.9275917065393,9405,789,32738124.0,4507.0,47.92,45.7,-26.55,Hero Motocorp,-0.2306325922530439,45.70000000000027,-0.7566473823705486,3.2738124,0.09405
2018-02-23,3450.0,3505.6,3450.0,3498.65,3488.7536626916526,8805,715,30718476.0,2931.0,33.29,55.6,48.65,Hero Motocorp,0.4680747196577073,55.59999999999991,1.4101449275362345,3.0718476,0.08805
2018-02-26,3509.25,3549.95,3509.25,3540.35,3538.573458408056,14498,961,51302238.0,8295.0,57.21,40.7,31.1,Hero Motocorp,1.1918882997727698,40.69999999999982,0.8862292512645127,5.1302238,0.14498
2018-02-27,3586.0,3600.0,3545.7,3587.95,3576.3938303341906,7780,832,27824344.0,2870.0,36.89,54.3,1.95,Hero Motocorp,1.3444998375866657,54.30000000000018,0.054378137200218016,2.7824344,0.0778
2018-02-28,3553.0,3615.9,3539.3,3600.55,3596.0071386579325,11907,1177,42817657.0,4715.0,39.6,76.6,47.55,Hero Motocorp,0.35117546231135943,76.59999999999991,1.3383056571911114,4.2817657,0.11907
2018-03-01,3620.0,3630.0,3566.1,3579.45,3578.400729828355,7399,597,26476587.0,3498.0,47.28,63.9,-40.55,Hero Motocorp,-0.5860215800363888,63.90000000000009,-1.1201657458563588,2.6476587,0.07399
2018-03-05,3599.9,3599.9,3536.4,3557.6,3555.6579077348606,40492,1977,143975700.0,27259.0,67.32,63.5,-42.3,Hero Motocorp,-0.6104289765187398,63.5,-1.1750326397955548,14.39757,0.40492
2018-03-06,3580.0,3594.75,3538.15,3569.9,3574.761610687504,15869,905,56727892.0,9123.0,57.49,56.6,-10.1,Hero Motocorp,0.34573870024736664,56.59999999999991,-0.2821229050279304,5.6727892,0.15869
2018-03-07,3555.05,3571.0,3515.75,3562.1,3545.9423981928844,15937,1838,56511684.0,10271.0,64.45,55.25,7.05,Hero Motocorp,-0.218493515224516,55.25,0.19830944712450532,5.6511684,0.15937
2018-03-08,3562.45,3597.3,3543.2,3585.65,3568.27648980862,6427,806,22933313.0,3613.0,56.22,54.1,23.2,Hero Motocorp,0.661126863367123,54.100000000000364,0.6512372103468196,2.2933313,0.06427
2018-03-09,3600.0,3665.45,3581.05,3587.0,3625.2964740740736,16875,1471,61176878.0,3555.0,21.07,84.4,-13.0,Hero Motocorp,0.037650077391826464,84.39999999999964,-0.3611111111111111,6.1176878,0.16875
2018-03-12,3600.0,3709.8,3600.0,3685.8,3650.956149296349,14709,1270,53701914.0,5408.0,36.77,109.8,85.8,Hero Motocorp,2.754390855868416,109.80000000000018,2.383333333333338,5.3701914,0.14709
2018-03-13,3690.0,3728.0,3682.0,3701.3,3700.080863402062,9312,1039,34455153.0,2327.0,24.99,46.0,11.3,Hero Motocorp,0.42053285582506206,46.0,0.30623306233062825,3.4455153,0.09312
2018-03-14,3688.0,3688.0,3625.2,3635.45,3644.792248062016,9030,878,32912474.0,2877.0,31.86,62.8,-52.55,Hero Motocorp,-1.7791046389106668,62.80000000000018,-1.4248915401301567,3.2912474,0.0903
2018-03-15,3628.1,3686.7,3628.1,3643.2,3655.401982829109,9784,1041,35764453.0,2746.0,28.07,58.6,15.1,Hero Motocorp,0.21317856111346956,58.59999999999991,0.41619580496678454,3.5764453,0.09784
2018-03-16,3643.5,3652.8,3529.35,3546.05,3587.4236132393503,13052,1853,46823053.0,5818.0,44.58,123.45,-97.45,Hero Motocorp,-2.666611769872629,123.45000000000027,-2.6746260463839664,4.6823053,0.13052
2018-03-19,3555.0,3555.7,3438.85,3512.4,3508.9234437751006,15936,1276,55918204.0,6363.0,39.93,116.85,-42.6,Hero Motocorp,-0.9489431903103474,116.84999999999991,-1.1983122362869172,5.5918204,0.15936
2018-03-20,3510.0,3594.0,3500.0,3513.25,3513.899683210137,5682,787,19965978.0,2290.0,40.3,94.0,3.25,Hero Motocorp,0.02419997722353795,94.0,0.0925925925925926,1.9965978,0.05682
2018-03-21,3530.0,3530.0,3460.0,3469.35,3489.7897097262344,72690,2697,253672814.0,57956.0,79.73,70.0,-60.65,Hero Motocorp,-1.2495552551056721,70.0,-1.7181303116147333,25.3672814,0.7269
2018-03-22,3472.35,3486.35,3440.0,3454.85,3459.802972523712,10227,1160,35383405.0,3151.0,30.81,46.35,-17.5,Hero Motocorp,-0.41794572470347235,46.34999999999991,-0.5039814534825118,3.5383405,0.10227
2018-03-23,3461.0,3461.0,3353.75,3414.65,3402.508175211264,147091,1965,500478330.0,133908.0,91.04,107.25,-46.35,Hero Motocorp,-1.1635816316193148,107.25,-1.339208321294421,50.047833,1.47091
2018-03-26,3415.0,3491.9,3366.5,3481.0,3424.4617257742257,16016,1556,54846179.0,6165.0,38.49,125.4,66.0,Hero Motocorp,1.9430981213301557,125.40000000000009,1.9326500732064422,5.4846179,0.16016
2018-03-27,3528.6,3528.6,3440.0,3465.85,3463.281295614096,28774,1657,99652456.0,19250.0,66.9,88.6,-62.75,Hero Motocorp,-0.4352197644355127,88.59999999999991,-1.7783256815734287,9.9652456,0.28774
2018-03-28,3450.0,3575.0,3440.05,3545.5,3511.037666632221,19354,1709,67952623.0,4186.0,21.63,134.95,95.5,Hero Motocorp,2.298137542017109,134.94999999999982,2.7681159420289854,6.7952623,0.19354
2018-04-02,3510.0,3652.0,3510.0,3640.65,3591.415329326476,16139,1537,57961852.0,2576.0,15.96,142.0,130.65,Hero Motocorp,2.683683542518689,142.0,3.7222222222222245,5.7961852,0.16139
2018-04-03,3654.0,3684.6,3624.95,3640.3,3641.0890571863247,89392,2025,325484233.0,70209.0,78.54,59.65,-13.7,Hero Motocorp,-0.009613667888974664,59.65000000000009,-0.3749315818281286,32.5484233,0.89392
2018-04-04,3665.0,3693.0,3636.35,3669.95,3671.5569360339673,28734,1761,105498517.0,16619.0,57.84,56.65,4.95,Hero Motocorp,0.8144933109908381,56.65000000000009,0.13506139154160485,10.5498517,0.28734
2018-04-05,3699.0,3800.0,3696.0,3784.15,3748.280895609189,34390,4341,128903380.0,10354.0,30.11,104.0,85.15,Hero Motocorp,3.1117590157904162,104.0,2.301973506353071,12.890338,0.3439
2018-04-06,3800.0,3800.0,3750.6,3782.4,3774.8609692809914,11947,872,45098264.0,4433.0,37.11,49.4,-17.6,Hero Motocorp,-0.046245524093913026,49.40000000000009,-0.4631578947368397,4.5098264,0.11947
2018-04-09,3789.0,3804.0,3760.35,3788.3,3793.1149199637566,6622,729,25118007.0,2206.0,33.31,43.65,-0.7,Hero Motocorp,0.15598561759728735,43.65000000000009,-0.018474531538659755,2.5118007,0.06622
2018-04-10,3800.0,3813.0,3704.05,3720.8,3733.362433606953,31065,1478,115976904.0,23947.0,77.09,108.95,-79.2,Hero Motocorp,-1.7818018636327593,108.94999999999982,-2.0842105263157844,11.5976904,0.31065
2018-04-11,3750.0,3760.0,3686.0,3728.8,3702.739786664637,78843,709,291935113.0,71843.0,91.12,74.0,-21.2,Hero Motocorp,0.21500752526337763,74.0,-0.5653333333333285,29.1935113,0.78843
2018-04-12,3758.6,3782.75,3731.1,3745.7,3752.975667857751,5877,704,22056238.0,1724.0,29.33,51.65,-12.9,Hero Motocorp,0.45322892083243804,51.65000000000009,-0.34321289841962677,2.2056238,0.05877
2018-04-13,3766.0,3769.65,3700.05,3729.5,3711.830659070716,38266,1016,142036912.0,33654.0,87.95,69.6,-36.5,Hero Motocorp,-0.43249592866486664,69.59999999999991,-0.9691980881571959,14.2036912,0.38266
2018-04-16,3750.0,3809.0,3721.6,3798.05,3790.1103174603168,13860,969,52530929.0,3612.0,26.06,87.4,48.05,Hero Motocorp,1.8380479957098794,87.40000000000009,1.281333333333338,5.2530929,0.1386
2018-04-17,3820.95,3820.95,3760.0,3770.0,3782.3982403334103,4319,432,16336178.0,1054.0,24.4,60.95,-50.95,Hero Motocorp,-0.7385368807677706,60.94999999999982,-1.3334380193407354,1.6336178,0.04319
2018-04-18,3786.65,3862.0,3730.0,3741.95,3755.0016804369134,7141,727,26814467.0,2479.0,34.72,132.0,-44.7,Hero Motocorp,-0.7440318302387339,132.0,-1.1804629421784498,2.6814467,0.07141
2018-04-19,3755.1,3766.65,3712.75,3729.25,3738.0825195312495,6144,541,22966779.0,1078.0,17.55,53.9,-25.85,Hero Motocorp,-0.33939523510468916,53.90000000000009,-0.6883971132592983,2.2966779,0.06144
2018-04-20,3733.9,3778.6,3695.0,3744.8,3732.2785022131834,8359,659,31198116.0,4132.0,49.43,83.6,10.9,Hero Motocorp,0.41697392237045605,83.59999999999991,0.2919199764321511,3.1198116,0.08359
2018-04-23,3744.8,3744.8,3695.0,3717.75,3712.493803000652,6132,617,22765012.0,2277.0,37.13,49.8,-27.05,Hero Motocorp,-0.7223349711600102,49.80000000000018,-0.7223349711600133,2.2765012,0.06132
2018-04-24,3770.0,3770.0,3710.0,3719.6,3721.700145296041,5506,524,20491681.0,2077.0,37.72,60.0,-50.4,Hero Motocorp,0.04976128034428484,60.0,-1.3368700265252014,2.0491681,0.05506
2018-04-25,3755.0,3755.0,3703.05,3717.9,3719.379531446749,60356,1039,224486871.0,51947.0,86.07,51.95,-37.1,Hero Motocorp,-0.04570383912247955,51.94999999999982,-0.9880159786950709,22.4486871,0.60356
2018-04-26,3718.15,3785.0,3660.0,3756.9,3710.3323400525856,11410,1515,42334892.0,4508.0,39.51,125.0,38.75,Hero Motocorp,1.0489792624868821,125.0,1.0421849575729865,4.2334892,0.1141
2018-04-27,3786.6,3786.6,3703.5,3715.0,3744.7568208124344,36286,996,135882246.0,27725.0,76.41,83.1,-71.6,Hero Motocorp,-1.1152812158960912,83.09999999999991,-1.890878360534514,13.5882246,0.36286
2018-04-30,3728.7,3748.45,3717.5,3733.7,3731.6048562593055,8731,614,32580642.0,4838.0,55.41,30.95,5.0,Hero Motocorp,0.5033647375504602,30.949999999999818,0.1340949928929654,3.2580642,0.08731
2018-05-02,3769.0,3775.0,3642.1,3662.3,3707.6693353911446,41468,4439,153749632.0,10985.0,26.49,132.9,-106.7,Hero Motocorp,-1.9123121836248091,132.9000000000001,-2.8309896524276947,15.3749632,0.41468
2018-05-03,3670.0,3683.0,3640.0,3657.1,3663.701884552604,13478,1530,49379374.0,4792.0,35.55,43.0,-12.9,Hero Motocorp,-0.14198727575568393,43.0,-0.3514986376021823,4.9379374,0.13478
2018-05-04,3657.0,3669.95,3648.05,3659.8,3659.800875801669,58004,665,212283090.0,55337.0,95.4,21.9,2.8,Hero Motocorp,0.07382899018348876,21.899999999999636,0.0765654908394909,21.228309,0.58004
2018-05-07,3650.0,3675.0,3625.85,3655.05,3668.32985849392,70315,1041,257938614.0,63661.0,90.54,49.15,5.05,Hero Motocorp,-0.12978851303350192,49.15000000000009,0.13835616438356663,25.7938614,0.70315
2018-05-08,3652.85,3674.4,3645.0,3656.65,3658.104174466492,10684,821,39083185.0,5103.0,47.76,29.4,3.8,Hero Motocorp,0.04377505095689571,29.40000000000009,0.10402836141643326,3.9083185,0.10684
2018-05-09,3670.0,3685.55,3638.05,3657.35,3659.3293024021054,121560,3145,444828070.0,105666.0,86.92,47.5,-12.65,Hero Motocorp,0.019143204845950557,47.5,-0.3446866485013649,44.482807,1.2156
2018-05-10,3655.15,3664.0,3625.45,3643.25,3644.5725367666864,18563,1604,67654200.0,6323.0,34.06,38.55,-11.9,Hero Motocorp,-0.38552503862085974,38.55000000000018,-0.3255680341436081,6.76542,0.18563
2018-05-11,3630.3,3643.5,3592.95,3616.15,3610.6611501524512,61331,868,221445459.0,55239.0,90.07,50.55,-14.15,Hero Motocorp,-0.7438413504425978,50.55000000000018,-0.38977494972867505,22.1445459,0.61331
2018-05-14,3645.0,3657.5,3620.6,3649.35,3647.8160258387616,110222,1142,402069578.0,103647.0,94.03,36.9,4.35,Hero Motocorp,0.9181035078744015,36.90000000000009,0.11934156378600573,40.2069578,1.10222
2018-05-15,3646.35,3661.75,3635.0,3653.25,3652.141313083269,60971,1394,222674708.0,50192.0,82.32,26.75,6.9,Hero Motocorp,0.10686834641786547,26.75,0.1892303262166301,22.2674708,0.60971
2018-05-16,3617.1,3635.0,3500.0,3576.4,3554.390379131904,18938,2000,67313045.0,4601.0,24.3,135.0,-40.7,Hero Motocorp,-2.103606377882705,135.0,-1.125210804235432,6.7313045,0.18938
2018-05-17,3597.0,3686.0,3535.9,3554.45,3558.396906043831,13187,1303,46924580.0,4915.0,37.27,150.1,-42.55,Hero Motocorp,-0.6137456660328944,150.0999999999999,-1.1829302196274725,4.692458,0.13187
2018-05-18,3549.75,3567.45,3538.35,3561.75,3556.431257344301,9361,1728,33291753.0,5132.0,54.82,29.1,12.0,Hero Motocorp,0.20537635921169528,29.09999999999991,0.3380519754912318,3.3291753,0.09361
2018-05-21,3570.0,3573.3,3470.0,3495.0,3499.9291891463026,25208,1683,88226215.0,14243.0,56.5,103.3,-75.0,Hero Motocorp,-1.8740787534217707,103.30000000000018,-2.100840336134454,8.8226215,0.25208
2018-05-22,3465.0,3520.0,3410.0,3509.3,3498.880300922348,19407,1209,67902770.0,7042.0,36.29,110.0,44.3,Hero Motocorp,0.40915593705292963,110.0,1.278499278499284,6.790277,0.19407
2018-05-23,3480.0,3486.95,3453.0,3482.15,3477.2866273353,6102,833,21218403.0,2850.0,46.71,33.95,2.15,Hero Motocorp,-0.7736585643860594,33.94999999999982,0.061781609195404916,2.1218403,0.06102
2018-05-24,3487.6,3500.8,3451.15,3486.25,3472.7402283480765,19444,905,67523961.0,12350.0,63.52,49.65,-1.35,Hero Motocorp,0.11774334821876842,49.65000000000009,-0.0387085674962699,6.7523961,0.19444
2018-05-25,3473.15,3573.3,3464.7,3550.7,3545.196910185912,22914,962,81234642.0,14600.0,63.72,108.6,77.55,Hero Motocorp,1.8486912871997108,108.60000000000036,2.232843384247721,8.1234642,0.22914
2018-05-28,3556.1,3621.85,3538.45,3596.85,3586.7235168299,8883,1007,31860865.0,2022.0,22.76,83.4,40.75,Hero Motocorp,1.2997437125074063,83.40000000000009,1.1459182812631816,3.1860865,0.08883
2018-05-29,3660.0,3660.0,3565.6,3612.35,3599.7851566794943,9095,782,32740046.0,3277.0,36.03,94.4,-47.65,Hero Motocorp,0.4309326215994558,94.40000000000009,-1.3019125683060133,3.2740046,0.09095
2018-05-30,3613.1,3624.0,3530.1,3606.85,3584.844746415579,9346,965,33503959.0,2102.0,22.49,93.9,-6.25,Hero Motocorp,-0.15225545697399312,93.90000000000009,-0.1729816501065567,3.3503959,0.09346
2018-05-31,3575.0,3620.9,3500.0,3547.25,3550.8756453145006,24213,1790,85977352.0,10332.0,42.67,120.9,-27.75,Hero Motocorp,-1.6524113838945365,120.90000000000009,-0.7762237762237763,8.5977352,0.24213
2018-06-01,3547.0,3633.25,3547.0,3623.75,3608.9015899896503,21258,1876,76718030.0,2604.0,12.25,86.25,76.75,Hero Motocorp,2.1566001832405313,86.25,2.1638003946997464,7.671803,0.21258
2018-06-04,3641.0,3678.05,3599.75,3612.0,3627.666777703753,18012,1633,65341534.0,4318.0,23.97,78.3,-29.0,Hero Motocorp,-0.32424974129009465,78.30000000000018,-0.7964844822850866,6.5341534,0.18012
2018-06-05,3612.0,3629.0,3569.0,3608.65,3583.063370745309,425354,1123,1524070337.0,418119.0,98.3,60.0,-3.35,Hero Motocorp,-0.09274640088593467,60.0,-0.09274640088593325,152.4070337,4.25354
2018-06-06,3622.75,3652.0,3599.1,3638.9,3620.7002328521817,174789,1038,632858573.0,166181.0,95.08,52.9,16.15,Hero Motocorp,0.8382636165879198,52.90000000000009,0.44579394106687165,63.2858573,1.74789
2018-06-07,3660.0,3680.0,3629.25,3657.05,3652.817973542236,13531,1338,49426280.0,4710.0,34.81,50.75,-2.95,Hero Motocorp,0.49877710297068223,50.75,-0.08060109289616989,4.942628,0.13531
2018-06-08,3650.0,3655.0,3608.0,3634.4,3631.743102668476,8844,706,32119136.0,3512.0,39.71,47.0,-15.6,Hero Motocorp,-0.6193516632258311,47.0,-0.4273972602739701,3.2119136,0.08844
2018-06-11,3676.0,3677.4,3602.5,3612.55,3623.708185053381,9554,589,34620908.0,3723.0,38.97,74.9,-63.45,Hero Motocorp,-0.6011996478098136,74.90000000000009,-1.7260609357997774,3.4620908,0.09554
2018-06-12,3612.05,3715.0,3602.55,3688.75,3656.4712395925785,23661,1571,86515766.0,11606.0,49.05,112.45,76.7,Hero Motocorp,2.1093133659049634,112.44999999999982,2.123447903545073,8.6515766,0.23661
2018-06-13,3672.05,3715.0,3672.05,3698.9,3697.3729101728527,21174,689,78288174.0,15916.0,75.17,42.95,26.85,Hero Motocorp,0.27516096238564547,42.94999999999982,0.7311991939107557,7.8288174,0.21174
2018-06-14,3694.75,3706.75,3632.95,3684.1,3688.9377917012976,15641,528,57698676.0,10719.0,68.53,73.8,-10.65,Hero Motocorp,-0.40011895428371247,73.80000000000018,-0.2882468367277919,5.7698676,0.15641
2018-06-15,3720.6,3720.6,3655.0,3689.15,3678.5280028357297,19748,686,72643571.0,11234.0,56.89,65.6,-31.45,Hero Motocorp,0.13707554083766116,65.59999999999991,-0.8452937698220667,7.2643571,0.19748
2018-06-18,3676.4,3698.2,3655.05,3668.7,3674.1645233885224,12442,776,45713955.0,2547.0,20.47,43.15,-7.7,Hero Motocorp,-0.5543282327907573,43.149999999999636,-0.20944402132521683,4.5713955,0.12442
2018-06-19,3671.0,3671.0,3625.5,3655.65,3645.3091844389673,9331,632,34014380.0,2052.0,21.99,45.5,-15.35,Hero Motocorp,-0.35571183252922633,45.5,-0.41814219558703103,3.401438,0.09331
2018-06-20,3655.0,3675.6,3643.9,3658.05,3657.2940637176257,8726,568,31913548.0,1859.0,21.3,31.7,3.05,Hero Motocorp,0.06565179926962816,31.699999999999818,0.08344733242134561,3.1913548,0.08726
2018-06-21,3660.0,3673.7,3621.0,3631.55,3647.5754169688175,8274,557,30180039.0,1614.0,19.51,52.7,-28.45,Hero Motocorp,-0.7244296824810981,52.69999999999982,-0.7773224043715797,3.0180039,0.08274
2018-06-22,3620.0,3650.05,3602.15,3640.1,3628.845604979505,13174,1467,47806412.0,4502.0,34.17,47.9,20.1,Hero Motocorp,0.23543665927772128,47.90000000000009,0.5552486187845279,4.7806412,0.13174
2018-06-25,3640.1,3640.1,3571.05,3585.15,3588.9448781481233,14731,1656,52868747.0,5190.0,35.23,69.05,-54.95,Hero Motocorp,-1.5095739128045849,69.04999999999973,-1.5095739128045884,5.2868747,0.14731
2018-06-26,3573.0,3577.1,3536.45,3567.6,3556.5779702970294,12120,1516,43105725.0,3925.0,32.38,40.65,-5.4,Hero Motocorp,-0.48951926697627934,40.65000000000009,-0.1511335012594484,4.3105725,0.1212
2018-06-27,3609.0,3609.0,3522.05,3538.05,3544.6827636576104,34230,1984,121334491.0,25597.0,74.78,86.95,-70.95,Hero Motocorp,-0.8282879246552244,86.94999999999982,-1.9659185369908512,12.1334491,0.3423
2018-06-28,3522.2,3545.3,3476.6,3513.85,3507.894747274529,15135,1745,53091987.0,6327.0,41.8,68.7,-8.35,Hero Motocorp,-0.6839925947909276,68.70000000000027,-0.23706774175231132,5.3091987,0.15135
2018-06-29,3528.6,3531.0,3460.0,3472.05,3491.975913470278,11002,1365,38418719.0,4775.0,43.4,71.0,-56.55,Hero Motocorp,-1.189578382685652,71.0,-1.6026186022785165,3.8418719,0.11002
2018-07-02,3819.0,3819.0,3394.8,3413.6,3464.6234985318974,22478,1866,77877807.0,5919.0,26.33,424.2,-405.4,Hero Motocorp,-1.6834434987975433,424.1999999999998,-10.615344330976697,7.7877807,0.22478
2018-07-03,3450.0,3483.8,3444.0,3453.5,3463.925650557621,15871,1241,54975964.0,3456.0,21.78,39.8,3.5,Hero Motocorp,1.1688539957815713,39.80000000000018,0.10144927536231885,5.4975964,0.15871
2018-07-04,3450.0,3480.0,3417.4,3468.45,3453.0826276412067,12163,1060,41999844.0,2664.0,21.9,62.6,18.45,Hero Motocorp,0.43289416533951464,62.59999999999991,0.5347826086956469,4.1999844,0.12163
2018-07-05,3484.65,3517.2,3458.95,3502.7,3495.256527018822,13176,1752,46053500.0,4905.0,37.23,58.25,18.05,Hero Motocorp,0.9874727904395364,58.25,0.5179860244213831,4.60535,0.13176
2018-07-06,3518.0,3665.0,3489.65,3636.7,3623.32473093392,43205,3745,156545745.0,14828.0,34.32,175.35,118.7,Hero Motocorp,3.8256202358180724,175.3499999999999,3.374076179647522,15.6545745,0.43205
2018-07-09,3690.0,3690.0,3608.3,3622.2,3635.429441811804,16249,1254,59072093.0,6170.0,37.97,81.7,-67.8,Hero Motocorp,-0.39871311903648676,81.69999999999982,-1.8373983739837447,5.9072093,0.16249
2018-07-10,3629.25,3695.0,3570.5,3592.15,3597.1993207386968,28266,2366,101678436.0,11205.0,39.64,124.5,-37.1,Hero Motocorp,-0.8296063166031598,124.5,-1.022249776124541,10.1678436,0.28266
2018-07-11,3552.05,3579.4,3526.15,3540.7,3542.2567306262085,33615,2025,119072960.0,11726.0,34.88,53.25,-11.35,Hero Motocorp,-1.432289854265556,53.25,-0.31953379034642987,11.907296,0.33615
2018-07-12,3551.0,3576.95,3485.0,3498.05,3540.6052713621366,76982,2959,272562875.0,10882.0,14.14,91.95,-52.95,Hero Motocorp,-1.2045640692518345,91.94999999999982,-1.4911292593635546,27.2562875,0.76982
2018-07-13,3505.0,3520.0,3439.0,3460.6,3468.942752072013,18219,1251,63200668.0,6227.0,34.18,81.0,-44.4,Hero Motocorp,-1.070596475179031,81.0,-1.2667617689015718,6.3200668,0.18219
2018-07-16,3470.0,3471.0,3415.0,3423.85,3430.500862856563,9851,1100,33793864.0,3949.0,40.09,56.0,-46.15,Hero Motocorp,-1.0619545743512648,56.0,-1.3299711815561988,3.3793864,0.09851
2018-07-17,3415.0,3510.0,3400.0,3479.55,3472.4587339077207,30061,3518,104385582.0,11025.0,36.68,110.0,64.55,Hero Motocorp,1.626823605006078,110.0,1.8901903367496393,10.4385582,0.30061
2018-07-18,3505.0,3514.8,3476.7,3501.5,3496.5657594016207,9626,866,33657942.0,3018.0,31.35,38.1,-3.5,Hero Motocorp,0.6308286991133949,38.100000000000364,-0.09985734664764623,3.3657942,0.09626
2018-07-19,3510.0,3510.0,3446.05,3458.9,3476.4220615620548,9129,968,31736257.0,3630.0,39.76,63.95,-51.1,Hero Motocorp,-1.216621447950872,63.94999999999982,-1.4558404558404534,3.1736257,0.09129
2018-07-20,3462.0,3489.75,3323.0,3373.15,3386.703752988876,48095,3435,162883517.0,14610.0,30.38,166.75,-88.85,Hero Motocorp,-2.4791118563705195,166.75,-2.56643558636626,16.2883517,0.48095
2018-07-23,3385.1,3385.1,3094.0,3163.9,3185.098191260585,112067,8915,356944399.0,26604.0,23.74,291.1,-221.2,Hero Motocorp,-6.203400382431856,291.0999999999999,-6.534518921154466,35.6944399,1.12067
2018-07-24,3185.6,3208.0,3037.1,3101.45,3125.6073886648414,115799,7913,361942210.0,39044.0,33.72,170.9,-84.15,Hero Motocorp,-1.9738297670596539,170.9000000000001,-2.6415745856353623,36.194221,1.15799
2018-07-25,3141.85,3199.0,3071.1,3111.95,3131.9327613644223,72265,6086,226329121.0,14414.0,19.95,127.9,-29.9,Hero Motocorp,0.33855132276838784,127.90000000000009,-0.9516686028932029,22.6329121,0.72265
2018-07-26,3052.1,3187.65,3052.1,3137.7,3121.662639948442,66721,6350,208280453.0,14685.0,22.01,135.55,85.6,Hero Motocorp,0.8274554539758006,135.55000000000018,2.8046263228596673,20.8280453,0.66721
2018-07-27,3157.85,3230.0,3136.3,3193.8,3197.872750729952,44181,3350,141285216.0,10820.0,24.49,93.7,35.95,Hero Motocorp,1.7879338368869124,93.69999999999982,1.1384327944645969,14.1285216,0.44181
2018-07-30,3181.6,3227.05,3180.0,3205.0,3200.8751421559823,16707,1485,53477021.0,4757.0,28.47,47.05,23.4,Hero Motocorp,0.3506794414177339,47.05000000000018,0.7354790042745817,5.3477021,0.16707
2018-07-31,3210.0,3303.45,3190.05,3293.8,3265.7253785083963,33883,2563,110652573.0,11830.0,34.91,113.4,83.8,Hero Motocorp,2.770670826833088,113.39999999999964,2.6105919003115323,11.0652573,0.33883
