Date,Open Price,High Price,Low Price,Close Price,WAP,No.of Shares,No. of Trades,Total Turnover (Rs.),Deliverable Quantity,% Deli. Qty to Traded Qty,Spread High-Low,Spread Close-Open,Company,Daily Return %,Price Range,Intraday Return %,Turnover Crore,Volume Lakh
2015-01-01,1967.8,1981.2,1957.45,1975.8,1972.204727722121,38031,3712,75004918.0,16232.0,42.68,23.75,8.0,Infosys,0.0,23.75,0.40654538062811263,7.5004918,0.38031
2015-01-02,1975.0,2019.6,1973.9,2013.45,2001.9731523823568,61011,6879,122142384.0,25532.0,41.85,45.7,38.45,Infosys,1.9055572426359024,45.69999999999982,1.946835443037977,12.2142384,0.61011
2015-01-05,2014.7,2029.65,1977.65,1996.6,2006.156214339476,82374,8886,165255112.0,36107.0,43.83,52.0,-18.1,Infosys,-0.836872035560865,52.0,-0.8983967836402509,16.5255112,0.82374
2015-01-06,1984.9,1988.0,1935.0,1956.85,1953.3639670376288,221586,16076,432838108.0,132099.0,59.62,53.0,-28.05,Infosys,-1.9908845036562206,53.0,-1.4131694291903965,43.2838108,2.21586
2015-01-07,1957.1,1975.3,1950.0,1964.8,1965.0994387780129,774738,11785,1522437209.0,696719.0,89.93,25.3,7.7,Infosys,0.406265171065745,25.299999999999955,0.39343927239282844,152.2437209,7.74738
2015-01-08,1982.5,1996.85,1951.0,1974.55,1962.7408131352615,787864,10915,1546372828.0,732650.0,92.99,45.85,-7.95,Infosys,0.4962337133550543,45.84999999999991,-0.40100882723833775,154.6372828,7.87864
2015-01-09,1985.0,2108.0,1914.1,2073.6,2030.330906120916,1128867,114311,2291973559.0,166176.0,14.72,193.9,88.6,Infosys,5.016332835329562,193.9000000000001,4.463476070528963,229.1973559,11.28867
2015-01-12,2095.05,2119.0,2076.25,2114.75,2100.2896125290545,221565,18848,465350668.0,67426.0,30.43,42.75,19.7,Infosys,1.9844714506172867,42.75,0.9403116870718988,46.5350668,2.21565
2015-01-13,2114.4,2114.4,2075.15,2087.25,2087.9450517620558,93215,9527,194627798.0,24996.0,26.82,39.25,-27.15,Infosys,-1.3003901170351106,39.25,-1.284052213393875,19.4627798,0.93215
2015-01-14,2095.0,2135.0,2092.9,2128.8,2111.913160642046,153260,12490,323671811.0,67541.0,44.07,42.1,33.8,Infosys,1.990657563780096,42.09999999999991,1.6133651551312738,32.3671811,1.5326
2015-01-15,2144.0,2152.9,2114.5,2133.95,2137.435726657351,119513,13818,255451356.0,60575.0,50.68,38.4,-10.05,Infosys,0.24192033070271624,38.40000000000009,-0.4687500000000085,25.5451356,1.19513
2015-01-16,2140.2,2147.35,2110.0,2114.15,2122.952300554952,68114,6788,144602773.0,17359.0,25.49,37.35,-26.05,Infosys,-0.9278567913962199,37.34999999999991,-1.2171759648630842,14.4602773,0.68114
2015-01-19,2118.0,2131.0,2095.8,2102.4,2104.536809261844,60895,5767,128155769.0,22841.0,37.51,35.2,-15.6,Infosys,-0.5557789182413786,35.19999999999982,-0.7365439093484376,12.8155769,0.60895
2015-01-20,2102.4,2132.9,2100.45,2122.35,2116.8410916789926,68958,5951,145973128.0,22833.0,33.11,32.45,19.95,Infosys,0.9489155251141357,32.45000000000027,0.9489155251141466,14.5973128,0.68958
2015-01-21,2126.2,2170.0,2117.3,2165.1,2161.0943902439026,360800,9675,779722856.0,23954.0,6.64,52.7,38.9,Infosys,2.014276627323497,52.69999999999982,1.8295550747813045,77.9722856,3.608
2015-01-22,2169.0,2202.0,2161.8,2195.7,2192.096796012816,84270,10865,184727997.0,33394.0,39.63,40.2,26.7,Infosys,1.4133296383538774,40.19999999999982,1.2309820193637537,18.4727997,0.8427
2015-01-23,2200.0,2222.0,2166.75,2214.05,2196.3905317622175,105912,9755,232624114.0,39645.0,37.43,55.25,14.05,Infosys,0.8357243703602579,55.25,0.638636363636372,23.2624114,1.05912
2015-01-27,2214.05,2216.0,2131.0,2136.0,2148.614685246454,112739,13434,242232671.0,53785.0,47.71,85.0,-78.05,Infosys,-3.5252139743908284,85.0,-3.5252139743908306,24.2232671,1.12739
2015-01-28,2146.55,2154.5,2133.0,2145.1,2144.9145727446944,84013,8839,180200708.0,38307.0,45.6,21.5,-1.45,Infosys,0.42602996254681447,21.5,-0.06755025506045854,18.0200708,0.84013
2015-01-29,2135.2,2149.35,2128.25,2142.9,2141.872136957691,158005,12186,338426507.0,76686.0,48.53,21.1,7.7,Infosys,-0.10255932124375589,21.09999999999991,0.3606219557886977,33.8426507,1.58005
2015-01-30,2152.0,2163.6,2126.4,2142.75,2154.6891996377963,241853,5173,521118047.0,209768.0,86.73,37.2,-9.25,Infosys,-0.00699986000279873,37.19999999999982,-0.4298327137546468,52.1118047,2.41853
2015-02-02,2140.0,2151.2,2127.65,2134.35,2141.174697207016,64483,6786,138069368.0,18885.0,29.29,23.55,-5.65,Infosys,-0.3920196009800536,23.549999999999727,-0.2640186915887893,13.8069368,0.64483
2015-02-03,2140.0,2140.0,2103.05,2120.35,2117.937176333066,73571,8347,155818756.0,21147.0,28.74,36.95,-19.65,Infosys,-0.6559374048305089,36.94999999999982,-0.9182242990654248,15.5818756,0.73571
2015-02-04,2128.0,2149.5,2128.0,2142.05,2140.849787296465,54536,6308,116753384.0,12345.0,22.64,21.5,14.05,Infosys,1.0234159454807212,21.5,0.6602443609022641,11.6753384,0.54536
2015-02-05,2144.0,2220.0,2144.0,2193.6,2184.4583344954344,179273,17158,391614399.0,89326.0,49.83,76.0,49.6,Infosys,2.40657314255035,76.0,2.3134328358208913,39.1614399,1.79273
2015-02-06,2193.0,2246.75,2192.4,2229.35,2226.807931321146,121493,11523,270541576.0,23676.0,19.49,54.35,36.35,Infosys,1.6297410649161126,54.34999999999991,1.6575467396260788,27.0541576,1.21493
2015-02-09,2229.35,2255.0,2206.4,2250.2,2239.691237795745,160907,16465,360381998.0,81749.0,50.81,48.6,20.85,Infosys,0.9352501850315109,48.59999999999991,0.9352501850315075,36.0381998,1.60907
2015-02-10,2244.9,2297.4,2225.0,2280.3,2269.5622282148306,141656,13026,321497107.0,55577.0,39.23,72.4,35.4,Infosys,1.3376588747667117,72.40000000000009,1.5769076573566791,32.1497107,1.41656
2015-02-11,2275.0,2295.0,2258.25,2287.2,2279.5879662500206,60563,7467,138058686.0,20058.0,33.12,36.75,12.2,Infosys,0.3025917642415221,36.75,0.5362637362637283,13.8058686,0.60563
2015-02-12,2280.0,2322.85,2275.0,2315.45,2301.372038211769,79766,9095,183571242.0,33981.0,42.6,47.85,35.45,Infosys,1.235134662469406,47.84999999999991,1.5548245614035008,18.3571242,0.79766
2015-02-13,2311.0,2324.9,2286.95,2296.4,2311.3712351113177,109731,5570,253629077.0,69039.0,62.92,37.95,-14.6,Infosys,-0.8227342417240546,37.95000000000027,-0.6317611423626097,25.3629077,1.09731
2015-02-16,2281.0,2305.85,2266.0,2278.5,2284.961866239581,85541,10149,195457923.0,22164.0,25.91,39.85,-2.5,Infosys,-0.7794809266678304,39.84999999999991,-0.10960105217010083,19.5457923,0.85541
2015-02-18,2284.0,2305.0,2261.1,2295.75,2282.060986778089,69884,6639,159479550.0,26665.0,38.16,43.9,11.75,Infosys,0.7570770243581215,43.90000000000009,0.5144483362521891,15.947955,0.69884
2015-02-19,2304.0,2333.9,2292.0,2326.6,2321.485466301625,85835,8847,199264705.0,29728.0,34.63,41.9,22.6,Infosys,1.3437874333006583,41.90000000000009,0.9809027777777738,19.9264705,0.85835
2015-02-20,2324.0,2335.2,2277.0,2284.3,2301.6314211523263,79717,10233,183479152.0,23045.0,28.91,58.2,-39.7,Infosys,-1.8181036705922637,58.19999999999982,-1.7082616179001642,18.3479152,0.79717
2015-02-23,2303.95,2311.0,2253.25,2270.7,2281.91225921976,75951,7344,173313518.0,24969.0,32.88,57.75,-33.25,Infosys,-0.5953683841877333,57.75,-1.4431736799843748,17.3313518,0.75951
2015-02-24,2276.05,2295.0,2258.0,2278.15,2281.0589462402636,52251,7726,119187611.0,13292.0,25.44,37.0,2.1,Infosys,0.32809265865152426,37.0,0.09226510841149838,11.9187611,0.52251
2015-02-25,2290.0,2332.0,2278.35,2318.05,2315.100614216488,161995,10174,375034724.0,102972.0,63.56,53.65,28.05,Infosys,1.7514211092333642,53.65000000000009,1.224890829694331,37.5034724,1.61995
2015-02-26,2314.9,2314.9,2250.0,2259.5,2277.198324862195,69845,8403,159050917.0,22046.0,31.56,64.9,-55.4,Infosys,-2.525829900131582,64.90000000000009,-2.39319193053696,15.9050917,0.69845
2015-02-27,2267.25,2280.85,2258.0,2266.35,2269.2398414857753,50721,4938,115098114.0,12297.0,24.24,22.85,-0.9,Infosys,0.3031644169063874,22.84999999999991,-0.039695666556404934,11.5098114,0.50721
2015-02-28,2270.0,2310.0,2258.0,2294.85,2279.1920677726025,73422,8043,167342840.0,11556.0,15.74,52.0,24.85,Infosys,1.2575286253226459,52.0,1.0947136563876612,16.734284,0.73422
2015-03-02,2300.0,2308.0,2278.4,2291.45,2289.9464798943577,38621,7328,88440023.0,9859.0,25.53,29.6,-8.55,Infosys,-0.14815783166656216,29.59999999999991,-0.3717391304347905,8.8440023,0.38621
2015-03-03,2291.0,2309.0,2279.45,2297.35,2293.917070963525,39781,4220,91254315.0,8455.0,21.25,29.55,6.35,Infosys,0.25747888891314297,29.550000000000182,0.27717154081186857,9.1254315,0.39781
2015-03-04,2299.0,2313.5,2252.35,2272.6,2283.7643847123054,71430,7938,163129290.0,19279.0,26.99,61.15,-26.4,Infosys,-1.0773282259995187,61.15000000000009,-1.1483253588516786,16.312929,0.7143
2015-03-05,2268.4,2297.4,2236.0,2251.7,2255.400293652947,62659,6047,141321127.0,12343.0,19.7,61.4,-16.7,Infosys,-0.9196515004840311,61.40000000000009,-0.7362017280902959,14.1321127,0.62659
2015-03-09,2255.0,2256.0,2179.2,2190.55,2201.0140042646726,121463,10648,267341764.0,32461.0,26.73,76.8,-64.45,Infosys,-2.7157258959896846,76.80000000000018,-2.858093126385801,26.7341764,1.21463
2015-03-10,2200.0,2207.0,2163.3,2200.1,2197.0105490369715,90340,7369,198477933.0,41336.0,45.76,43.7,0.1,Infosys,0.43596357079271897,43.69999999999982,0.004545454545450411,19.8477933,0.9034
2015-03-11,2190.0,2240.0,2172.6,2183.6,2210.509888017124,127073,10867,280896123.0,55436.0,43.63,67.4,-6.4,Infosys,-0.7499659106404266,67.40000000000009,-0.2922374429223786,28.0896123,1.27073
2015-03-12,2184.9,2226.35,2177.5,2217.8,2210.878973360228,86262,7915,190714842.0,33629.0,38.98,48.85,32.9,Infosys,1.5662209195823618,48.84999999999991,1.5057897386608123,19.0714842,0.86262
2015-03-13,2226.1,2228.8,2194.4,2216.45,2211.137557487784,55664,6963,123080761.0,14839.0,26.66,34.4,-9.65,Infosys,-0.06087113355579543,34.40000000000009,-0.43349355374871257,12.3080761,0.55664
2015-03-16,2210.0,2282.0,2210.0,2267.0,2254.183161195848,77167,10568,173948552.0,29231.0,37.88,72.0,57.0,Infosys,2.280674050847087,72.0,2.5791855203619907,17.3948552,0.77167
2015-03-17,2260.2,2278.5,2218.2,2241.95,2249.462587919273,84879,9145,190932135.0,23115.0,27.23,60.3,-18.25,Infosys,-1.104984561093969,60.30000000000018,-0.8074506680824706,19.0932135,0.84879
2015-03-18,2250.0,2260.75,2220.0,2230.2,2239.8665656346966,41571,3944,93113493.0,9568.0,23.02,40.75,-19.8,Infosys,-0.5240973259885373,40.75,-0.880000000000008,9.3113493,0.41571
2015-03-19,2227.0,2244.15,2224.2,2229.9,2228.4184445906467,510708,5515,1138071127.0,463615.0,90.78,19.95,2.9,Infosys,-0.013451708366951642,19.950000000000273,0.13022002694207863,113.8071127,5.10708
2015-03-20,2233.0,2269.5,2233.0,2258.95,2256.706680558026,78706,9129,177616356.0,32761.0,41.62,36.5,25.95,Infosys,1.3027490021974009,36.5,1.1621137483206367,17.7616356,0.78706
2015-03-23,2252.0,2275.0,2226.85,2232.4,2235.7870863720623,360348,6685,805661405.0,302866.0,84.05,48.15,-19.6,Infosys,-1.1753248190530918,48.15000000000009,-0.8703374777975093,80.5661405,3.60348
2015-03-24,2230.0,2252.0,2206.25,2212.1,2225.5007857325586,54726,5590,121792756.0,11356.0,20.75,45.75,-17.9,Infosys,-0.9093352445798342,45.75,-0.8026905829596453,12.1792756,0.54726
2015-03-25,2217.3,2227.7,2200.0,2217.7,2215.1118560290565,73237,7082,162228147.0,20432.0,27.9,27.7,0.4,Infosys,0.2531531124271069,27.699999999999818,0.01803995850807902,16.2228147,0.73237
2015-03-26,2212.0,2213.5,2130.0,2144.45,2163.900265111347,113160,10333,244866954.0,52866.0,46.72,83.5,-67.55,Infosys,-3.3029715470983434,83.5,-3.0537974683544387,24.4866954,1.1316
2015-03-27,2164.0,2225.0,2160.0,2201.95,2203.8648541573807,80772,9486,178010572.0,22781.0,28.2,65.0,37.95,Infosys,2.681340203781857,65.0,1.753696857670971,17.8010572,0.80772
2015-03-30,2214.0,2244.05,2195.45,2229.8,2217.1665689351867,57982,4882,128555752.0,27706.0,47.78,48.6,15.8,Infosys,1.264788028792685,48.600000000000364,0.713640469738039,12.8555752,0.57982
2015-03-31,2243.6,2272.0,2204.85,2216.6,2223.005055915552,76544,8428,170157699.0,22613.0,29.54,67.15,-27.0,Infosys,-0.5919813436182753,67.15000000000009,-1.2034230700659656,17.0157699,0.76544
2015-04-01,2209.4,2209.4,2160.0,2172.25,2171.141174908141,158123,12042,343307356.0,45043.0,28.49,49.4,-37.15,Infosys,-2.0008120544978802,49.40000000000009,-1.6814519779125594,34.3307356,1.58123
2015-04-06,2178.0,2185.0,2162.0,2177.2,2171.639866342858,58059,6408,126083239.0,20363.0,35.07,23.0,-0.8,Infosys,0.2278743238577352,23.0,-0.036730945821863266,12.6083239,0.58059
2015-04-07,2180.0,2183.95,2141.8,2161.25,2160.8390310746963,70057,7693,151381900.0,16496.0,23.55,42.15,-18.75,Infosys,-0.7325923204115292,42.149999999999636,-0.8600917431192661,15.13819,0.70057
2015-04-08,2175.5,2206.85,2174.0,2200.8,2191.5638835146606,39799,4709,87222051.0,12006.0,30.17,32.85,25.3,Infosys,1.829959514170043,32.84999999999991,1.1629510457366206,8.7222051,0.39799
2015-04-09,2210.0,2216.4,2187.0,2211.4,2203.977082415161,34035,4419,75012360.0,7766.0,22.82,29.4,1.4,Infosys,0.4816430388949522,29.40000000000009,0.06334841628959688,7.501236,0.34035
2015-04-10,2210.0,2239.0,2210.0,2233.3,2229.844738826064,46425,4705,103520542.0,16525.0,35.6,29.0,23.3,Infosys,0.9903228723885382,29.0,1.054298642533945,10.3520542,0.46425
2015-04-13,2235.0,2244.0,2217.6,2239.0,2234.180436258449,33879,4133,75691799.0,7200.0,21.25,26.4,4.0,Infosys,0.25522768996550926,26.40000000000009,0.1789709172259508,7.5691799,0.33879
2015-04-15,2238.9,2242.9,2195.5,2213.2,2213.9876258341815,44205,5433,97869323.0,11516.0,26.05,47.4,-25.7,Infosys,-1.1523001339883931,47.40000000000009,-1.147885122158215,9.7869323,0.44205
2015-04-16,2215.0,2230.0,2156.25,2191.1,2178.956719022688,74490,8126,162310486.0,23205.0,31.15,73.75,-23.9,Infosys,-0.9985541297668488,73.75,-1.0790067720090335,16.2310486,0.7449
2015-04-17,2188.0,2195.0,2153.45,2181.95,2178.121752200988,32599,4426,71004591.0,7798.0,23.92,41.55,-6.05,Infosys,-0.41759846652367205,41.55000000000018,-0.27650822669105035,7.1004591,0.32599
2015-04-20,2181.0,2184.0,2117.25,2133.25,2122.7270487235746,803964,8159,1706596129.0,351483.0,43.72,66.75,-47.75,Infosys,-2.2319484864456007,66.75,-2.1893626776707933,170.6596129,8.03964
2015-04-21,2138.0,2152.45,2119.8,2144.4,2137.1728581253087,165766,6313,354270596.0,130810.0,78.91,32.65,6.4,Infosys,0.5226766670573202,32.649999999999636,0.29934518241347474,35.4270596,1.65766
2015-04-22,2146.15,2175.0,2100.25,2138.45,2122.4703022189665,79181,8455,168059321.0,25081.0,31.68,74.75,-7.7,Infosys,-0.27746689050551776,74.75,-0.35878200498568474,16.8059321,0.79181
2015-04-23,2145.3,2145.3,2112.5,2122.55,2122.2612062896037,106525,8014,226073875.0,53834.0,50.54,32.8,-22.75,Infosys,-0.7435291917042508,32.80000000000018,-1.0604577448375518,22.6073875,1.06525
2015-04-24,2131.0,2150.0,1982.0,1996.25,2079.1981050518143,1521097,115788,3162662000.0,450632.0,29.63,168.0,-134.75,Infosys,-5.950389861251804,168.0,-6.323322383857343,316.2662,15.21097
2015-04-27,2001.0,2010.0,1950.0,1986.0,1971.5733733716208,342672,28557,675602991.0,187868.0,54.82,60.0,-15.0,Infosys,-0.5134627426424565,60.0,-0.7496251874062968,67.5602991,3.42672
2015-04-28,1988.0,1988.0,1953.0,1961.35,1962.2814212999217,245184,21573,481120008.0,141635.0,57.77,35.0,-26.65,Infosys,-1.241188318227593,35.0,-1.3405432595573485,48.1120008,2.45184
2015-04-29,1965.0,1972.0,1938.55,1961.6,1957.1303229585117,157079,17042,307424074.0,68827.0,43.82,33.45,-3.4,Infosys,0.01274632268590814,33.450000000000045,-0.17302798982188758,30.7424074,1.57079
2015-04-30,1960.0,1960.15,1932.65,1942.4,1944.1044039570463,349958,18908,680354889.0,141332.0,40.39,27.5,-17.6,Infosys,-0.9787928221859588,27.5,-0.8979591836734647,68.0354889,3.49958
2015-05-04,1961.0,1999.0,1950.0,1994.3,1973.6009995194615,104050,16047,205353184.0,36987.0,35.55,49.0,33.3,Infosys,2.6719522240527205,49.0,1.6981132075471674,20.5353184,1.0405
2015-05-05,2000.0,2005.0,1955.0,1966.75,1970.0245825622255,240455,17679,473702261.0,151351.0,62.94,50.0,-33.25,Infosys,-1.381437095722804,50.0,-1.6625,47.3702261,2.40455
2015-05-06,1979.0,1980.0,1917.5,1922.5,1927.3242371503727,426919,30007,822811336.0,270448.0,63.35,62.5,-56.5,Infosys,-2.249904665056568,62.5,-2.854977261243052,82.2811336,4.26919
2015-05-07,1928.8,1967.0,1911.1,1942.8,1939.7260654918132,128016,16179,248315972.0,39492.0,30.85,55.9,14.0,Infosys,1.0559167750325171,55.90000000000009,0.7258399004562422,24.8315972,1.28016
2015-05-08,1963.9,1968.6,1945.8,1958.0,1956.1227143318365,68142,8837,133294114.0,22756.0,33.39,22.8,-5.9,Infosys,0.7823759522338936,22.799999999999955,-0.30042262844340806,13.3294114,0.68142
2015-05-11,1965.1,2000.0,1954.0,1992.0,1978.300679128342,121332,5962,240031178.0,54896.0,45.24,46.0,26.9,Infosys,1.7364657814096018,46.0,1.3688870795379418,24.0031178,1.21332
2015-05-12,1998.9,1998.9,1941.25,1949.6,1955.013614009836,183414,7686,358576867.0,129049.0,70.36,57.65,-49.3,Infosys,-2.128514056224906,57.65000000000009,-2.4663564960728492,35.8576867,1.83414
2015-05-13,1954.0,1965.0,1932.6,1955.95,1954.604250575696,1676667,12562,3277220445.0,1514983.0,90.36,32.4,1.95,Infosys,0.3257078375051403,32.40000000000009,0.09979529170931656,327.7220445,16.76667
2015-05-14,1960.0,1960.0,1910.0,1934.55,1929.4241270367884,132623,7961,255886016.0,59806.0,45.09,50.0,-25.45,Infosys,-1.094097497379798,50.0,-1.2984693877551043,25.5886016,1.32623
2015-05-15,1935.1,1965.0,1935.0,1959.75,1951.3768081908695,85168,4715,166194860.0,33977.0,39.89,30.0,24.65,Infosys,1.3026285182600628,30.0,1.2738359774688695,16.619486,0.85168
2015-05-18,1964.2,1998.0,1962.05,1991.75,1978.5745100046056,117246,6414,231979947.0,78080.0,66.6,35.95,27.55,Infosys,1.6328613343538745,35.950000000000045,1.4026066591996718,23.1979947,1.17246
2015-05-19,1989.0,2032.7,1984.4,2018.15,2016.7905622598623,92395,6005,186341364.0,23961.0,25.93,48.3,29.15,Infosys,1.3254675536588545,48.299999999999955,1.4655605832076466,18.6341364,0.92395
2015-05-20,2033.55,2051.0,2033.55,2044.7,2044.3187708201867,68143,3972,139306014.0,20817.0,30.55,17.45,11.15,Infosys,1.3155612813715578,17.450000000000045,0.5483022300902408,13.9306014,0.68143
2015-05-21,2049.0,2061.0,2035.0,2043.35,2045.5549027215784,54123,3172,110711568.0,15888.0,29.36,26.0,-5.65,Infosys,-0.06602435565120635,26.0,-0.275744265495368,11.0711568,0.54123
2015-05-22,2045.0,2049.4,2030.05,2041.8,2043.1754166013689,172287,3778,352012563.0,127246.0,73.86,19.35,-3.2,Infosys,-0.07585582499326504,19.350000000000136,-0.1564792176039142,35.2012563,1.72287
2015-05-25,2050.0,2056.9,2007.0,2018.0,2027.5118504255215,84132,4450,170578627.0,37645.0,44.75,49.9,-32.0,Infosys,-1.1656381624057133,49.90000000000009,-1.5609756097560976,17.0578627,0.84132
2015-05-26,2021.0,2031.05,2000.5,2009.3,2015.1125171227156,119724,4617,241257331.0,50685.0,42.33,30.55,-11.7,Infosys,-0.4311199207135852,30.549999999999955,-0.5789213260762022,24.1257331,1.19724
2015-05-27,2015.0,2015.0,1953.75,1969.05,1967.329381117892,137813,6411,271123564.0,68230.0,49.51,61.25,-45.95,Infosys,-2.003185188871748,61.25,-2.2803970223325085,27.1123564,1.37813
2015-05-28,1980.0,2027.0,1976.3,2014.3,1995.6365569149289,105359,5804,210258272.0,46037.0,43.7,50.7,34.3,Infosys,2.298062517457655,50.700000000000045,1.73232323232323,21.0258272,1.05359
2015-05-29,2017.0,2053.5,2003.75,2022.4,2025.2147129122495,186598,9046,377901015.0,63702.0,34.14,49.75,5.4,Infosys,0.4021248076254924,49.75,0.26772434308379234,37.7901015,1.86598
2015-06-01,2030.0,2063.0,2023.3,2045.7,2047.005121719886,79075,5558,161866930.0,31957.0,40.41,39.7,15.7,Infosys,1.1520965189873333,39.700000000000045,0.7733990147783274,16.186693,0.79075
2015-06-02,2045.0,2054.8,2005.1,2008.8,2015.735286488356,138784,6055,279751806.0,75685.0,54.53,49.7,-36.2,Infosys,-1.803783545974491,49.70000000000027,-1.7701711491442567,27.9751806,1.38784
2015-06-03,2020.0,2060.0,2008.25,2023.1,2018.0041050196064,174177,7107,351489901.0,89847.0,51.58,51.75,3.1,Infosys,0.7118677817602448,51.75,0.15346534653464897,35.1489901,1.74177
2015-06-04,2031.0,2056.6,2014.35,2028.05,2036.9003493672055,86442,6500,176073740.0,21354.0,24.7,42.25,-2.95,Infosys,0.2446740151253124,42.25,-0.14524864598720066,17.607374,0.86442
2015-06-05,2039.0,2044.0,2009.15,2012.1,2020.4272729546951,119921,6928,242291659.0,59962.0,50.0,34.85,-26.9,Infosys,-0.7864697615936556,34.84999999999991,-1.3192741539970618,24.2291659,1.19921
2015-06-08,2012.0,2020.25,1990.0,2000.25,2001.396590159257,56073,5177,112224311.0,23496.0,41.9,30.25,-11.75,Infosys,-0.5889369315640325,30.25,-0.5839960238568589,11.2224311,0.56073
2015-06-09,2013.0,2013.0,1985.1,1992.55,1991.3393999680704,162858,4726,324305552.0,120016.0,73.69,27.9,-20.45,Infosys,-0.3849518810148722,27.90000000000009,-1.015896671634379,32.4305552,1.62858
2015-06-10,2010.0,2039.7,1986.0,2026.2,2008.856314688083,106086,5552,213111531.0,36971.0,34.85,53.7,16.2,Infosys,1.6887907455271023,53.700000000000045,0.8059701492537337,21.3111531,1.06086
2015-06-11,2035.0,2045.0,1997.05,2001.85,2012.8875454715576,219093,7132,441009571.0,141026.0,64.37,47.95,-33.15,Infosys,-1.2017569835159447,47.950000000000045,-1.6289926289926335,44.1009571,2.19093
2015-06-12,2002.0,2024.5,1955.5,1976.65,2003.3838685422304,364406,11369,730045102.0,247907.0,68.03,69.0,-25.35,Infosys,-1.2588355770911774,69.0,-1.2662337662337617,73.0045102,3.64406
2015-06-15,980.0,998.85,968.5,991.1,989.0448340315456,352567,8291,348704570.0,159739.0,45.31,30.35,11.1,Infosys,-49.859610957933874,30.350000000000023,1.132653061224492,34.870457,3.52567
2015-06-16,994.0,1002.0,985.0,999.45,994.941391323893,124572,4971,123941839.0,50185.0,40.29,17.0,5.45,Infosys,0.8424982342851495,17.0,0.5482897384305881,12.3941839,1.24572
2015-06-17,1007.0,1020.4,993.3,995.8,1002.82654322218,200684,7792,201251242.0,68163.0,33.97,27.1,-11.2,Infosys,-0.3652008604732693,27.100000000000023,-1.1122144985104314,20.1251242,2.00684
2015-06-18,1000.25,1005.95,996.0,1000.9,1001.3658042790432,98293,3690,98427249.0,31006.0,31.54,9.95,0.65,Infosys,0.5121510343442548,9.950000000000045,0.06498375406148235,9.8427249,0.98293
2015-06-19,1005.0,1010.3,992.5,996.75,1001.406048784183,105608,4277,105756490.0,43656.0,41.34,17.8,-8.25,Infosys,-0.4146268358477312,17.799999999999955,-0.8208955223880596,10.575649,1.05608
2015-06-22,1009.0,1028.8,997.5,1024.4,1010.9978586159064,189597,6460,191682161.0,65351.0,34.47,31.3,15.4,Infosys,2.774015550539266,31.299999999999955,1.5262636273538248,19.1682161,1.89597
2015-06-23,1025.0,1028.0,999.1,1001.15,1005.116606133428,219714,7317,220838190.0,78762.0,35.85,28.9,-23.85,Infosys,-2.2696212417024686,28.899999999999977,-2.326829268292685,22.083819,2.19714
2015-06-24,1010.0,1013.4,991.6,995.1,1001.6710222146116,151837,6050,152090723.0,60856.0,40.08,21.8,-14.9,Infosys,-0.604305049193421,21.799999999999955,-1.475247524752473,15.2090723,1.51837
2015-06-25,1000.0,1003.0,987.85,991.15,995.498802478072,187888,7375,187042279.0,75762.0,40.32,15.15,-8.85,Infosys,-0.3969450306501865,15.149999999999977,-0.8850000000000022,18.7042279,1.87888
2015-06-26,995.0,1011.75,995.0,1006.1,1006.4250152408048,177156,4876,178294230.0,57524.0,32.47,16.75,11.1,Infosys,1.5083488876557638,16.75,1.1155778894472386,17.829423,1.77156
2015-06-29,988.0,999.0,980.0,990.25,989.1599279255789,214778,6250,212449791.0,83957.0,39.09,19.0,2.25,Infosys,-1.5753901202663734,19.0,0.2277327935222672,21.2449791,2.14778
2015-06-30,993.0,993.0,983.1,985.35,987.2345418710179,130902,4604,129230976.0,50087.0,38.26,9.9,-7.65,Infosys,-0.4948245392577655,9.899999999999977,-0.7703927492447107,12.9230976,1.30902
2015-07-01,990.0,1000.0,986.15,997.7,994.901092469762,92268,3922,91797534.0,31249.0,33.87,13.85,7.7,Infosys,1.2533617496321092,13.850000000000023,0.7777777777777823,9.1797534,0.92268
2015-07-02,1000.0,1000.4,985.15,988.15,989.6329251942428,123814,5240,122530411.0,46686.0,37.71,15.25,-11.85,Infosys,-0.9572015635962772,15.25,-1.1850000000000023,12.2530411,1.23814
2015-07-03,987.0,993.0,983.55,989.95,989.6578993421933,97141,4150,96136358.0,34689.0,35.71,9.45,2.95,Infosys,0.1821585791630831,9.450000000000045,0.2988855116514737,9.6136358,0.97141
2015-07-06,980.0,988.25,975.5,983.5,981.1505672727272,137500,5563,134908203.0,48909.0,35.57,12.75,3.5,Infosys,-0.6515480579827315,12.75,0.35714285714285715,13.4908203,1.375
2015-07-07,990.0,990.75,980.05,982.05,985.9005027448713,86525,3317,85305041.0,29621.0,34.23,10.7,-7.95,Infosys,-0.14743263853584931,10.700000000000045,-0.8030303030303076,8.5305041,0.86525
2015-07-08,985.0,985.0,955.0,957.2,962.8057175238976,335285,12533,322814315.0,148620.0,44.33,30.0,-27.8,Infosys,-2.530421057990928,30.0,-2.822335025380706,32.2814315,3.35285
2015-07-09,960.0,966.95,934.0,937.7,942.9078428060259,325585,15038,306996650.0,158706.0,48.74,32.95,-22.3,Infosys,-2.0371918094442165,32.950000000000045,-2.322916666666662,30.699665,3.25585
2015-07-10,950.0,951.85,932.55,937.0,941.2388344597884,154023,7338,144972429.0,82247.0,53.4,19.3,-13.0,Infosys,-0.07465074117521953,19.300000000000068,-1.368421052631579,14.4972429,1.54023
2015-07-13,940.0,954.45,934.1,950.05,944.6203840694915,199391,6540,188348803.0,91416.0,45.85,20.35,10.05,Infosys,1.392742796157953,20.350000000000023,1.069148936170208,18.8348803,1.99391
2015-07-14,955.0,973.6,945.35,970.1,960.4495299605843,268169,7912,257562790.0,111359.0,41.53,28.25,15.1,Infosys,2.1104152413030874,28.25,1.5811518324607354,25.756279,2.68169
2015-07-15,971.9,985.2,969.0,982.65,980.4084391248315,135014,5381,132368865.0,43844.0,32.47,16.2,10.75,Infosys,1.29368106380785,16.200000000000045,1.1060808725177487,13.2368865,1.35014
2015-07-16,985.5,991.2,979.1,987.8,986.7561079329722,98765,3741,97456967.0,34106.0,34.53,12.1,2.3,Infosys,0.5240930137892397,12.100000000000023,0.23338406900050274,9.7456967,0.98765
2015-07-17,989.9,1003.95,989.0,1002.0,998.5962875277049,198520,5046,198241335.0,118016.0,59.45,14.95,12.1,Infosys,1.4375379631504481,14.950000000000045,1.2223456914839905,19.8241335,1.9852
2015-07-20,1003.25,1010.0,987.25,1001.9,998.9848566823987,173740,6504,173563629.0,68504.0,39.43,22.75,-1.35,Infosys,-0.009980039920165495,22.75,-0.13456267131821806,17.3563629,1.7374
2015-07-21,1022.2,1127.75,1022.2,1112.65,1099.859541537778,1417565,52759,1559122391.0,354984.0,25.04,105.55,90.45,Infosys,11.053997404930648,105.54999999999995,8.848561925259249,155.9122391,14.17565
2015-07-22,1105.0,1111.45,1075.75,1102.6,1100.1565071969983,304363,11970,334846935.0,85500.0,28.09,35.7,-2.4,Infosys,-0.9032490001348314,35.700000000000045,-0.21719457013575483,33.4846935,3.04363
2015-07-23,1103.0,1117.7,1091.0,1098.85,1105.4910057969282,184063,8066,203479991.0,49956.0,27.14,26.7,-4.15,Infosys,-0.3401052058770171,26.700000000000045,-0.3762466001813319,20.3479991,1.84063
2015-07-24,1100.0,1106.2,1082.4,1089.35,1090.7752364782923,123690,6291,134917989.0,48019.0,38.82,23.8,-10.65,Infosys,-0.864540201119357,23.799999999999955,-0.9681818181818266,13.4917989,1.2369
2015-07-27,1089.0,1089.0,1060.5,1065.0,1069.6451233629984,221136,6408,236537044.0,148497.0,67.15,28.5,-24.0,Infosys,-2.235277918024503,28.5,-2.203856749311295,23.6537044,2.21136
2015-07-28,1077.0,1077.0,1055.5,1063.5,1066.2779531180613,126104,4867,134461915.0,30156.0,23.91,21.5,-13.5,Infosys,-0.14084507042253502,21.5,-1.2534818941504178,13.4461915,1.26104
2015-07-29,1068.0,1092.25,1065.0,1085.2,1082.3312568565925,130349,5239,141080797.0,47716.0,36.61,27.25,17.2,Infosys,2.040432534085568,27.25,1.610486891385772,14.1080797,1.30349
2015-07-30,1090.0,1090.0,1059.75,1069.1,1078.111550924056,111411,4802,120113486.0,33854.0,30.39,30.25,-20.9,Infosys,-1.4835974935495932,30.25,-1.9174311926605587,12.0113486,1.11411
2015-07-31,1079.0,1081.2,1061.6,1078.05,1071.647481161865,143459,6395,153737476.0,36876.0,25.7,19.6,-0.95,Infosys,0.8371527452997851,19.600000000000136,-0.08804448563485129,15.3737476,1.43459
2015-08-03,1080.0,1091.5,1069.0,1079.05,1080.7833359609017,126860,4868,137108174.0,36279.0,28.6,22.5,-0.95,Infosys,0.09276007606326964,22.5,-0.08796296296296717,13.7108174,1.2686
2015-08-04,1078.0,1080.0,1053.0,1059.8,1061.5528304779643,176101,9777,186940515.0,49716.0,28.23,27.0,-18.2,Infosys,-1.7839766461239082,27.0,-1.6883116883116926,18.6940515,1.76101
2015-08-05,1065.0,1090.0,1065.0,1086.55,1080.5633639699067,107932,4177,116627365.0,40846.0,37.84,25.0,21.55,Infosys,2.524061143612011,25.0,2.0234741784037515,11.6627365,1.07932
2015-08-06,1090.2,1105.95,1079.0,1089.45,1090.6203187272424,185927,6851,202775764.0,39789.0,21.4,26.95,-0.75,Infosys,0.2668998205328954,26.950000000000045,-0.06879471656576774,20.2775764,1.85927
2015-08-07,1089.45,1100.9,1080.0,1095.6,1095.6021519061699,102142,4011,111906995.0,38965.0,38.15,20.9,6.15,Infosys,0.5645050254715622,20.90000000000009,0.5645050254715557,11.1906995,1.02142
2015-08-10,1097.0,1106.0,1068.1,1081.95,1092.047023438717,102736,4320,112192543.0,32017.0,31.16,37.9,-15.05,Infosys,-1.2458926615553034,37.90000000000009,-1.3719234275296222,11.2192543,1.02736
2015-08-11,1098.9,1115.0,1073.5,1104.35,1104.327590284408,228334,10198,252155536.0,103435.0,45.3,41.5,5.45,Infosys,2.0703359674661304,41.5,0.49595049595047935,25.2155536,2.28334
2015-08-12,1110.0,1147.0,1110.0,1141.75,1135.0529885061983,254659,9800,289051459.0,105066.0,41.26,37.0,31.75,Infosys,3.386607506678141,37.0,2.8603603603603602,28.9051459,2.54659
2015-08-13,1147.0,1166.0,1130.0,1156.85,1155.9835798556085,295308,11818,341371199.0,93262.0,31.58,36.0,9.85,Infosys,1.3225312021020175,36.0,0.858761987794238,34.1371199,2.95308
2015-08-14,1166.0,1168.8,1143.0,1149.0,1157.437878828914,184615,9402,213680394.0,64931.0,35.17,25.8,-17.0,Infosys,-0.6785667977697973,25.799999999999955,-1.4579759862778732,21.3680394,1.84615
2015-08-17,1150.0,1150.75,1122.5,1141.85,1135.437869258624,94446,5825,107237565.0,28575.0,30.26,28.25,-8.15,Infosys,-0.6222802436901764,28.25,-0.7086956521739209,10.7237565,0.94446
2015-08-18,1147.0,1177.0,1147.0,1163.8,1167.3673999180216,182975,7294,213599050.0,48801.0,26.67,30.0,16.8,Infosys,1.922319043657228,30.0,1.4646904969485575,21.359905,1.82975
2015-08-19,1166.0,1186.0,1163.8,1175.05,1178.013423667824,284572,7715,335229636.0,158525.0,55.71,22.2,9.05,Infosys,0.9666609383055524,22.200000000000045,0.7761578044596874,33.5229636,2.84572
2015-08-20,1170.0,1170.0,1130.2,1138.2,1141.7669830462999,238532,11235,272347962.0,76782.0,32.19,39.8,-31.8,Infosys,-3.136036764393002,39.799999999999955,-2.717948717948714,27.2347962,2.38532
2015-08-21,1141.0,1159.4,1119.1,1150.6,1145.480171268652,232617,9274,266458161.0,58540.0,25.17,40.3,9.6,Infosys,1.0894394658232276,40.30000000000018,0.8413672217353119,26.6458161,2.32617
2015-08-24,1120.0,1123.0,1080.05,1092.65,1108.5637742434972,340349,14281,377298572.0,129960.0,38.18,42.95,-27.35,Infosys,-5.03650269424647,42.950000000000045,-2.4419642857142776,37.7298572,3.40349
2015-08-25,1096.0,1120.0,1045.0,1086.5,1084.4610172579023,252522,11367,273850265.0,91195.0,36.11,75.0,-9.5,Infosys,-0.5628517823639823,75.0,-0.8667883211678832,27.3850265,2.52522
2015-08-26,1099.0,1099.0,1059.6,1065.35,1076.6231522887604,187394,8081,201752719.0,44544.0,23.77,39.4,-33.65,Infosys,-1.9466175793833473,39.40000000000009,-3.061874431301191,20.1752719,1.87394
2015-08-27,1090.0,1098.9,1076.5,1084.1,1087.5390832881512,119885,5994,130379623.0,34371.0,28.67,22.4,-5.9,Infosys,1.759984981461482,22.40000000000009,-0.5412844036697331,13.0379623,1.19885
2015-08-28,1095.2,1124.0,1095.0,1110.7,1114.2814914856135,170300,8106,189762138.0,43051.0,25.28,29.0,15.5,Infosys,2.4536481874365856,29.0,1.4152666179693205,18.9762138,1.703
2015-08-31,1130.0,1130.0,1083.6,1095.2,1100.559998974201,194970,10534,214576183.0,60586.0,31.07,46.4,-34.8,Infosys,-1.395516341046188,46.40000000000009,-3.079646017699111,21.4576183,1.9497
2015-09-01,1089.95,1114.4,1082.1,1089.65,1101.2792301003792,194363,9176,214047935.0,68924.0,35.46,32.3,-0.3,Infosys,-0.5067567567567544,32.30000000000018,-0.027524198357718656,21.4047935,1.94363
2015-09-02,1100.0,1114.6,1090.1,1100.3,1103.9723636965543,157076,6925,173407563.0,36044.0,22.95,24.5,0.3,Infosys,0.9773780571743051,24.5,0.02727272727272314,17.3407563,1.57076
2015-09-03,1110.0,1111.05,1093.95,1100.65,1101.1787659444037,84826,4220,93408590.0,23099.0,27.23,17.1,-9.35,Infosys,0.031809506498237106,17.09999999999991,-0.8423423423423341,9.340859,0.84826
2015-09-04,1107.8,1110.0,1068.0,1073.8,1078.0894839891366,158330,8850,170693908.0,51788.0,32.71,42.0,-34.0,Infosys,-2.439467587334765,42.0,-3.0691460552446292,17.0693908,1.5833
2015-09-07,1081.0,1084.0,1055.0,1059.6,1065.6136187279303,114695,5734,122220554.0,31725.0,27.66,29.0,-21.4,Infosys,-1.3224064071521768,29.0,-1.9796484736355309,12.2220554,1.14695
2015-09-08,1063.0,1074.45,1052.35,1059.3,1064.7503862814888,144972,5560,154358993.0,46298.0,31.94,22.1,-3.7,Infosys,-0.028312570781419133,22.100000000000136,-0.3480714957667023,15.4358993,1.44972
2015-09-09,1088.0,1099.0,1072.5,1088.5,1088.288343932221,147657,5827,160693392.0,42110.0,28.52,26.5,0.5,Infosys,2.7565373359765832,26.5,0.04595588235294117,16.0693392,1.47657
2015-09-10,1088.0,1091.0,1061.7,1080.35,1079.2973531579453,124828,5696,134726530.0,41895.0,33.56,29.3,-7.65,Infosys,-0.7487367937528799,29.299999999999955,-0.7031250000000083,13.472653,1.24828
2015-09-11,1092.0,1105.45,1085.25,1090.7,1095.1142474643189,132213,6020,144788340.0,43983.0,33.27,20.2,-1.3,Infosys,0.9580228629610943,20.200000000000045,-0.11904761904761488,14.478834,1.32213
2015-09-14,1096.2,1100.0,1082.55,1097.75,1094.139898846394,87985,6210,96267899.0,21652.0,24.61,17.45,1.55,Infosys,0.6463738883285997,17.450000000000045,0.14139755519065447,9.6267899,0.87985
2015-09-15,1099.0,1104.3,1088.1,1098.4,1097.9174997369253,85527,3608,93901590.0,34061.0,39.82,16.2,-0.6,Infosys,0.059212024595778345,16.200000000000045,-0.05459508644221193,9.390159,0.85527
2015-09-16,1105.0,1108.45,1098.2,1101.5,1102.068436571222,254703,2854,280700137.0,211722.0,83.13,10.25,-3.5,Infosys,0.2822286962854914,10.25,-0.3167420814479638,28.0700137,2.54703
2015-09-18,1110.0,1118.0,1099.25,1104.75,1111.4521373256173,143076,4135,159022126.0,39940.0,27.92,18.75,-5.25,Infosys,0.29505220154335543,18.75,-0.472972972972973,15.9022126,1.43076
2015-09-21,1105.0,1108.8,1093.55,1104.65,1102.9697275363649,87241,3521,96224182.0,32883.0,37.69,15.25,-0.35,Infosys,-0.009051821679106897,15.25,-0.03167420814478815,9.6224182,0.87241
2015-09-22,1115.0,1135.4,1100.0,1105.5,1121.4410033787892,189121,8809,212088044.0,60326.0,31.9,35.4,-9.5,Infosys,0.07694744941835197,35.40000000000009,-0.8520179372197308,21.2088044,1.89121
2015-09-23,1109.8,1126.0,1097.5,1116.65,1113.75760431532,111417,4650,124091531.0,31718.0,28.47,28.5,6.85,Infosys,1.0085933966531124,28.5,0.6172283294287383,12.4091531,1.11417
2015-09-24,1111.0,1149.6,1110.05,1141.4,1138.2674484651382,198943,10331,226450341.0,53715.0,27.0,39.55,30.4,Infosys,2.2164509918058517,39.549999999999955,2.7362736273627446,22.6450341,1.98943
2015-09-28,1140.0,1143.35,1103.05,1108.2,1116.4392113192716,152660,10450,170435610.0,53962.0,35.35,40.3,-31.8,Infosys,-2.908708603469423,40.299999999999955,-2.789473684210522,17.043561,1.5266
2015-09-29,1102.0,1132.0,1098.0,1121.1,1120.3577224131348,167616,7461,187789880.0,36552.0,21.81,34.0,19.1,Infosys,1.164049810503509,34.0,1.733212341197814,18.778988,1.67616
2015-09-30,1133.0,1165.35,1127.55,1160.45,1150.6989162661364,217212,8901,249945613.0,71646.0,32.98,37.8,27.45,Infosys,3.509945589153518,37.799999999999955,2.4227714033539316,24.9945613,2.17212
2015-10-01,1169.9,1197.0,1162.35,1173.25,1180.5597391032936,217864,11948,257201467.0,71732.0,32.93,34.65,3.35,Infosys,1.1030203800249883,34.65000000000009,0.28634926062055804,25.7201467,2.17864
2015-10-05,1176.05,1188.9,1162.55,1180.5,1176.3615961267112,149537,7897,175909584.0,44843.0,29.99,26.35,4.45,Infosys,0.6179416151715245,26.350000000000136,0.37838527273500666,17.5909584,1.49537
2015-10-06,1185.0,1190.0,1148.6,1154.85,1160.6636107298073,201793,10599,234213792.0,83123.0,41.19,41.4,-30.15,Infosys,-2.172808132147408,41.40000000000009,-2.544303797468362,23.4213792,2.01793
2015-10-07,1157.9,1168.9,1128.35,1133.15,1145.6042000853556,203853,8252,233534853.0,104290.0,51.16,40.55,-24.75,Infosys,-1.8790319089059038,40.55000000000018,-2.137490284135072,23.3534853,2.03853
2015-10-08,1140.0,1149.65,1126.0,1132.45,1137.6296184109497,141959,7735,161496763.0,67333.0,47.43,23.65,-7.55,Infosys,-0.061774698848349185,23.65000000000009,-0.6622807017543819,16.1496763,1.41959
2015-10-09,1133.0,1172.6,1133.0,1167.85,1153.6359264015575,363649,10849,419518551.0,233741.0,64.28,39.6,34.85,Infosys,3.1259658263057766,39.59999999999991,3.075904677846417,41.9518551,3.63649
2015-10-12,1202.7,1219.0,1108.9,1122.5,1147.6988386765852,1271136,50172,1458881311.0,298809.0,23.51,110.1,-80.2,Infosys,-3.8832041786188265,110.09999999999991,-6.668329591751895,145.8881311,12.71136
2015-10-13,1107.0,1114.8,1087.1,1098.65,1097.4373794163093,458188,20085,502832638.0,148845.0,32.49,27.7,-8.35,Infosys,-2.124721603563462,27.700000000000045,-0.7542908762420876,50.2832638,4.58188
2015-10-14,1090.0,1115.0,1090.0,1097.45,1104.1086940217665,240004,10864,264990503.0,89707.0,37.38,25.0,7.45,Infosys,-0.109224957902887,25.0,0.6834862385321143,26.4990503,2.40004
2015-10-15,1102.0,1108.0,1089.0,1097.0,1095.912531762142,207401,9216,227293355.0,87170.0,42.03,19.0,-5.0,Infosys,-0.04100414597476565,19.0,-0.4537205081669692,22.7293355,2.07401
2015-10-16,1100.0,1103.2,1090.0,1093.75,1094.4679699724954,145067,6592,158771185.0,47814.0,32.96,13.2,-6.25,Infosys,-0.29626253418414406,13.200000000000045,-0.5681818181818182,15.8771185,1.45067
2015-10-19,1100.0,1117.0,1100.0,1112.2,1109.1784997158552,158370,7142,175660599.0,60567.0,38.24,17.0,12.2,Infosys,1.6868571428571455,17.0,1.1090909090909131,17.5660599,1.5837
2015-10-20,1113.0,1129.8,1111.6,1125.35,1121.5514430400592,170023,8083,190689541.0,70736.0,41.6,18.2,12.35,Infosys,1.1823413055205734,18.200000000000045,1.10961365678346,19.0689541,1.70023
2015-10-21,1125.95,1146.0,1125.35,1137.6,1138.107236003415,171006,7815,194623166.0,69528.0,40.66,20.65,11.65,Infosys,1.0885502288177085,20.65000000000009,1.0346818242372986,19.4623166,1.71006
2015-10-23,1140.0,1152.0,1125.1,1148.55,1141.4977043774338,149197,6685,170308033.0,57460.0,38.51,26.9,8.55,Infosys,0.9625527426160296,26.90000000000009,0.749999999999996,17.0308033,1.49197
2015-10-26,1150.0,1157.25,1143.0,1151.4,1150.4556054060042,108324,4300,124621953.0,31219.0,28.82,14.25,1.4,Infosys,0.24813895781639062,14.25,0.12173913043479051,12.4621953,1.08324
2015-10-27,1151.0,1154.0,1144.0,1148.45,1149.3437241465433,64063,3069,73630407.0,22993.0,35.89,10.0,-2.55,Infosys,-0.2562098315094685,10.0,-0.22154648132058685,7.3630407,0.64063
2015-10-28,1146.0,1160.0,1139.5,1151.35,1147.3409016326195,97512,4264,111879506.0,37263.0,38.21,20.5,5.35,Infosys,0.25251425834820207,20.5,0.4668411867364668,11.1879506,0.97512
2015-10-29,1150.0,1155.0,1136.0,1142.7,1143.200704225352,67592,4072,77271222.0,24360.0,36.04,19.0,-7.3,Infosys,-0.7512919616102676,19.0,-0.6347826086956482,7.7271222,0.67592
2015-10-30,1142.7,1144.0,1130.5,1136.05,1134.936642324051,74766,3673,84854673.0,29709.0,39.74,13.5,-6.65,Infosys,-0.5819550188150946,13.5,-0.581955018815095,8.4854673,0.74766
2015-11-02,1130.0,1135.0,1114.3,1131.55,1124.16942421413,80325,4377,90298909.0,28758.0,35.8,20.7,1.55,Infosys,-0.39610932617402117,20.700000000000045,0.13716814159291632,9.0298909,0.80325
2015-11-03,1134.0,1149.0,1134.0,1143.0,1142.647383806442,108784,5540,124301753.0,39026.0,35.87,15.0,9.0,Infosys,1.0118863505810705,15.0,0.7936507936507936,12.4301753,1.08784
2015-11-04,1148.0,1155.6,1133.1,1137.05,1142.5321210153163,92385,4374,105552830.0,34112.0,36.92,22.5,-10.95,Infosys,-0.5205599300087571,22.5,-0.9538327526132444,10.555283,0.92385
2015-11-05,1139.0,1144.85,1117.05,1122.45,1135.314619416434,145382,3336,165054310.0,23638.0,16.26,27.8,-16.55,Infosys,-1.284024449232657,27.799999999999955,-1.4530289727831391,16.505431,1.45382
2015-11-06,1125.0,1142.7,1125.0,1138.05,1137.4562501540051,81166,4648,92322774.0,29508.0,36.36,17.7,13.05,Infosys,1.3898169183482523,17.700000000000045,1.159999999999996,9.2322774,0.81166
2015-11-09,1120.0,1137.65,1115.0,1133.95,1125.726449354151,91972,4417,103535313.0,27502.0,29.9,22.65,13.95,Infosys,-0.3602653661965549,22.65000000000009,1.2455357142857182,10.3535313,0.91972
2015-11-10,1134.0,1134.0,1102.0,1106.4,1115.708962579646,113628,4853,126775778.0,44252.0,38.94,32.0,-27.6,Infosys,-2.42956038626041,32.0,-2.4338624338624255,12.6775778,1.13628
2015-11-11,1115.0,1119.45,1104.0,1109.15,1110.7329083533405,60395,3505,67082714.0,35173.0,58.24,15.45,-5.85,Infosys,0.24855386840203497,15.450000000000045,-0.5246636771300367,6.7082714,0.60395
2015-11-13,1107.0,1107.0,1090.0,1100.45,1097.050735736247,88143,4771,96697343.0,36563.0,41.48,17.0,-6.55,Infosys,-0.7843844385340137,17.0,-0.5916892502258315,9.6697343,0.88143
2015-11-16,1085.0,1093.75,1067.1,1080.2,1080.9087170069995,159011,10148,171876376.0,55247.0,34.74,26.65,-4.8,Infosys,-1.8401562996955834,26.65000000000009,-0.44239631336405116,17.1876376,1.59011
2015-11-17,1082.0,1084.0,1052.05,1061.1,1061.597431821404,331519,11824,351939719.0,169568.0,51.15,31.95,-20.9,Infosys,-1.7681910757267327,31.950000000000045,-1.9316081330868844,35.1939719,3.31519
2015-11-18,1044.0,1044.35,1012.25,1019.85,1030.7805285533275,408814,17648,421397511.0,188667.0,46.15,32.1,-24.15,Infosys,-3.887475261521056,32.09999999999991,-2.3132183908045953,42.1397511,4.08814
2015-11-19,1032.0,1051.75,1024.6,1047.3,1037.3703182679835,300690,8191,311926881.0,177041.0,58.88,27.15,15.3,Infosys,2.691572290042643,27.15000000000009,1.4825581395348792,31.1926881,3.0069
2015-11-20,1050.0,1062.0,1042.65,1052.9,1055.0931633868315,141064,7655,148835662.0,40879.0,28.98,19.35,2.9,Infosys,0.5347082975269979,19.34999999999991,0.27619047619048487,14.8835662,1.41064
2015-11-23,1051.5,1061.3,1038.05,1053.5,1053.0308777028968,125236,7038,131877375.0,37983.0,30.33,23.25,2.0,Infosys,0.05698546870547272,23.25,0.1902044698050404,13.1877375,1.25236
2015-11-24,1045.0,1050.0,1037.0,1041.0,1043.3213531180872,120699,6339,125927844.0,36705.0,30.41,13.0,-4.0,Infosys,-1.186521120075934,13.0,-0.3827751196172249,12.5927844,1.20699
2015-11-26,1044.0,1058.7,1035.0,1053.2,1051.7945874972645,123381,6058,129771468.0,45890.0,37.19,23.7,9.2,Infosys,1.1719500480307454,23.700000000000045,0.8812260536398511,12.9771468,1.23381
2015-11-27,1050.0,1069.65,1046.2,1066.3,1059.4909092458167,117372,6761,124354567.0,39842.0,33.95,23.45,16.3,Infosys,1.2438283327003363,23.450000000000045,1.552380952380948,12.4354567,1.17372
2015-11-30,1070.0,1098.0,1056.0,1088.45,1079.5883979553173,150439,7823,162412199.0,41115.0,27.33,42.0,18.45,Infosys,2.0772765638188195,42.0,1.7242990654205652,16.2412199,1.50439
2015-12-01,1088.5,1093.05,1072.0,1076.65,1081.4468699435126,103209,5433,111615050.0,27722.0,26.86,21.05,-11.85,Infosys,-1.084110432266061,21.049999999999955,-1.0886541111621413,11.161505,1.03209
2015-12-02,1082.0,1082.0,1058.05,1060.2,1064.2175428463308,100417,5128,106865533.0,35947.0,35.8,23.95,-21.8,Infosys,-1.5278874285979738,23.950000000000045,-2.0147874306839144,10.6865533,1.00417
2015-12-03,1062.5,1065.25,1050.0,1056.0,1059.5535651781177,177130,5443,187678723.0,96572.0,54.52,15.25,-6.5,Infosys,-0.3961516694963252,15.25,-0.611764705882353,18.7678723,1.7713
2015-12-04,1053.0,1063.6,1040.9,1047.8,1046.242827421631,313869,7232,328383190.0,203599.0,64.87,22.7,-5.2,Infosys,-0.7765151515151558,22.699999999999818,-0.49382716049383146,32.838319,3.13869
2015-12-07,1052.0,1058.55,1040.25,1045.85,1048.9806621218197,89772,4081,94169092.0,31914.0,35.55,18.3,-6.15,Infosys,-0.18610421836228186,18.299999999999955,-0.5846007604562824,9.4169092,0.89772
2015-12-08,1045.0,1062.0,1041.1,1044.95,1051.3867445678,92596,4845,97354207.0,22868.0,24.7,20.9,-0.05,Infosys,-0.08605440550747412,20.90000000000009,-0.004784688995210959,9.7354207,0.92596
2015-12-09,1044.0,1047.6,1023.5,1029.35,1036.0286382106704,371357,11241,384736487.0,169605.0,45.67,24.1,-14.65,Infosys,-1.4928943968611108,24.09999999999991,-1.4032567049808515,38.4736487,3.71357
2015-12-10,1035.1,1051.5,1030.45,1046.4,1040.2398217852203,214797,7345,223440393.0,102355.0,47.65,21.05,11.3,Infosys,1.6563850973915661,21.049999999999955,1.0916819630953707,22.3440393,2.14797
2015-12-11,1050.1,1060.9,1046.0,1052.35,1052.8362093429382,183240,6780,192921707.0,75046.0,40.96,14.9,2.25,Infosys,0.5686162079510559,14.900000000000091,0.21426530806589852,19.2921707,1.8324
2015-12-14,1050.0,1073.3,1049.0,1069.5,1065.5562621120052,152225,7336,162204302.0,56854.0,37.35,24.3,19.5,Infosys,1.6296859409892228,24.299999999999955,1.8571428571428572,16.2204302,1.52225
2015-12-15,1075.0,1079.8,1058.15,1076.9,1071.0917227781097,122227,4840,130916328.0,38878.0,31.81,21.65,1.9,Infosys,0.6919121084619118,21.649999999999864,0.1767441860465201,13.0916328,1.22227
2015-12-16,1080.0,1097.8,1080.0,1095.4,1091.8998790555818,114102,5246,124587960.0,48428.0,42.44,17.8,15.4,Infosys,1.717893954870453,17.799999999999955,1.4259259259259343,12.458796,1.14102
2015-12-17,1100.0,1110.0,1088.0,1106.95,1098.9029565319163,239233,6472,262893851.0,140976.0,58.93,22.0,6.95,Infosys,1.054409348183305,22.0,0.6318181818181859,26.2893851,2.39233
2015-12-18,1098.0,1102.95,1080.1,1085.95,1091.4149163835325,181304,6650,197877890.0,41777.0,23.04,22.85,-12.05,Infosys,-1.8971046569402406,22.850000000000136,-1.0974499089253147,19.787789,1.81304
2015-12-21,1075.0,1104.75,1070.9,1102.0,1092.875322586347,113148,5499,123656657.0,24570.0,21.71,33.85,27.0,Infosys,1.4779685989225966,33.84999999999991,2.511627906976744,12.3656657,1.13148
2015-12-22,1100.0,1100.0,1080.5,1083.6,1086.8466464674289,101654,3842,110482309.0,33617.0,33.07,19.5,-16.4,Infosys,-1.6696914700544574,19.5,-1.4909090909090992,11.0482309,1.01654
2015-12-23,1088.0,1100.0,1087.0,1098.0,1095.4636632183501,84969,3308,93080452.0,23689.0,27.88,13.0,10.0,Infosys,1.3289036544850585,13.0,0.9191176470588236,9.3080452,0.84969
2015-12-24,1100.0,1103.4,1090.4,1095.85,1095.3738234176224,44727,2099,48992785.0,11208.0,25.06,13.0,-4.15,Infosys,-0.19581056466303481,13.0,-0.37727272727273553,4.8992785,0.44727
2015-12-28,1092.7,1107.6,1090.0,1101.65,1103.1238202953189,79575,3689,87781078.0,23485.0,29.51,17.6,8.95,Infosys,0.5292695168134465,17.59999999999991,0.8190720234282096,8.7781078,0.79575
2015-12-29,1101.1,1109.65,1097.5,1103.75,1104.2784726793943,56203,3066,62063763.0,15290.0,27.2,12.15,2.65,Infosys,0.1906231561748184,12.150000000000091,0.24066842248661258,6.2063763,0.56203
2015-12-30,1100.0,1106.35,1083.5,1086.05,1091.397715586092,91402,3251,99755934.0,46430.0,50.8,22.85,-13.95,Infosys,-1.603624009060023,22.84999999999991,-1.2681818181818223,9.9755934,0.91402
2015-12-31,1088.0,1109.0,1088.0,1104.55,1098.0956831054868,80683,3749,88597654.0,25862.0,32.05,21.0,16.55,Infosys,1.70342065282445,21.0,1.5211397058823488,8.8597654,0.80683
2016-01-01,1100.0,1108.9,1094.3,1103.15,1102.540583485764,54123,2595,59672804.0,11364.0,21.0,14.6,3.15,Infosys,-0.126748449594849,14.600000000000136,0.2863636363636446,5.9672804,0.54123
2016-01-04,1103.15,1103.15,1077.5,1080.6,1087.9110660319727,86761,4826,94388252.0,32291.0,37.22,25.65,-22.55,Infosys,-2.0441463082989775,25.65000000000009,-2.0441463082989784,9.4388252,0.86761
2016-01-05,1083.0,1088.0,1063.0,1074.8,1073.7103813129604,118328,5022,127050002.0,38125.0,32.22,25.0,-8.2,Infosys,-0.53673884878771,25.0,-0.757156048014778,12.7050002,1.18328
2016-01-06,1073.0,1074.5,1059.1,1069.45,1066.8494032750484,108090,4874,115315752.0,42332.0,39.16,15.4,-3.55,Infosys,-0.49776702642351234,15.400000000000091,-0.33084808946877486,11.5315752,1.0809
2016-01-07,1060.0,1067.95,1048.3,1051.25,1057.6551255164968,96322,5195,101875457.0,36896.0,38.3,19.65,-8.75,Infosys,-1.7018093412501822,19.65000000000009,-0.8254716981132075,10.1875457,0.96322
2016-01-08,1056.0,1068.5,1055.9,1062.65,1061.3640929659553,84418,4808,89598234.0,29357.0,34.78,12.6,6.65,Infosys,1.0844233055886,12.599999999999909,0.6297348484848572,8.9598234,0.84418
2016-01-11,1060.0,1069.45,1052.5,1057.1,1057.529268425178,257718,5613,272544328.0,147447.0,57.21,16.95,-2.9,Infosys,-0.5222792076412963,16.950000000000045,-0.27358490566038596,27.2544328,2.57718
2016-01-12,1059.0,1061.5,1031.85,1050.05,1046.0134097699752,139898,6383,146335184.0,58175.0,41.58,29.65,-8.95,Infosys,-0.6669189291457767,29.65000000000009,-0.845136921624178,14.6335184,1.39898
2016-01-13,1050.0,1090.0,1047.6,1082.35,1073.4022026717744,246428,9900,264516358.0,60361.0,24.49,42.4,32.35,Infosys,3.076043997904865,42.40000000000009,3.0809523809523722,26.4516358,2.46428
2016-01-14,1068.0,1155.0,1054.95,1128.7,1129.607288897565,1741690,53179,1967425719.0,682679.0,39.2,100.05,60.7,Infosys,4.282348593338581,100.04999999999995,5.683520599250941,196.7425719,17.4169
2016-01-15,1145.0,1163.45,1136.55,1140.2,1147.730272929629,245741,12004,282044385.0,71344.0,29.03,26.9,-4.8,Infosys,1.0188712678302458,26.90000000000009,-0.4192139737991226,28.2044385,2.45741
2016-01-18,1138.0,1161.45,1128.0,1131.95,1145.2600895877536,182391,8803,208885133.0,54641.0,29.96,33.45,-6.05,Infosys,-0.7235572706542737,33.450000000000045,-0.531634446397184,20.8885133,1.82391
2016-01-19,1135.0,1158.7,1129.5,1139.1,1143.8957023603834,357103,8478,408488587.0,241241.0,67.56,29.2,4.1,Infosys,0.6316533415786862,29.200000000000045,0.36123348017620344,40.8488587,3.57103
2016-01-20,1139.1,1145.0,1116.6,1121.65,1127.5499393123328,210916,9135,237818323.0,68755.0,32.6,28.4,-17.45,Infosys,-1.5319111579316869,28.40000000000009,-1.5319111579316846,23.7818323,2.10916
2016-01-21,1128.0,1142.5,1122.5,1136.5,1131.6624400794303,158126,7518,178945255.0,54723.0,34.61,20.0,8.5,Infosys,1.3239424062764682,20.0,0.7535460992907801,17.8945255,1.58126
2016-01-22,1140.0,1152.0,1130.0,1135.9,1140.1107938171338,114510,5753,130554087.0,38963.0,34.03,22.0,-4.1,Infosys,-0.05279366476022007,22.0,-0.35964912280700956,13.0554087,1.1451
2016-01-25,1140.0,1146.95,1125.6,1137.65,1136.0175753703727,82957,3467,94240610.0,34221.0,41.25,21.35,-2.35,Infosys,0.1540628576459202,21.350000000000136,-0.206140350877185,9.424061,0.82957
2016-01-27,1149.4,1149.85,1136.0,1138.35,1141.0781758457665,65148,4088,74338961.0,23939.0,36.75,13.85,-11.05,Infosys,0.061530347646443495,13.849999999999909,-0.9613711501653194,7.4338961,0.65148
2016-01-28,1138.0,1142.5,1127.7,1131.35,1133.5786542923431,51720,3566,58628688.0,13835.0,26.75,14.8,-6.65,Infosys,-0.6149251109061393,14.799999999999955,-0.5843585237258428,5.8628688,0.5172
2016-01-29,1135.0,1169.7,1132.0,1164.85,1152.4852570897183,253783,7642,292481166.0,124793.0,49.17,37.7,29.85,Infosys,2.961064215317988,37.700000000000045,2.6299559471365557,29.2481166,2.53783
2016-02-01,1170.0,1179.85,1163.0,1171.3,1171.1429799990171,81396,5095,95326354.0,20662.0,25.38,16.85,1.3,Infosys,0.5537193630081205,16.84999999999991,0.11111111111110723,9.5326354,0.81396
2016-02-02,1172.0,1188.25,1168.0,1174.8,1178.9624243337605,159252,7904,187752124.0,31155.0,19.56,20.25,2.8,Infosys,0.2988132843848801,20.25,0.23890784982934765,18.7752124,1.59252
2016-02-03,1171.0,1175.0,1152.7,1158.15,1165.0864370928166,59095,3428,68850783.0,22277.0,37.7,22.3,-12.85,Infosys,-1.4172625127681138,22.299999999999955,-1.097352690008532,6.8850783,0.59095
2016-02-04,1164.0,1193.6,1161.75,1179.9,1182.0987294388653,111132,7069,131368996.0,36421.0,32.77,31.85,15.9,Infosys,1.8779950783577304,31.84999999999991,1.3659793814433068,13.1368996,1.11132
2016-02-05,1179.0,1185.45,1172.1,1174.95,1178.512959820664,64237,3874,75704137.0,15511.0,24.15,13.35,-4.05,Infosys,-0.41952707856598437,13.350000000000136,-0.3435114503816755,7.5704137,0.64237
2016-02-08,1170.0,1171.8,1143.35,1149.1,1158.5331706948068,105756,4699,122521834.0,48554.0,45.91,28.45,-20.9,Infosys,-2.2000936210051614,28.450000000000045,-1.786324786324794,12.2521834,1.05756
2016-02-09,1130.0,1130.0,1094.0,1109.3,1107.2550669645807,151274,9847,167498903.0,49942.0,33.01,36.0,-20.7,Infosys,-3.463580193194671,36.0,-1.83185840707965,16.7498903,1.51274
2016-02-10,1108.0,1127.0,1105.55,1110.15,1116.2723005875303,119313,6153,133185797.0,34535.0,28.94,21.45,2.15,Infosys,0.07662489858470956,21.450000000000045,0.1940433212996472,13.3185797,1.19313
2016-02-11,1114.0,1114.0,1072.35,1081.15,1091.0151325836457,122451,7071,133595894.0,49007.0,40.02,41.65,-32.85,Infosys,-2.6122596045579427,41.65000000000009,-2.9488330341113023,13.3595894,1.22451
2016-02-12,1086.0,1103.5,1067.0,1083.5,1082.4465898416636,162881,6373,176309983.0,68653.0,42.15,36.5,-2.5,Infosys,0.21736114322710165,36.5,-0.23020257826887663,17.6309983,1.62881
2016-02-15,1090.0,1099.95,1083.5,1091.35,1084.3894780451776,1511012,7563,1638525514.0,1439018.0,95.24,16.45,1.35,Infosys,0.7245039224734517,16.450000000000045,0.12385321100916596,163.8525514,15.11012
2016-02-16,1090.0,1092.0,1075.15,1081.0,1081.0607422331632,290852,10738,314428679.0,154933.0,53.27,16.85,-9.0,Infosys,-0.9483667017913477,16.84999999999991,-0.8256880733944955,31.4428679,2.90852
2016-02-17,1082.0,1101.4,1077.0,1095.45,1082.6401221487258,388379,7721,420474688.0,306185.0,78.84,24.4,13.45,Infosys,1.3367252543940777,24.40000000000009,1.2430683918669174,42.0474688,3.88379
2016-02-18,1097.0,1126.45,1097.0,1122.7,1115.4852468047598,90760,4871,101241441.0,36142.0,39.82,29.45,25.7,Infosys,2.487562189054726,29.450000000000045,2.342752962625346,10.1241441,0.9076
2016-02-19,1122.9,1133.25,1114.65,1125.55,1125.439500140185,74901,3834,84296544.0,22393.0,29.9,18.6,2.65,Infosys,0.25385232029926375,18.59999999999991,0.23599608157448246,8.4296544,0.74901
2016-02-22,1133.0,1133.0,1114.3,1125.3,1127.1840388748717,107010,5195,120619964.0,55930.0,52.27,18.7,-7.7,Infosys,-0.022211363333479728,18.700000000000045,-0.6796116504854409,12.0619964,1.0701
2016-02-23,1133.0,1133.0,1117.05,1123.95,1123.5249639430613,79735,4061,89584263.0,16080.0,20.17,15.95,-9.05,Infosys,-0.11996800853104617,15.950000000000045,-0.7987643424536589,8.9584263,0.79735
2016-02-24,1123.0,1143.95,1119.0,1125.4,1134.7808309261577,205289,3771,232958022.0,139661.0,68.03,24.95,2.4,Infosys,0.12900929756662904,24.950000000000045,0.21371326803206508,23.2958022,2.05289
2016-02-25,1125.0,1130.4,1102.0,1111.25,1106.3387598664237,289872,3751,320696629.0,20774.0,7.17,28.4,-13.75,Infosys,-1.257330726852679,28.40000000000009,-1.2222222222222223,32.0696629,2.89872
2016-02-26,1113.0,1130.75,1113.0,1121.05,1121.440639255198,160687,4966,180200932.0,68711.0,42.76,17.75,8.05,Infosys,0.8818897637795198,17.75,0.7232704402515683,18.0200932,1.60687
2016-02-29,1130.0,1130.0,1069.35,1083.75,1098.6421216747328,215509,9375,236767265.0,54063.0,25.09,60.65,-46.25,Infosys,-3.327237857365861,60.65000000000009,-4.092920353982301,23.6767265,2.15509
2016-03-01,1098.0,1131.0,1089.0,1124.5,1117.6035072982868,126194,5464,141034857.0,37019.0,29.33,42.0,26.5,Infosys,3.7600922722029972,42.0,2.413479052823315,14.1034857,1.26194
2016-03-02,1132.0,1162.0,1125.0,1156.25,1144.5574272203264,198991,9889,227756627.0,49645.0,24.95,37.0,24.25,Infosys,2.823477100933758,37.0,2.142226148409894,22.7756627,1.98991
2016-03-03,1169.0,1192.9,1155.15,1169.15,1173.6477488356045,197098,7643,231323624.0,66719.0,33.85,37.75,0.15,Infosys,1.1156756756756758,37.75,0.012831479897355941,23.1323624,1.97098
2016-03-04,1170.0,1184.4,1160.0,1170.55,1172.5884309460682,125974,6178,147715655.0,31022.0,24.63,24.4,0.55,Infosys,0.11974511397168097,24.40000000000009,0.04700854700854312,14.7715655,1.25974
2016-03-08,1170.0,1190.0,1148.0,1163.55,1161.1595583476708,126706,6295,147125883.0,34313.0,27.08,42.0,-6.45,Infosys,-0.5980094827217952,42.0,-0.5512820512820551,14.7125883,1.26706
2016-03-09,1147.0,1183.8,1144.0,1178.5,1169.346214932959,119628,6374,139886549.0,39367.0,32.91,39.8,31.5,Infosys,1.2848609857762927,39.799999999999955,2.746294681778553,13.9886549,1.19628
2016-03-10,1164.0,1164.1,1142.95,1145.95,1151.1993367461396,1577978,23877,1816567227.0,262152.0,16.61,21.15,-18.05,Infosys,-2.761985574883319,21.149999999999864,-1.5506872852233637,181.6567227,15.77978
2016-03-11,1146.0,1156.1,1139.0,1142.5,1147.688569516184,79183,4453,90877424.0,23944.0,30.24,17.1,-3.5,Infosys,-0.30106025568306105,17.09999999999991,-0.30541012216404884,9.0877424,0.79183
2016-03-14,1150.0,1154.5,1138.0,1140.95,1144.5019634032321,74870,4617,85688862.0,22777.0,30.42,16.5,-9.05,Infosys,-0.13566739606126754,16.5,-0.7869565217391264,8.5688862,0.7487
2016-03-15,1146.0,1153.9,1129.0,1134.35,1138.9610497346694,75943,3878,86496119.0,33643.0,44.3,24.9,-11.65,Infosys,-0.5784653139927376,24.90000000000009,-1.0165794066317706,8.6496119,0.75943
2016-03-16,1139.95,1154.9,1132.05,1152.0,1145.0696602185023,69839,3782,79970520.0,29168.0,41.76,22.85,12.05,Infosys,1.5559571560805896,22.850000000000136,1.0570639063116762,7.997052,0.69839
2016-03-17,1156.0,1169.9,1154.0,1160.2,1161.759301476614,67113,4471,77969152.0,23762.0,35.41,15.9,4.2,Infosys,0.7118055555555669,15.900000000000091,0.3633217993079624,7.7969152,0.67113
2016-03-18,1161.0,1195.8,1161.0,1190.2,1180.1722845179256,148307,7350,175027811.0,54272.0,36.59,34.8,29.2,Infosys,2.585761075676607,34.799999999999955,2.5150732127476356,17.5027811,1.48307
2016-03-21,1187.0,1199.0,1180.2,1195.0,1189.7220404459208,120111,6485,142898704.0,47988.0,39.95,18.8,8.0,Infosys,0.4032935641068658,18.799999999999955,0.6739679865206403,14.2898704,1.20111
2016-03-22,1194.0,1194.0,1172.3,1189.9,1182.1333757520747,106871,4574,126335776.0,36119.0,33.8,21.7,-4.1,Infosys,-0.4267782426778166,21.700000000000045,-0.3433835845896071,12.6335776,1.06871
2016-03-23,1189.0,1212.0,1181.95,1207.75,1199.2593138970844,159976,7268,191852708.0,80503.0,50.32,30.05,18.75,Infosys,1.5001260610135292,30.049999999999955,1.576955424726661,19.1852708,1.59976
2016-03-28,1229.95,1234.65,1196.2,1204.7,1214.965202277938,162252,7545,197130534.0,49569.0,30.55,38.45,-25.25,Infosys,-0.25253570689297566,38.450000000000045,-2.0529289808528803,19.7130534,1.62252
2016-03-29,1200.0,1217.5,1191.6,1198.95,1206.596246999782,114575,4903,138245765.0,38598.0,33.69,25.9,-1.05,Infosys,-0.47729725242798837,25.90000000000009,-0.0874999999999962,13.8245765,1.14575
2016-03-30,1200.0,1209.0,1196.0,1205.8,1203.8393986838253,78561,4846,94574827.0,24438.0,31.11,13.0,5.8,Infosys,0.5713332499270196,13.0,0.48333333333332956,9.4574827,0.78561
2016-03-31,1210.0,1228.95,1200.6,1217.95,1217.1949189008808,113873,6444,138605637.0,35200.0,30.91,28.35,7.95,Infosys,1.0076297893514718,28.350000000000136,0.6570247933884334,13.8605637,1.13873
2016-04-01,1212.0,1221.8,1197.0,1205.9,1209.2050803743775,123298,11268,149092568.0,40994.0,33.25,24.8,-6.1,Infosys,-0.9893673796132818,24.799999999999955,-0.5033003300329958,14.9092568,1.23298
2016-04-04,1212.0,1249.9,1212.0,1243.55,1234.5555853920516,119168,8404,147119520.0,49484.0,41.52,37.9,31.55,Infosys,3.12214943195952,37.90000000000009,2.6031353135313493,14.711952,1.19168
2016-04-05,1243.0,1243.0,1215.0,1218.6,1232.1930471873302,246634,5125,303900700.0,30431.0,12.34,28.0,-24.4,Infosys,-2.0063527803465875,28.0,-1.9629927594529437,30.39007,2.46634
2016-04-06,1224.5,1228.0,1197.0,1201.1,1208.192228009371,103294,6832,124799008.0,32816.0,31.77,31.0,-23.4,Infosys,-1.4360741834892554,31.0,-1.9109840751327145,12.4799008,1.03294
2016-04-07,1212.0,1214.85,1164.0,1181.65,1165.0941645483344,5832025,12730,6794858295.0,5594017.0,95.92,50.85,-30.35,Infosys,-1.6193489301473463,50.84999999999991,-2.5041254125412467,679.4858295,58.32025
2016-04-08,1175.0,1178.0,1162.05,1167.35,1169.3870117473507,92191,5831,107806958.0,29429.0,31.92,15.95,-7.65,Infosys,-1.210172216815486,15.950000000000045,-0.6510638297872418,10.7806958,0.92191
2016-04-11,1167.0,1187.25,1151.4,1184.4,1170.079447919205,147732,8614,172858177.0,36667.0,24.82,35.85,17.4,Infosys,1.4605730929027505,35.84999999999991,1.4910025706940953,17.2858177,1.47732
2016-04-12,1185.0,1194.95,1178.6,1182.3,1186.5980755997575,170027,5913,201753711.0,101894.0,59.93,16.35,-2.7,Infosys,-0.17730496453901567,16.350000000000136,-0.2278481012658266,20.1753711,1.70027
2016-04-13,1194.0,1195.0,1166.5,1172.05,1174.797902802582,801832,21119,941990552.0,581221.0,72.49,28.5,-21.95,Infosys,-0.8669542417322207,28.5,-1.8383584589614779,94.1990552,8.01832
2016-04-18,1245.55,1267.9,1233.45,1238.8,1247.8656929252304,753862,29252,940718527.0,269636.0,35.77,34.45,-6.75,Infosys,5.695149524337695,34.450000000000045,-0.5419292681947735,94.0718527,7.53862
2016-04-20,1245.0,1249.95,1225.5,1243.25,1237.5670626954088,151925,7815,188017376.0,45239.0,29.78,24.45,-1.75,Infosys,0.3592185986438512,24.450000000000045,-0.14056224899598393,18.8017376,1.51925
2016-04-21,1250.0,1250.0,1219.0,1226.4,1228.735295283131,151414,6596,186047726.0,44808.0,29.59,31.0,-23.6,Infosys,-1.355318721093901,31.0,-1.8879999999999928,18.6047726,1.51414
2016-04-22,1221.0,1229.0,1210.0,1213.85,1216.5984175112144,96304,6191,117163294.0,24970.0,25.93,19.0,-7.15,Infosys,-1.0233202870189362,19.0,-0.585585585585593,11.7163294,0.96304
2016-04-25,1214.0,1224.45,1201.05,1217.05,1213.1638900280889,129233,6957,156780809.0,43129.0,33.37,23.4,3.05,Infosys,0.2636240062610762,23.40000000000009,0.25123558484348885,15.6780809,1.29233
2016-04-26,1215.0,1239.0,1209.0,1232.95,1227.6753479125248,120720,7283,148204968.0,44939.0,37.23,30.0,17.95,Infosys,1.306437697711682,30.0,1.4773662551440367,14.8204968,1.2072
2016-04-27,1229.9,1242.0,1228.2,1240.0,1236.949671583314,69424,4448,85873994.0,30152.0,43.43,13.8,10.1,Infosys,0.5717993430390589,13.799999999999955,0.8212049760143025,8.5873994,0.69424
2016-04-28,1233.0,1239.9,1210.05,1211.45,1213.3814731319267,517659,6966,628117840.0,31008.0,5.99,29.85,-21.55,Infosys,-2.302419354838703,29.850000000000136,-1.747769667477693,62.811784,5.17659
2016-04-29,1212.0,1224.4,1206.0,1210.85,1213.934048280191,93993,5790,114101303.0,24520.0,26.09,18.4,-1.15,Infosys,-0.049527425812057047,18.40000000000009,-0.09488448844885239,11.4101303,0.93993
2016-05-02,1214.0,1214.0,1196.3,1200.65,1201.34658276315,116483,6201,139936454.0,36615.0,31.43,17.7,-13.35,Infosys,-0.8423834496428029,17.700000000000045,-1.0996705107083944,13.9936454,1.16483
2016-05-03,1200.0,1212.05,1174.3,1180.75,1189.5468225614377,138555,7730,164817660.0,37514.0,27.08,37.75,-19.25,Infosys,-1.6574355557406495,37.75,-1.6041666666666665,16.481766,1.38555
2016-05-04,1191.0,1192.5,1171.55,1189.55,1182.9030430919593,108048,5763,127810308.0,29738.0,27.52,20.95,-1.45,Infosys,0.7452890112216837,20.950000000000045,-0.12174643157011296,12.7810308,1.08048
2016-05-05,1191.0,1199.0,1181.85,1192.45,1188.0271937086093,531520,4047,631460214.0,480536.0,90.41,17.15,1.45,Infosys,0.24378966836198224,17.15000000000009,0.12174643157011296,63.1460214,5.3152
2016-05-06,1192.0,1192.0,1176.7,1181.45,1181.8268176935314,73541,4069,86912726.0,28560.0,38.84,15.3,-10.55,Infosys,-0.9224705438383163,15.299999999999955,-0.885067114093956,8.6912726,0.73541
2016-05-09,1190.0,1200.5,1181.55,1199.15,1193.0112889902844,76269,4015,90989778.0,30612.0,40.14,18.95,9.15,Infosys,1.4981590418553514,18.950000000000045,0.7689075630252177,9.0989778,0.76269
2016-05-10,1200.0,1216.0,1196.4,1212.55,1207.1717851709234,74273,3853,89660270.0,23646.0,31.84,19.6,12.55,Infosys,1.117458199558019,19.59999999999991,1.0458333333333296,8.966027,0.74273
2016-05-11,1205.0,1214.95,1193.0,1201.05,1203.1240209236068,109159,5888,131331815.0,36847.0,33.76,21.95,-3.95,Infosys,-0.9484144983711973,21.950000000000045,-0.32780082987552245,13.1331815,1.09159
2016-05-12,1208.95,1212.5,1197.8,1210.2,1206.1654861447032,115768,3517,139635366.0,27306.0,23.59,14.7,1.25,Infosys,0.7618333957787105,14.700000000000045,0.10339550849911079,13.9635366,1.15768
2016-05-13,1207.0,1209.0,1192.65,1206.7,1202.7140961297173,82888,3972,99690566.0,31583.0,38.1,16.35,-0.3,Infosys,-0.2892083953065616,16.34999999999991,-0.024855012427502446,9.9690566,0.82888
2016-05-16,1210.0,1221.75,1208.0,1213.95,1214.9181869870465,80904,4638,98291741.0,27304.0,33.75,13.75,3.95,Infosys,0.6008121322615301,13.75,0.3264462809917393,9.8291741,0.80904
2016-05-17,1218.0,1225.0,1210.0,1214.05,1219.621619001454,61890,4748,75482382.0,19670.0,31.78,15.0,-3.95,Infosys,0.00823757156389604,15.0,-0.324302134646966,7.5482382,0.6189
2016-05-18,1203.5,1213.95,1198.0,1209.75,1204.2065983004377,66017,2803,79498107.0,20631.0,31.25,15.95,6.25,Infosys,-0.35418640088957787,15.950000000000045,0.519318653926049,7.9498107,0.66017
2016-05-19,1209.0,1215.85,1201.1,1205.35,1208.2882854889212,41837,2344,50551157.0,11271.0,26.94,14.75,-3.65,Infosys,-0.3637115106427058,14.75,-0.30190239867659974,5.0551157,0.41837
2016-05-20,1204.0,1219.5,1200.05,1201.75,1210.020536581418,49424,3787,59804055.0,19058.0,38.56,19.45,-2.25,Infosys,-0.2986684365536951,19.450000000000045,-0.18687707641196014,5.9804055,0.49424
2016-05-23,1201.5,1204.4,1185.55,1190.75,1192.7762340786603,107246,6271,127920480.0,32929.0,30.7,18.85,-10.75,Infosys,-0.9153318077803174,18.850000000000136,-0.8947149396587599,12.792048,1.07246
2016-05-24,1190.0,1194.0,1178.5,1188.2,1184.6722833846625,84747,6426,100397422.0,30576.0,36.08,15.5,-1.8,Infosys,-0.21415074532856737,15.5,-0.15126050420167686,10.0397422,0.84747
2016-05-25,1196.0,1212.85,1196.0,1208.85,1208.4759001854538,54461,3082,65814806.0,21721.0,39.88,16.85,12.85,Infosys,1.7379229086012415,16.84999999999991,1.074414715719056,6.5814806,0.54461
2016-05-26,1208.0,1236.9,1208.0,1231.65,1224.630685543172,112874,5490,138228964.0,55669.0,49.32,28.9,23.65,Infosys,1.8860900856185747,28.90000000000009,1.95778145695365,13.8228964,1.12874
2016-05-27,1230.0,1256.85,1230.0,1246.4,1247.657528190558,169649,6628,211663852.0,87236.0,51.42,26.85,16.4,Infosys,1.1975804814679414,26.84999999999991,1.3333333333333408,21.1663852,1.69649
2016-05-30,1247.0,1270.0,1244.1,1263.45,1264.1421708440826,132179,8396,167093048.0,53733.0,40.65,25.9,16.45,Infosys,1.36793966623876,25.90000000000009,1.3191659983961543,16.7093048,1.32179
2016-05-31,1268.0,1268.0,1239.0,1249.85,1249.1810755989254,72964,4798,91145248.0,15180.0,20.8,29.0,-18.15,Infosys,-1.0764177450631296,29.0,-1.4313880126183038,9.1145248,0.72964
2016-06-01,1241.0,1267.5,1241.0,1256.45,1257.6195011234415,87677,4720,110264305.0,37002.0,42.2,26.5,15.45,Infosys,0.5280633676041147,26.5,1.2449637389202293,11.0264305,0.87677
2016-06-02,1253.0,1274.0,1253.0,1260.25,1264.1516706838695,105795,5250,133740926.0,48457.0,45.8,21.0,7.25,Infosys,0.3024394126308172,21.0,0.578611332801277,13.3740926,1.05795
2016-06-03,1264.0,1278.0,1263.45,1266.45,1270.0580187045375,63514,4269,80666465.0,17759.0,27.96,14.55,2.45,Infosys,0.49196587978574957,14.549999999999955,0.19382911392405422,8.0666465,0.63514
2016-06-06,1270.0,1277.25,1260.05,1267.1,1269.307184094975,49192,3135,62439759.0,16219.0,32.97,17.2,-2.9,Infosys,0.051324568676203164,17.200000000000045,-0.22834645669292056,6.2439759,0.49192
2016-06-07,1267.0,1272.0,1255.35,1257.2,1261.1308252098563,295440,13011,372588491.0,180270.0,61.02,16.65,-9.8,Infosys,-0.7813116565385414,16.65000000000009,-0.7734806629834218,37.2588491,2.9544
2016-06-08,1260.0,1264.95,1236.0,1238.3,1243.881065741139,202263,6836,251591116.0,102116.0,50.49,28.95,-21.7,Infosys,-1.503340757238314,28.950000000000045,-1.7222222222222257,25.1591116,2.02263
2016-06-09,1228.9,1228.9,1181.1,1185.45,1192.9378444092454,495595,25762,591214031.0,223877.0,45.17,47.8,-43.45,Infosys,-4.267947993216503,47.80000000000018,-3.5356823175197367,59.1214031,4.95595
2016-06-10,1175.5,1190.0,1170.9,1180.8,1181.3954387352417,247826,11473,292780506.0,100353.0,40.49,19.1,5.3,Infosys,-0.39225610527648946,19.09999999999991,0.4508719693747303,29.2780506,2.47826
2016-06-13,1176.0,1185.8,1166.25,1182.55,1176.5835425016253,121513,6349,142970196.0,36782.0,30.27,19.55,6.55,Infosys,0.1482046070460763,19.549999999999955,0.5569727891156424,14.2970196,1.21513
2016-06-14,1183.1,1184.9,1167.75,1175.2,1173.4382765107691,99403,4635,116643285.0,34223.0,34.43,17.15,-7.9,Infosys,-0.6215382013445403,17.15000000000009,-0.6677373003127263,11.6643285,0.99403
2016-06-15,1180.0,1191.15,1179.0,1189.2,1184.8687387699777,126892,4726,150350364.0,59985.0,47.27,12.15,9.2,Infosys,1.1912865895166824,12.150000000000091,0.7796610169491563,15.0350364,1.26892
2016-06-16,1193.7,1193.7,1170.5,1186.2,1179.5391194328845,161237,5681,190185349.0,77893.0,48.31,23.2,-7.5,Infosys,-0.25227043390514403,23.200000000000045,-0.6282985674792662,19.0185349,1.61237
2016-06-17,1190.0,1191.4,1175.1,1178.3,1179.133429993717,103455,5517,121987249.0,42729.0,41.3,16.3,-11.7,Infosys,-0.6659922441409671,16.300000000000182,-0.9831932773109281,12.1987249,1.03455
2016-06-20,1178.2,1211.9,1177.9,1208.6,1199.5082990426313,144354,7121,173153821.0,72362.0,50.13,34.0,30.4,Infosys,2.571501315454472,34.0,2.5802070955695013,17.3153821,1.44354
2016-06-21,1209.0,1215.0,1196.5,1205.9,1203.441471683063,120352,3874,144836588.0,73827.0,61.34,18.5,-3.1,Infosys,-0.22339897401950637,18.5,-0.2564102564102489,14.4836588,1.20352
2016-06-22,1197.25,1211.7,1190.0,1198.55,1198.6942821668952,76515,3564,91718093.0,33704.0,44.05,21.7,1.3,Infosys,-0.609503275561829,21.700000000000045,0.10858216746710833,9.1718093,0.76515
2016-06-23,1199.9,1214.65,1193.45,1211.55,1202.8566971960863,159955,6162,192402943.0,79139.0,49.48,21.2,11.65,Infosys,1.0846439447665945,21.200000000000045,0.9709142428535597,19.2402943,1.59955
2016-06-24,1199.0,1199.0,1159.0,1194.5,1186.6857894018328,227077,8734,269469049.0,86988.0,38.31,40.0,-4.5,Infosys,-1.4072881845569651,40.0,-0.37531276063386154,26.9469049,2.27077
2016-06-27,1176.0,1179.8,1160.0,1166.25,1170.7431955671311,192742,8803,225651385.0,80876.0,41.96,19.8,-9.75,Infosys,-2.365006278777726,19.799999999999955,-0.8290816326530612,22.5651385,1.92742
2016-06-28,1166.25,1173.0,1156.0,1161.05,1161.6952165757161,187648,7361,217989784.0,82168.0,43.79,17.0,-5.2,Infosys,-0.44587352625937715,17.0,-0.44587352625938226,21.7989784,1.87648
2016-06-29,1165.0,1179.35,1161.25,1176.55,1170.315997295244,119789,5447,140190983.0,48224.0,40.26,18.1,11.55,Infosys,1.3349984927436331,18.09999999999991,0.9914163090128717,14.0190983,1.19789
2016-06-30,1192.7,1192.7,1168.1,1170.75,1174.9133443617313,145080,6288,170456428.0,72244.0,49.8,24.6,-21.95,Infosys,-0.49296672474608005,24.600000000000136,-1.840362203404045,17.0456428,1.4508
2016-07-01,1180.0,1180.55,1170.0,1172.1,1174.4752047011928,97337,5179,114319893.0,41841.0,42.99,10.55,-7.9,Infosys,0.11531069827033225,10.549999999999955,-0.6694915254237366,11.4319893,0.97337
2016-07-04,1176.0,1194.8,1176.0,1184.25,1186.2228766994253,159245,5680,188900062.0,86085.0,54.06,18.8,8.25,Infosys,1.0366009726132663,18.799999999999955,0.701530612244898,18.8900062,1.59245
2016-07-05,1185.0,1185.5,1171.55,1175.45,1177.1116014098743,73198,3924,86162215.0,31913.0,43.6,13.95,-9.55,Infosys,-0.7430863415663902,13.950000000000045,-0.8059071729957767,8.6162215,0.73198
2016-07-07,1175.45,1175.45,1155.0,1157.2,1160.4199836610076,167697,9614,194598950.0,70120.0,41.81,20.45,-18.25,Infosys,-1.552596877791479,20.450000000000045,-1.552596877791484,19.459895,1.67697
2016-07-08,1177.2,1177.2,1153.2,1158.75,1161.9923621265027,1305599,4558,1517096066.0,1234536.0,94.56,24.0,-18.45,Infosys,0.13394400276529606,24.0,-1.5672782874617774,151.7096066,13.05599
2016-07-11,1165.0,1178.0,1160.5,1174.85,1169.920709043374,126988,6736,148565891.0,44516.0,35.06,17.5,9.85,Infosys,1.3894282632146648,17.5,0.8454935622317519,14.8565891,1.26988
2016-07-12,1174.0,1180.0,1168.0,1176.0,1174.3523912647277,93277,4172,109540068.0,34177.0,36.64,12.0,2.0,Infosys,0.09788483636210543,12.0,0.17035775127768313,10.9540068,0.93277
2016-07-13,1180.0,1195.0,1175.1,1193.15,1186.35217723453,132209,7002,156846435.0,54484.0,41.21,19.9,13.15,Infosys,1.4583333333333393,19.90000000000009,1.1144067796610246,15.6846435,1.32209
2016-07-14,1195.0,1195.05,1165.2,1175.85,1179.0529190794114,243844,10041,287504980.0,79826.0,32.74,29.85,-19.15,Infosys,-1.4499434270628275,29.84999999999991,-1.6025104602510536,28.750498,2.43844
2016-07-15,1186.35,1195.0,1058.3,1072.25,1086.32539434568,2710883,121133,2944901044.0,1008017.0,37.18,136.7,-114.1,Infosys,-8.81064761661776,136.70000000000005,-9.617735069751753,294.4901044,27.10883
2016-07-18,1075.0,1084.45,1056.0,1081.7,1070.6745872815327,949800,24398,1016926723.0,580374.0,61.1,28.45,6.7,Infosys,0.881324318022858,28.450000000000045,0.6232558139534926,101.6926723,9.498
2016-07-19,1086.5,1089.0,1075.0,1086.3,1081.967326969593,693722,9889,750584538.0,518618.0,74.76,14.0,-0.2,Infosys,0.4252565406304809,14.0,-0.018407731247127978,75.0584538,6.93722
2016-07-20,1071.0,1089.5,1070.0,1083.05,1081.9120904857157,260461,9808,281795905.0,125011.0,48.0,19.5,12.05,Infosys,-0.2991807051459072,19.5,1.1251167133520033,28.1795905,2.60461
2016-07-21,1080.0,1087.0,1075.5,1080.35,1081.8979225583025,966766,7620,1045942127.0,853037.0,88.24,11.5,0.35,Infosys,-0.24929596971515755,11.5,0.03240740740739899,104.5942127,9.66766
2016-07-22,1075.0,1077.45,1067.0,1072.65,1070.8022790187508,229748,10060,246014682.0,112734.0,49.07,10.45,-2.35,Infosys,-0.7127319850048441,10.450000000000045,-0.21860465116278222,24.6014682,2.29748
2016-07-25,1065.0,1083.0,1065.0,1080.5,1074.0260901925267,223034,7590,239544335.0,95790.0,42.95,18.0,15.5,Infosys,0.7318323777560254,18.0,1.455399061032864,23.9544335,2.23034
2016-07-26,1080.0,1089.8,1074.0,1088.8,1086.6087571688877,238182,6081,258810647.0,152903.0,64.2,15.8,8.8,Infosys,0.7681628875520596,15.799999999999955,0.8148148148148106,25.8810647,2.38182
2016-07-27,1088.7,1097.1,1080.0,1087.55,1085.6293588196593,375417,10468,407563717.0,179348.0,47.77,17.1,-1.15,Infosys,-0.11480529022777075,17.09999999999991,-0.10563056856802526,40.7563717,3.75417
2016-07-28,1087.55,1087.55,1076.05,1079.2,1079.5710323993655,331025,6205,357365001.0,231709.0,70.0,11.5,-8.35,Infosys,-0.7677807916877333,11.5,-0.7677807916877302,35.7365001,3.31025
2016-07-29,1078.0,1078.0,1067.0,1073.95,1073.1032503984452,240309,5846,257876369.0,147145.0,61.23,11.0,-4.05,Infosys,-0.4864714603409981,11.0,-0.37569573283858576,25.7876369,2.40309
2016-08-01,1074.0,1087.5,1069.0,1085.0,1078.6244173963144,291579,11537,314504229.0,133150.0,45.67,18.5,11.0,Infosys,1.028911960519574,18.5,1.0242085661080074,31.4504229,2.91579
2016-08-02,1089.9,1089.9,1076.05,1084.3,1081.2531331639227,196367,7478,212322434.0,105949.0,53.95,13.85,-5.6,Infosys,-0.064516129032266,13.850000000000136,-0.5138086062941679,21.2322434,1.96367
2016-08-03,1085.0,1087.25,1072.0,1085.0,1081.05618753656,160694,6230,173719243.0,65917.0,41.02,15.25,0.0,Infosys,0.06455777921239303,15.25,0.0,17.3719243,1.60694
2016-08-04,1090.0,1090.0,1070.0,1072.15,1076.335799341758,208434,7333,224344976.0,110033.0,52.79,20.0,-17.85,Infosys,-1.1843317972350165,20.0,-1.6376146788990742,22.4344976,2.08434
2016-08-05,1065.0,1074.0,1051.0,1067.4,1066.7891060797824,234663,10329,250335932.0,97804.0,41.68,23.0,2.4,Infosys,-0.4430350230844593,23.0,0.2253521126760649,25.0335932,2.34663
2016-08-08,1068.0,1082.6,1061.65,1078.8,1068.2869832586528,1039761,5176,1110763142.0,954021.0,91.75,20.95,10.8,Infosys,1.0680157391792955,20.949999999999818,1.0112359550561756,111.0763142,10.39761
2016-08-09,1079.0,1084.25,1071.55,1081.5,1079.813944970258,136508,5687,147403242.0,51640.0,37.83,12.7,2.5,Infosys,0.2502780867630783,12.700000000000045,0.23169601482854493,14.7403242,1.36508
2016-08-10,1079.9,1086.05,1075.05,1079.95,1080.297270526084,127204,4876,137418134.0,43077.0,33.86,11.0,0.05,Infosys,-0.1433194637078139,11.0,0.004630058338730857,13.7418134,1.27204
2016-08-11,1081.9,1094.0,1075.8,1077.1,1079.9902654571656,209563,4405,226326000.0,139330.0,66.49,18.2,-4.8,Infosys,-0.2639011065327268,18.200000000000045,-0.4436639245771496,22.6326,2.09563
2016-08-12,1075.0,1078.85,1060.0,1063.3,1068.4102500086092,232312,9771,248204522.0,133076.0,57.28,18.85,-11.7,Infosys,-1.281218085600222,18.84999999999991,-1.08837209302326,24.8204522,2.32312
2016-08-16,1042.0,1058.0,1027.6,1050.95,1046.0024614399574,331107,13379,346338737.0,90320.0,27.28,30.4,8.95,Infosys,-1.1614784162512826,30.40000000000009,0.8589251439539392,34.6338737,3.31107
2016-08-17,1046.0,1051.9,1030.5,1033.4,1038.2023439110335,203762,9194,211546186.0,88470.0,43.42,21.4,-12.6,Infosys,-1.669917693515388,21.40000000000009,-1.2045889101338345,21.1546186,2.03762
2016-08-18,1035.0,1044.8,1022.95,1024.3,1029.571643051107,229792,8816,236587327.0,134661.0,58.6,21.85,-10.7,Infosys,-0.8805883491387778,21.84999999999991,-1.0338164251207773,23.6587327,2.29792
2016-08-19,1026.5,1038.9,1019.0,1021.1,1025.7331241029156,186716,8145,191520786.0,81923.0,43.88,19.9,-5.4,Infosys,-0.3124084740798505,19.90000000000009,-0.5260594252313665,19.1520786,1.86716
2016-08-22,1021.1,1030.0,1009.2,1015.4,1014.7899284127376,210652,9146,213767528.0,106929.0,50.76,20.8,-5.7,Infosys,-0.5582215258055134,20.799999999999955,-0.5582215258055083,21.3767528,2.10652
2016-08-23,1016.45,1041.0,1016.45,1039.25,1034.4335425132451,233292,9278,241325070.0,86103.0,36.91,24.55,22.8,Infosys,2.34882804805987,24.549999999999955,2.2431009887353,24.132507,2.33292
2016-08-24,1045.0,1061.95,1045.0,1057.55,1055.8076768985065,182209,8748,192377661.0,78951.0,43.33,16.95,12.55,Infosys,1.760885253788791,16.950000000000045,1.2009569377990386,19.2377661,1.82209
2016-08-25,1058.0,1058.0,1032.3,1036.55,1043.60979196257,119690,5422,124909656.0,44285.0,37.0,25.7,-21.45,Infosys,-1.9857217152853268,25.700000000000045,-2.027410207939513,12.4909656,1.1969
2016-08-26,1037.0,1046.0,1017.1,1020.75,1029.4724921417956,181021,9968,186356140.0,68139.0,37.64,28.9,-16.25,Infosys,-1.5242872992137335,28.899999999999977,-1.56702025072324,18.635614,1.81021
2016-08-29,1020.0,1028.0,1011.8,1022.25,1018.8592604399108,200768,7538,204554336.0,63950.0,31.85,16.2,2.25,Infosys,0.14695077149156077,16.200000000000045,0.22058823529411764,20.4554336,2.00768
2016-08-30,1037.0,1055.1,1024.8,1041.0,1036.5877066877445,188509,6914,195406112.0,52845.0,28.03,30.3,4.0,Infosys,1.8341892883345645,30.299999999999955,0.3857280617164899,19.5406112,1.88509
2016-08-31,1041.5,1046.0,1030.6,1036.8,1038.4122684817264,213914,7548,222130922.0,63507.0,29.69,15.4,-4.7,Infosys,-0.4034582132564912,15.400000000000091,-0.45127220355257275,22.2130922,2.13914
2016-09-01,1036.0,1039.9,1032.25,1037.65,1035.9500418643595,103907,3624,107642461.0,43386.0,41.75,7.65,1.65,Infosys,0.08198302469137886,7.650000000000091,0.15926640926641805,10.7642461,1.03907
2016-09-02,1037.0,1039.0,1026.8,1031.05,1032.009458313148,1044478,3507,1077911175.0,980415.0,93.87,12.2,-5.95,Infosys,-0.6360526188984861,12.200000000000045,-0.5737704918032831,107.7911175,10.44478
2016-09-06,1040.0,1048.9,1035.0,1045.1,1044.7415677706897,286075,5025,298874444.0,189944.0,66.4,13.9,5.1,Infosys,1.3626885214102158,13.900000000000091,0.4903846153846066,29.8874444,2.86075
2016-09-07,1045.0,1058.5,1043.5,1055.0,1054.5890077116117,262202,6841,276515347.0,178142.0,67.94,15.0,10.0,Infosys,0.9472777724619741,15.0,0.9569377990430622,27.6515347,2.62202
2016-09-08,1048.0,1050.0,1025.0,1037.9,1033.6960385914272,556393,12109,575141240.0,391861.0,70.43,25.0,-10.1,Infosys,-1.6208530805687071,25.0,-0.9637404580152584,57.514124,5.56393
2016-09-09,1038.0,1040.75,1027.65,1036.0,1034.44136427415,231625,6604,239602481.0,148562.0,64.14,13.1,-2.0,Infosys,-0.18306195201850395,13.099999999999909,-0.1926782273603083,23.9602481,2.31625
2016-09-12,1028.0,1057.2,1026.0,1054.0,1053.0645780199975,300737,8144,316695482.0,202299.0,67.27,31.2,26.0,Infosys,1.737451737451745,31.200000000000045,2.529182879377432,31.6695482,3.00737
2016-09-14,1055.0,1057.3,1043.0,1047.1,1052.830327549354,392521,6075,413258013.0,309494.0,78.85,14.3,-7.9,Infosys,-0.6546489563567404,14.299999999999955,-0.7488151658767859,41.3258013,3.92521
2016-09-15,1048.0,1054.8,1036.05,1041.35,1039.3331773608113,149599,4770,155483204.0,65922.0,44.07,18.75,-6.65,Infosys,-0.5491357081463089,18.75,-0.6345419847328332,15.5483204,1.49599
2016-09-16,1051.0,1064.15,1038.0,1060.35,1049.0916430951643,206464,6204,216599657.0,97695.0,47.32,26.15,9.35,Infosys,1.8245546646180388,26.15000000000009,0.8896289248334832,21.6599657,2.06464
2016-09-19,1050.0,1068.65,1043.0,1061.15,1053.9488167999232,645622,6710,680452543.0,538783.0,83.45,25.65,11.15,Infosys,0.07544678643844893,25.65000000000009,1.0619047619047706,68.0452543,6.45622
2016-09-20,1054.0,1057.25,1046.5,1050.35,1050.1221489654858,87819,3471,92220677.0,42407.0,48.29,10.75,-3.65,Infosys,-1.0177637468784084,10.75,-0.34629981024668793,9.2220677,0.87819
2016-09-21,1051.0,1060.25,1051.0,1056.7,1056.4565435525192,93680,3459,98968849.0,42188.0,45.03,9.25,5.7,Infosys,0.6045603846337011,9.25,0.542340627973363,9.8968849,0.9368
2016-09-22,1056.0,1060.65,1051.6,1058.5,1057.2272623595825,70148,2822,74162378.0,26425.0,37.67,9.05,2.5,Infosys,0.17034162960158916,9.050000000000182,0.23674242424242425,7.4162378,0.70148
2016-09-23,1059.0,1059.85,1040.0,1043.0,1049.0042557435913,90231,4003,94652703.0,43613.0,48.33,19.85,-16.0,Infosys,-1.4643363249881913,19.84999999999991,-1.5108593012275733,9.4652703,0.90231
2016-09-26,1041.0,1043.0,1031.4,1035.7,1038.0902602911456,740248,4188,768444239.0,687667.0,92.9,11.6,-5.3,Infosys,-0.6999041227229053,11.599999999999909,-0.5091258405379399,76.8444239,7.40248
2016-09-27,1035.7,1049.55,1035.0,1040.45,1043.776961643546,179709,5909,187576114.0,76437.0,42.53,14.55,4.75,Infosys,0.45862701554504337,14.549999999999955,0.458627015545042,18.7576114,1.79709
2016-09-28,1040.0,1041.8,1034.0,1038.6,1037.7550234073547,179858,3205,186648543.0,122794.0,68.27,7.8,-1.4,Infosys,-0.1778076793695127,7.7999999999999545,-0.13461538461539338,18.6648543,1.79858
2016-09-29,1041.0,1044.0,1024.0,1029.9,1031.6047270658169,346219,7076,357161157.0,213617.0,61.7,20.0,-11.1,Infosys,-0.8376660889658938,20.0,-1.066282420749271,35.7161157,3.46219
2016-09-30,1031.0,1043.85,1031.0,1038.1,1039.019427486094,221130,4979,229758366.0,147912.0,66.89,12.85,7.1,Infosys,0.7961938052237993,12.849999999999909,0.688651794374385,22.9758366,2.2113
2016-10-03,1038.1,1040.8,1026.5,1037.85,1034.1296223446104,91512,3873,94635270.0,31924.0,34.89,14.3,-0.25,Infosys,-0.0240824583373489,14.299999999999955,-0.02408245833734708,9.463527,0.91512
2016-10-04,1040.0,1051.1,1038.0,1048.8,1044.6009568159493,109948,3490,114851786.0,42816.0,38.94,13.1,8.8,Infosys,1.055065760948115,13.099999999999909,0.8461538461538418,11.4851786,1.09948
2016-10-05,1048.7,1049.5,1037.0,1041.15,1040.8010517090272,63896,2527,66503024.0,26705.0,41.79,12.5,-7.55,Infosys,-0.7294050343249259,12.5,-0.7199389720606422,6.6503024,0.63896
2016-10-06,1041.0,1041.15,1025.0,1026.65,1030.396215755728,111515,4454,114904634.0,56934.0,51.06,16.15,-14.35,Infosys,-1.3926907746242168,16.15000000000009,-1.378482228626312,11.4904634,1.11515
2016-10-07,1030.0,1032.75,1010.05,1012.65,1018.8947757979952,387753,11376,395079506.0,276000.0,71.18,22.7,-17.35,Infosys,-1.3636585009497049,22.700000000000045,-1.6844660194174779,39.5079506,3.87753
2016-10-10,1014.55,1032.0,1010.0,1029.55,1022.286472161322,207535,6966,212160223.0,92054.0,44.36,22.0,15.0,Infosys,1.668888559719539,22.0,1.4784879996057365,21.2160223,2.07535
2016-10-13,1029.45,1057.5,1024.55,1052.05,1047.970025135796,350894,9471,367726394.0,134460.0,38.32,32.95,22.6,Infosys,2.185420814919148,32.950000000000045,2.1953470299674493,36.7726394,3.50894
2016-10-14,1060.0,1080.7,996.15,1027.4,1035.2097380233956,1856578,42801,1921947625.0,791789.0,42.65,84.55,-32.6,Infosys,-2.3430445321039772,84.55000000000007,-3.075471698113199,192.1947625,18.56578
2016-10-17,1036.0,1041.75,1017.9,1022.05,1028.0023222296827,233827,8629,240374699.0,93653.0,40.05,23.85,-13.95,Infosys,-0.5207319447148251,23.850000000000023,-1.346525096525101,24.0374699,2.33827
2016-10-18,1030.0,1039.9,1027.4,1038.2,1035.0747247565496,139967,5244,144876304.0,70595.0,50.44,12.5,8.2,Infosys,1.580157526539816,12.5,0.7961165048543735,14.4876304,1.39967
2016-10-19,1042.0,1045.05,1035.0,1041.6,1041.935230019416,126185,4395,131476597.0,57116.0,45.26,10.05,-0.4,Infosys,0.32748988634172527,10.049999999999955,-0.038387715930910844,13.1476597,1.26185
2016-10-20,1041.1,1049.95,1035.0,1036.95,1039.8108680773666,106661,5482,110907267.0,52538.0,49.26,14.95,-4.15,Infosys,-0.44642857142855874,14.950000000000045,-0.3986168475650623,11.0907267,1.06661
2016-10-21,1035.0,1041.0,1025.05,1038.1,1036.076456724216,70432,2770,72972937.0,29573.0,41.99,15.95,3.1,Infosys,0.11090216500311278,15.950000000000045,0.29951690821255156,7.2972937,0.70432
2016-10-24,1040.0,1042.0,1027.0,1029.0,1032.6644516086585,75995,5015,78477335.0,29795.0,39.21,15.0,-11.0,Infosys,-0.8766014834794222,15.0,-1.0576923076923077,7.8477335,0.75995
2016-10-25,1029.9,1035.9,1015.5,1017.35,1022.1925347299276,112655,5077,115155100.0,57724.0,51.24,20.4,-12.55,Infosys,-1.132167152575314,20.40000000000009,-1.2185649092144935,11.51551,1.12655
2016-10-26,1020.0,1020.6,1010.1,1014.85,1013.8442996742672,142755,6234,144731343.0,62164.0,43.55,10.5,-5.15,Infosys,-0.24573647220720307,10.5,-0.5049019607843115,14.4731343,1.42755
2016-10-27,1015.9,1019.8,1004.35,1006.15,1009.3826071255633,121843,6937,122986205.0,46674.0,38.31,15.45,-9.75,Infosys,-0.8572695472237268,15.449999999999932,-0.9597401319027464,12.2986205,1.21843
2016-10-28,1007.0,1009.8,994.0,997.45,998.9293319649107,236769,10368,236515499.0,98985.0,41.81,15.8,-9.55,Infosys,-0.8646822044426683,15.799999999999955,-0.9483614697120113,23.6515499,2.36769
2016-10-30,1001.0,1006.45,1000.0,1002.5,1002.7070155210644,56375,3298,56527608.0,37209.0,66.0,6.45,1.5,Infosys,0.5062910421574918,6.4500000000000455,0.14985014985014986,5.6527608,0.56375
2016-11-01,1009.85,1009.85,986.0,988.85,992.5909329697952,230329,8919,228622477.0,158942.0,69.01,23.85,-21.0,Infosys,-1.3615960099750635,23.850000000000023,-2.0795167599148385,22.8622477,2.30329
2016-11-02,988.0,988.0,980.0,981.1,983.0953156073293,141299,6832,138910385.0,59793.0,42.32,8.0,-6.9,Infosys,-0.7837386863528306,8.0,-0.6983805668016171,13.8910385,1.41299
2016-11-03,984.5,984.5,965.1,966.9,972.2788567608224,209405,10057,203600054.0,107221.0,51.2,19.4,-17.6,Infosys,-1.4473550096830157,19.399999999999977,-1.7877094972067062,20.3600054,2.09405
2016-11-04,966.9,978.85,962.0,970.8,970.7150475797256,203448,7934,197490035.0,89256.0,43.87,16.85,3.9,Infosys,0.40335091529630773,16.850000000000023,0.40335091529630546,19.7490035,2.03448
2016-11-07,982.25,990.0,975.6,978.75,981.0815402781423,106708,4997,104689249.0,53480.0,50.12,14.4,-3.5,Infosys,0.8189122373300384,14.399999999999977,-0.3563247645711377,10.4689249,1.06708
2016-11-08,986.05,990.0,970.95,982.8,979.1530063560042,147105,6390,144038303.0,65694.0,44.66,19.05,-3.25,Infosys,0.4137931034482678,19.049999999999955,-0.3295978905735003,14.4038303,1.47105
2016-11-09,940.0,973.7,900.3,955.85,946.7835178291537,408320,19062,386590646.0,133145.0,32.61,73.4,15.85,Infosys,-2.74216524216524,73.40000000000009,1.6861702127659597,38.6590646,4.0832
2016-11-10,961.05,965.2,935.0,938.6,945.464910406413,271448,11185,256644559.0,128357.0,47.29,30.2,-22.45,Infosys,-1.8046764659726988,30.200000000000045,-2.33598668123406,25.6644559,2.71448
2016-11-11,940.0,942.0,919.0,921.85,928.6731723606947,215606,8403,200227508.0,88866.0,41.22,23.0,-18.15,Infosys,-1.7845727679522638,23.0,-1.9308510638297849,20.0227508,2.15606
2016-11-15,922.0,938.0,909.55,924.75,925.4449177312212,244625,10252,226386963.0,113620.0,46.45,28.45,2.75,Infosys,0.3145848022997111,28.450000000000045,0.2982646420824295,22.6386963,2.44625
2016-11-16,926.1,956.7,926.1,940.1,944.9291250534442,182434,7726,172387200.0,70673.0,38.74,30.6,14.0,Infosys,1.6599080832657487,30.600000000000023,1.5117157974300832,17.23872,1.82434
2016-11-17,934.8,949.0,926.25,929.55,936.9299777158365,135971,5445,127395306.0,50258.0,36.96,22.75,-5.25,Infosys,-1.1222210403148636,22.75,-0.561617458279846,12.7395306,1.35971
2016-11-18,929.8,932.9,918.0,919.8,925.8750059913533,104317,4647,96584503.0,44330.0,42.5,14.9,-10.0,Infosys,-1.0488946264321397,14.899999999999977,-1.0755001075500108,9.6584503,1.04317
2016-11-21,930.9,930.9,906.75,911.15,918.9678832888842,132361,4760,121635508.0,54822.0,41.42,24.15,-19.75,Infosys,-0.9404218308327827,24.149999999999977,-2.121602750026856,12.1635508,1.32361
2016-11-22,921.75,928.0,912.0,913.95,919.2707543886784,103448,5352,95096721.0,43403.0,41.96,16.0,-7.8,Infosys,0.30730395653844056,16.0,-0.8462164361269277,9.5096721,1.03448
2016-11-23,924.0,924.0,913.2,920.5,918.8275570089635,171245,4296,157344625.0,103186.0,60.26,10.8,-3.5,Infosys,0.7166694020460662,10.799999999999955,-0.3787878787878788,15.7344625,1.71245
2016-11-24,923.3,940.0,922.9,932.7,935.0858647075432,350633,6231,327871962.0,243593.0,69.47,17.1,9.4,Infosys,1.3253666485605775,17.100000000000023,1.0180872955702471,32.7871962,3.50633
2016-11-25,930.3,984.9,930.3,977.3,969.7134162943842,396652,13551,384638766.0,109572.0,27.62,54.6,47.0,Infosys,4.7818162324434255,54.60000000000002,5.052133720305278,38.4638766,3.96652
2016-11-28,994.8,994.8,970.65,979.65,978.912122978328,375741,5017,367817420.0,251288.0,66.88,24.15,-15.15,Infosys,0.24045840581192746,24.149999999999977,-1.5229191797346178,36.781742,3.75741
2016-11-29,983.0,983.45,967.4,972.65,976.2854918599992,109828,3997,107223483.0,31220.0,28.43,16.05,-10.35,Infosys,-0.714540907466954,16.050000000000068,-1.0528992878942038,10.7223483,1.09828
2016-11-30,970.0,977.5,962.0,975.45,970.6724891446323,141635,3731,137481198.0,73028.0,51.56,15.5,5.45,Infosys,0.28787333573228047,15.5,0.5618556701030974,13.7481198,1.41635
2016-12-01,976.0,984.0,969.45,976.05,974.7992837294222,99683,3299,97170917.0,44201.0,44.34,14.55,0.05,Infosys,0.06151007227432892,14.549999999999955,0.005122950819667472,9.7170917,0.99683
2016-12-02,969.0,969.9,961.0,964.1,966.3287839528234,89536,3004,86521214.0,20779.0,23.21,8.9,-4.9,Infosys,-1.2243225244608302,8.899999999999977,-0.5056759545923609,8.6521214,0.89536
2016-12-05,965.0,968.2,957.9,961.4,962.4544120729408,85878,3095,82653660.0,22231.0,25.89,10.3,-3.6,Infosys,-0.28005393631366227,10.300000000000068,-0.37305699481865523,8.265366,0.85878
2016-12-06,966.5,978.7,962.7,966.95,971.9481815999785,112489,2746,109333479.0,67242.0,59.78,16.0,0.45,Infosys,0.5772831287705449,16.0,0.04655975168132907,10.9333479,1.12489
2016-12-07,967.2,972.6,960.9,966.6,966.9157180580945,123075,4257,119003152.0,55746.0,45.29,11.7,-0.6,Infosys,-0.036196287295109375,11.700000000000045,-0.06203473945409665,11.9003152,1.23075
2016-12-08,966.6,987.8,966.6,984.75,982.5656910493325,85826,3872,84329683.0,34954.0,40.73,21.2,18.15,Infosys,1.8777157045313464,21.199999999999932,1.8777157045313446,8.4329683,0.85826
2016-12-09,986.5,1007.05,983.0,987.35,994.9062401545859,190444,6546,189473924.0,49971.0,26.24,24.05,0.85,Infosys,0.26402640264027166,24.049999999999955,0.08616320324379348,18.9473924,1.90444
2016-12-12,981.0,981.5,965.45,977.5,973.6695779540764,183653,3508,178817339.0,101684.0,55.37,16.05,-3.5,Infosys,-0.997619891629109,16.049999999999955,-0.3567787971457696,17.8817339,1.83653
2016-12-13,977.0,991.85,973.5,990.05,983.727762597376,117842,3749,115924447.0,63391.0,53.79,18.35,13.05,Infosys,1.2838874680306755,18.350000000000023,1.3357215967246627,11.5924447,1.17842
2016-12-14,991.55,1004.0,984.0,999.05,998.2541861982313,331088,7385,330509982.0,178106.0,53.79,20.0,7.5,Infosys,0.9090449977273929,20.0,0.7563915082446675,33.0509982,3.31088
2016-12-15,997.9,1018.9,990.0,993.25,1007.512743830674,259145,9415,261091890.0,87531.0,33.78,28.9,-4.65,Infosys,-0.5805515239477477,28.899999999999977,-0.4659785549654251,26.109189,2.59145
2016-12-16,999.2,1009.0,998.0,1004.2,1003.9107714688688,112733,4206,113173873.0,30982.0,27.48,11.0,5.0,Infosys,1.1024414799899462,11.0,0.500400320256205,11.3173873,1.12733
2016-12-19,1005.0,1006.05,994.2,1002.2,1000.688097350108,80041,2766,80096076.0,32867.0,41.06,11.85,-2.8,Infosys,-0.19916351324437143,11.849999999999909,-0.2786069651741248,8.0096076,0.80041
2016-12-20,998.0,1018.95,998.0,1010.4,1012.7647546701807,129010,5290,130656781.0,59933.0,46.46,20.95,12.4,Infosys,0.8181999600878065,20.950000000000045,1.2424849699398774,13.0656781,1.2901
2016-12-21,1015.0,1020.95,1001.05,1003.7,1013.748913588856,117589,6125,119205721.0,45394.0,38.6,19.9,-11.3,Infosys,-0.6631037212984858,19.90000000000009,-1.113300492610833,11.9205721,1.17589
2016-12-22,1002.9,1006.9,970.2,985.2,991.8988302734526,348543,6883,345719394.0,242380.0,69.54,36.7,-17.7,Infosys,-1.843180233137387,36.69999999999993,-1.76488184265629,34.5719394,3.48543
2016-12-23,981.35,1006.6,975.0,989.3,990.2709870118115,154679,7093,153174126.0,50491.0,32.64,31.6,7.95,Infosys,0.4161591555014166,31.600000000000023,0.8101085239720723,15.3174126,1.54679
2016-12-26,989.0,993.85,976.0,983.0,984.1228329064112,107748,3810,106037267.0,49236.0,45.7,17.85,-6.0,Infosys,-0.6368139088244185,17.850000000000023,-0.6066734074823054,10.6037267,1.07748
2016-12-27,983.1,1002.9,982.25,999.25,995.6129506934907,132518,3821,131936637.0,74938.0,56.55,20.65,16.15,Infosys,1.6531027466937909,20.649999999999977,1.6427626894517318,13.1936637,1.32518
2016-12-28,999.5,1009.75,995.2,999.15,1001.3385738882884,452433,6060,453038615.0,372428.0,82.32,14.55,-0.35,Infosys,-0.010007505629228142,14.549999999999955,-0.035017508754379464,45.3038615,4.52433
2016-12-29,1000.0,1007.45,986.4,994.1,996.4570624375776,165205,5688,164619689.0,97135.0,58.8,21.05,-5.9,Infosys,-0.5054296151728921,21.050000000000068,-0.5899999999999977,16.4619689,1.65205
2016-12-30,995.25,1012.0,993.0,1010.7,1004.059467753272,217681,7180,218564669.0,100226.0,46.04,19.0,15.45,Infosys,1.6698521275525513,19.0,1.552373775433313,21.8564669,2.17681
2017-01-02,1012.0,1013.1,1000.0,1001.6,1005.4118498853626,74583,3017,74986632.0,24385.0,32.7,13.1,-10.4,Infosys,-0.9003660829128401,13.100000000000023,-1.027667984189721,7.4986632,0.74583
2017-01-03,1002.35,1005.9,980.8,994.65,991.5495731950728,418341,8769,414805840.0,251027.0,60.01,25.1,-7.7,Infosys,-0.6938897763578367,25.100000000000023,-0.7681947423554691,41.480584,4.18341
2017-01-04,994.6,1003.3,993.7,998.3,999.2279781864512,142847,3795,142736719.0,81600.0,57.12,9.6,3.7,Infosys,0.36696325340572766,9.599999999999909,0.37200884777799437,14.2736719,1.42847
2017-01-05,999.0,1009.0,989.1,996.4,999.357101838959,520675,6097,520340259.0,448326.0,86.1,19.9,-2.6,Infosys,-0.1903235500350542,19.899999999999977,-0.2602602602602625,52.0340259,5.20675
2017-01-06,993.0,998.95,968.45,971.45,971.7317883666782,887743,16337,862648093.0,670566.0,75.54,30.5,-21.55,Infosys,-2.5040144520272922,30.5,-2.170191339375625,86.2648093,8.87743
2017-01-09,974.0,976.85,965.0,970.55,969.455547605901,257174,5672,249318761.0,147901.0,57.51,11.85,-3.45,Infosys,-0.09264501518350121,11.850000000000023,-0.3542094455852203,24.9318761,2.57174
2017-01-10,976.25,980.95,968.0,970.6,974.0760894980322,457619,12589,445755726.0,370235.0,80.9,12.95,-5.65,Infosys,0.005151718097984315,12.950000000000045,-0.578745198463506,44.5755726,4.57619
2017-01-11,978.0,978.0,964.0,969.0,968.11583539018,193257,8497,187095162.0,100293.0,51.9,14.0,-9.0,Infosys,-0.16484648670925806,14.0,-0.9202453987730062,18.7095162,1.93257
2017-01-12,972.25,1004.4,972.25,1000.05,991.3684964528712,261761,8578,259501609.0,134210.0,51.27,32.15,27.8,Infosys,3.204334365325079,32.14999999999998,2.859346875803544,25.9501609,2.61761
2017-01-13,1026.35,1045.0,964.0,975.15,991.2959509157891,1266558,46053,1255533817.0,337431.0,26.64,81.0,-51.2,Infosys,-2.4898755062246813,81.0,-4.988551663662487,125.5533817,12.66558
2017-01-16,965.0,965.5,952.5,955.7,959.0375402411743,274905,10340,263644215.0,107305.0,39.03,13.0,-9.3,Infosys,-1.9945649387273723,13.0,-0.9637305699481818,26.3644215,2.74905
2017-01-17,959.8,964.75,954.0,956.05,958.0298175134067,211084,7596,202224766.0,119137.0,56.44,10.75,-3.75,Infosys,0.036622371036920676,10.75,-0.3907063971660763,20.2224766,2.11084
2017-01-18,958.0,961.0,950.0,950.9,954.9145231204898,161026,6159,153766066.0,89402.0,55.52,11.0,-7.1,Infosys,-0.5386747555044202,11.0,-0.7411273486430087,15.3766066,1.61026
2017-01-19,951.0,960.3,949.6,958.55,953.6532130849198,284633,6358,271441175.0,155807.0,54.74,10.7,7.55,Infosys,0.8045009990535368,10.699999999999932,0.7939011566771771,27.1441175,2.84633
2017-01-20,953.0,955.0,946.0,948.8,948.9306711664435,221048,7143,209759227.0,137889.0,62.38,9.0,-4.2,Infosys,-1.017161337436756,9.0,-0.4407135362014738,20.9759227,2.21048
2017-01-23,947.0,957.5,939.5,951.75,952.8735307229152,177213,5621,168861577.0,65815.0,37.14,18.0,4.75,Infosys,0.31091905564923916,18.0,0.5015839493136219,16.8861577,1.77213
2017-01-24,952.85,953.0,940.15,945.1,944.1284984239182,125628,4486,118608975.0,47025.0,37.43,12.85,-7.75,Infosys,-0.6987128972944512,12.850000000000023,-0.8133494254079866,11.8608975,1.25628
2017-01-25,948.75,950.0,935.0,936.65,940.312188887394,222990,7921,209680215.0,114548.0,51.37,15.0,-12.1,Infosys,-0.8940852819807499,15.0,-1.275362318840582,20.9680215,2.2299
2017-01-27,935.0,948.0,926.4,942.15,939.6034983140845,319411,9202,300119693.0,149270.0,46.73,21.6,7.15,Infosys,0.5871990604815025,21.600000000000023,0.7647058823529387,30.0119693,3.19411
2017-01-30,938.7,951.9,929.65,948.35,942.5359019406729,492355,9028,464062264.0,326516.0,66.32,22.25,9.65,Infosys,0.6580693095579404,22.25,1.0280174709704886,46.4062264,4.92355
2017-01-31,943.9,947.0,905.0,929.3,922.8279196881225,870855,23940,803649308.0,428687.0,49.23,42.0,-14.6,Infosys,-2.0087520430220995,42.0,-1.5467740226718956,80.3649308,8.70855
2017-02-01,921.9,923.2,906.0,916.55,913.281326042256,334107,12496,305133684.0,97689.0,29.24,17.2,-5.35,Infosys,-1.372000430431508,17.200000000000045,-0.5803232454713118,30.5133684,3.34107
2017-02-02,916.0,945.2,911.0,935.35,930.7411036988934,457353,10478,425677236.0,202259.0,44.22,34.2,19.35,Infosys,2.051170148928061,34.200000000000045,2.1124454148471643,42.5677236,4.57353
2017-02-03,934.0,940.7,921.5,934.95,929.5020232025421,338325,8565,314473772.0,82890.0,24.5,19.2,0.95,Infosys,-0.04276474047147927,19.200000000000045,0.10171306209850593,31.4473772,3.38325
2017-02-06,939.0,941.65,931.0,934.45,935.6785432546883,206625,5051,193334579.0,108079.0,52.31,10.65,-4.55,Infosys,-0.05347879565752445,10.649999999999977,-0.4845580404685788,19.3334579,2.06625
2017-02-07,934.9,949.4,929.05,944.75,940.1551923349001,254452,6701,239224369.0,92164.0,36.22,20.35,9.85,Infosys,1.1022526619936857,20.350000000000023,1.0535886191036499,23.9224369,2.54452
2017-02-08,940.0,943.95,932.35,936.45,936.8501523722,189339,6417,177382271.0,58869.0,31.09,11.6,-3.55,Infosys,-0.8785392961100813,11.600000000000023,-0.37765957446808024,17.7382271,1.89339
2017-02-09,936.0,949.9,936.0,948.1,944.444387994254,330675,7828,312304148.0,203916.0,61.67,13.9,12.1,Infosys,1.24406001388222,13.899999999999977,1.292735042735045,31.2304148,3.30675
2017-02-10,945.0,971.8,944.0,968.05,965.6016973395632,1185031,10423,1144267945.0,834603.0,70.43,27.8,23.05,Infosys,2.104208416833653,27.799999999999955,2.439153439153434,114.4267945,11.85031
2017-02-13,975.0,985.0,963.1,983.5,977.6102254717581,473230,9927,462634487.0,253287.0,53.52,21.9,8.5,Infosys,1.595991942564945,21.899999999999977,0.8717948717948718,46.2634487,4.7323
2017-02-14,982.55,988.5,972.7,987.3,979.3259006167998,503405,5234,492997555.0,389767.0,77.43,15.8,4.75,Infosys,0.3863751906456381,15.799999999999955,0.4834359574576358,49.2997555,5.03405
2017-02-15,982.15,998.0,969.9,982.35,982.0558727638512,294759,9185,289469807.0,99709.0,33.83,28.1,0.2,Infosys,-0.5013673655423823,28.100000000000023,0.02036348826554452,28.9469807,2.94759
2017-02-16,992.0,1014.8,990.0,1011.9,1004.1056519135558,374068,13770,375603793.0,174289.0,46.59,24.8,19.9,Infosys,3.008092838601306,24.799999999999955,2.006048387096772,37.5603793,3.74068
2017-02-17,1011.9,1012.05,993.4,999.7,1001.11161320623,157562,5772,157737148.0,35300.0,22.4,18.65,-12.2,Infosys,-1.205652732483442,18.649999999999977,-1.2056527324834403,15.7737148,1.57562
2017-02-20,998.9,1028.1,993.5,1011.7,1004.807336506468,134042,4404,134686385.0,46850.0,34.95,34.6,12.8,Infosys,1.2003601080324167,34.59999999999991,1.281409550505563,13.4686385,1.34042
2017-02-21,1020.0,1024.8,1000.1,1012.95,1015.1849747594468,263663,5381,267666716.0,62642.0,23.76,24.7,-7.05,Infosys,0.12355441336364681,24.699999999999932,-0.6911764705882308,26.7666716,2.63663
2017-02-22,1012.7,1015.0,988.25,991.85,995.4248216276816,164123,7235,163372108.0,57989.0,35.33,26.75,-20.85,Infosys,-2.0830248284713027,26.75,-2.0588525723313937,16.3372108,1.64123
2017-02-23,991.0,1019.9,991.0,1009.05,1009.9032922525598,201473,7970,203468246.0,64010.0,31.77,28.9,18.05,Infosys,1.734133185461495,28.899999999999977,1.821392532795152,20.3468246,2.01473
2017-02-27,1005.5,1022.45,1005.5,1012.75,1017.119494197575,153815,7666,156448235.0,64491.0,41.93,16.95,7.25,Infosys,0.3666815321341943,16.950000000000045,0.7210343112879164,15.6448235,1.53815
2017-02-28,1011.0,1021.85,1009.0,1012.3,1015.10829458898,80872,3349,82093838.0,28908.0,35.75,12.85,1.3,Infosys,-0.0444334732164986,12.850000000000023,0.12858555885261666,8.2093838,0.80872
2017-03-01,1014.6,1026.2,1011.8,1025.0,1023.5450258694086,152690,6736,156285090.0,57880.0,37.91,14.4,10.4,Infosys,1.2545688037143288,14.400000000000091,1.0250344963532405,15.628509,1.5269
2017-03-02,1025.0,1027.9,1016.1,1020.65,1023.1421355671496,96218,3676,98444690.0,26290.0,27.32,11.8,-4.35,Infosys,-0.4243902439024394,11.800000000000068,-0.42439024390244123,9.844469,0.96218
2017-03-03,1010.1,1034.25,1000.5,1031.15,1019.0984024290802,186408,8606,189968095.0,66027.0,35.42,33.75,21.05,Infosys,1.0287561847842186,33.75,2.0839520839520906,18.9968095,1.86408
2017-03-06,1019.8,1035.9,1018.0,1033.85,1029.1597071723427,155040,5552,159560921.0,53860.0,34.74,17.9,14.05,Infosys,0.2618435727100632,17.90000000000009,1.3777211217885816,15.9560921,1.5504
2017-03-07,1024.0,1025.5,1015.0,1019.7,1019.8708251720154,119466,5266,121839888.0,55684.0,46.61,10.5,-4.3,Infosys,-1.368670503457936,10.5,-0.41992187499999556,12.1839888,1.19466
2017-03-08,1020.0,1020.0,1004.25,1007.25,1010.0387279541054,112606,3843,113736421.0,44246.0,39.29,15.75,-12.75,Infosys,-1.220947337452194,15.75,-1.25,11.3736421,1.12606
2017-03-09,1007.25,1013.0,999.0,1011.6,1008.3804399653228,92280,4437,93053347.0,30869.0,33.45,14.0,4.35,Infosys,0.43186895011169124,14.0,0.4318689501116925,9.3053347,0.9228
2017-03-10,1011.7,1027.5,1011.7,1020.1,1020.4731516133784,169675,4365,173148782.0,117882.0,69.48,15.8,8.4,Infosys,0.8402530644523454,15.799999999999955,0.8302856578036943,17.3148782,1.69675
2017-03-14,1032.5,1041.75,1023.65,1035.0,1034.334008886578,169244,5643,175054825.0,87866.0,51.92,18.1,2.5,Infosys,1.4606411136163011,18.100000000000023,0.24213075060532688,17.5054825,1.69244
2017-03-15,1035.0,1035.0,1008.0,1012.1,1015.186140490474,111851,5505,113549585.0,39336.0,35.17,27.0,-22.9,Infosys,-2.212560386473428,27.0,-2.212560386473428,11.3549585,1.11851
2017-03-16,1012.0,1032.0,1012.0,1028.5,1024.6393636055902,103395,4234,105942587.0,47360.0,45.8,20.0,16.5,Infosys,1.6203932417745204,20.0,1.6304347826086956,10.5942587,1.03395
2017-03-17,1035.0,1042.5,1020.45,1040.0,1032.3591685654333,111037,4936,114630065.0,42886.0,38.62,22.05,5.0,Infosys,1.1181332036946934,22.049999999999955,0.4830917874396135,11.4630065,1.11037
2017-03-20,1029.0,1029.0,1015.9,1020.6,1019.9638776612044,137062,4581,139798289.0,61308.0,44.73,13.1,-8.4,Infosys,-1.8653846153846132,13.100000000000023,-0.8163265306122427,13.9798289,1.37062
2017-03-21,1021.0,1034.8,1018.9,1032.0,1027.5625,101168,3428,103956443.0,29134.0,28.8,15.9,11.0,Infosys,1.1169900058788818,15.899999999999977,1.0773751224289911,10.3956443,1.01168
2017-03-22,1020.0,1039.0,1020.0,1027.8,1029.3257745459557,116068,4497,119471784.0,42984.0,37.03,19.0,7.8,Infosys,-0.40697674418604946,19.0,0.7647058823529367,11.9471784,1.16068
2017-03-23,1028.0,1042.55,1026.55,1040.6,1037.7263406351456,107188,3720,111231811.0,59190.0,55.22,16.0,12.6,Infosys,1.2453784783031718,16.0,1.2256809338521313,11.1231811,1.07188
2017-03-24,1040.4,1043.95,1026.0,1031.8,1033.7470824413065,138729,5340,143410699.0,69004.0,49.74,17.95,-8.6,Infosys,-0.8456659619450302,17.950000000000045,-0.8266051518646804,14.3410699,1.38729
2017-03-27,1033.0,1041.95,1024.3,1028.8,1034.64867333953,250667,6298,259352279.0,137379.0,54.81,17.65,-4.2,Infosys,-0.29075402209730594,17.65000000000009,-0.406582768635048,25.9352279,2.50667
2017-03-28,1026.25,1038.75,1026.25,1035.1,1035.0936955666684,71188,2263,73686250.0,29987.0,42.12,12.5,8.85,Infosys,0.6123639191290886,12.5,0.8623629719853748,7.368625,0.71188
2017-03-29,1035.0,1040.5,1025.85,1031.35,1033.851664237763,341718,2349,353285723.0,127931.0,37.44,14.65,-3.65,Infosys,-0.3622838373104065,14.650000000000091,-0.35265700483092666,35.3285723,3.41718
2017-03-30,1034.2,1035.85,1020.1,1024.5,1027.4193796665277,139022,4709,142833897.0,63292.0,45.53,15.75,-9.7,Infosys,-0.6641780191011692,15.749999999999886,-0.9379230322954984,14.2833897,1.39022
2017-03-31,1026.0,1028.8,1009.8,1020.8,1022.889774395731,316705,4969,323954306.0,26315.0,8.31,19.0,-5.2,Infosys,-0.36115178135676107,19.0,-0.5068226120857744,32.3954306,3.16705
2017-04-03,1027.1,1030.5,1006.55,1009.45,1011.3316758431924,157467,5491,159251365.0,63991.0,40.64,23.95,-17.65,Infosys,-1.1118730407523425,23.950000000000045,-1.7184305325674096,15.9251365,1.57467
2017-04-05,1005.0,1006.0,991.0,995.4,997.5024008678524,175145,6067,174707558.0,81488.0,46.53,15.0,-9.6,Infosys,-1.3918470454207799,15.0,-0.9552238805970172,17.4707558,1.75145
2017-04-06,995.1,1005.8,992.0,999.15,1000.134141847298,89547,3164,89559012.0,27871.0,31.12,13.8,4.05,Infosys,0.376732971669691,13.799999999999955,0.4069942719324645,8.9559012,0.89547
2017-04-07,1000.0,1000.0,979.0,981.25,986.3851728085934,214862,7715,211936691.0,96104.0,44.73,21.0,-18.75,Infosys,-1.791522794375222,21.0,-1.875,21.1936691,2.14862
2017-04-10,982.0,991.0,950.0,952.95,965.2012080803939,331766,11770,320220944.0,173341.0,52.25,41.0,-29.05,Infosys,-2.884076433121019,41.0,-2.958248472505087,32.0220944,3.31766
2017-04-11,955.0,971.2,955.0,967.15,966.2278623872988,157718,5571,152391526.0,69259.0,43.91,16.2,12.15,Infosys,1.4901096594784446,16.200000000000045,1.2722513089005212,15.2391526,1.57718
2017-04-12,972.0,976.05,961.05,968.8,968.7144399549268,212099,6185,205463364.0,75815.0,35.75,15.0,-3.2,Infosys,0.1706043529959178,15.0,-0.32921810699588944,20.5463364,2.12099
2017-04-13,974.0,990.95,927.0,931.4,942.8838459893544,1552568,46351,1463891287.0,449623.0,28.96,63.95,-42.6,Infosys,-3.860445912469035,63.950000000000045,-4.373716632443534,146.3891287,15.52568
2017-04-17,932.0,932.35,921.9,924.8,926.9466778037166,280146,7932,259680404.0,99502.0,35.52,10.45,-7.2,Infosys,-0.7086106935795589,10.450000000000045,-0.7725321888412066,25.9680404,2.80146
2017-04-18,925.0,934.0,919.55,922.4,926.5649540132237,270730,7986,250848930.0,97481.0,36.01,14.45,-2.6,Infosys,-0.2595155709342545,14.450000000000045,-0.28108108108108354,25.084893,2.7073
2017-04-19,929.8,929.8,912.0,918.8,917.8176624520676,308768,8585,283392724.0,123095.0,39.87,17.8,-11.0,Infosys,-0.3902862098872584,17.799999999999955,-1.183050118305012,28.3392724,3.08768
2017-04-20,920.0,929.8,919.05,927.65,924.3715009459069,187122,6480,172970244.0,67404.0,36.02,10.75,7.65,Infosys,0.9632128863735323,10.75,0.8315217391304324,17.2970244,1.87122
2017-04-21,934.2,934.2,921.3,923.7,925.9254413607747,138039,3457,127813822.0,58306.0,42.24,12.9,-10.5,Infosys,-0.42580714709210543,12.900000000000091,-1.1239563262684649,12.7813822,1.38039
2017-04-24,918.8,928.0,913.0,926.05,919.5540647398141,197282,5498,181411465.0,76750.0,38.9,15.0,7.25,Infosys,0.25441160549961594,15.0,0.7890727035263387,18.1411465,1.97282
2017-04-25,929.8,933.0,920.5,929.0,928.8596556239037,161916,4646,150397240.0,58626.0,36.21,12.5,-0.8,Infosys,0.3185573133200226,12.5,-0.08604000860399598,15.039724,1.61916
2017-04-26,933.0,934.7,910.4,914.05,917.3016815890451,265820,9858,243837133.0,110632.0,41.62,24.3,-18.95,Infosys,-1.6092572658772952,24.300000000000068,-2.031082529474817,24.3837133,2.6582
2017-04-27,920.0,926.45,916.0,923.95,922.5720919946926,126616,3355,116812388.0,41033.0,32.41,10.45,3.95,Infosys,1.0830917345878266,10.450000000000045,0.4293478260869615,11.6812388,1.26616
2017-04-28,925.05,926.5,916.9,919.4,920.4448151826957,103697,3029,95447366.0,46632.0,44.97,9.6,-5.65,Infosys,-0.49245089019969157,9.600000000000023,-0.6107777957948195,9.5447366,1.03697
2017-05-02,924.8,925.75,915.65,921.0,921.2140973696056,77745,2757,71619790.0,30270.0,38.93,10.1,-3.8,Infosys,0.17402653904721177,10.100000000000023,-0.41089965397923384,7.161979,0.77745
2017-05-03,924.3,938.8,918.2,935.65,932.3148025875528,224150,5225,208978363.0,59400.0,26.5,20.6,11.35,Infosys,1.5906623235613537,20.59999999999991,1.2279562912474329,20.8978363,2.2415
2017-05-04,935.0,939.2,929.15,936.3,935.2125775606813,106046,3090,99175553.0,28090.0,26.49,10.05,1.3,Infosys,0.06947042163201189,10.050000000000068,0.13903743315507533,9.9175553,1.06046
2017-05-05,936.0,936.4,921.25,931.5,928.8768979014995,107553,3298,99903497.0,31594.0,29.38,15.15,-4.5,Infosys,-0.5126561999359125,15.149999999999977,-0.4807692307692308,9.9903497,1.07553
2017-05-08,936.0,948.45,932.75,945.45,940.8919852243017,153766,5485,144677197.0,82616.0,53.73,15.7,9.45,Infosys,1.497584541062813,15.700000000000045,1.0096153846153895,14.4677197,1.53766
2017-05-09,949.9,951.0,942.25,946.7,947.3580096665391,201313,2353,190715483.0,146941.0,72.99,8.75,-3.2,Infosys,0.1322121740970017,8.75,-0.336877566059578,19.0715483,2.01313
2017-05-10,947.0,949.7,937.2,943.2,944.0617205188826,79941,2182,75469238.0,33125.0,41.44,12.5,-3.8,Infosys,-0.3697052920671795,12.5,-0.4012671594508928,7.5469238,0.79941
2017-05-11,945.0,948.7,937.75,943.85,944.7824290361872,64857,1992,61275754.0,23438.0,36.14,10.95,-1.15,Infosys,0.06891433418150239,10.950000000000045,-0.1216931216931193,6.1275754,0.64857
2017-05-12,950.0,965.7,950.0,963.9,959.1597645261869,839329,6777,805050606.0,209651.0,24.98,15.7,13.9,Infosys,2.1242782221751355,15.700000000000045,1.4631578947368395,80.5050606,8.39329
2017-05-15,965.0,965.7,949.25,951.95,952.797000731529,150370,3339,143272085.0,43316.0,28.81,16.45,-13.05,Infosys,-1.2397551613237856,16.450000000000045,-1.3523316062176118,14.3272085,1.5037
2017-05-16,952.0,960.15,948.0,956.5,953.8544295296712,126571,3012,120730309.0,30433.0,24.04,12.15,4.5,Infosys,0.4779662797415707,12.149999999999977,0.4726890756302521,12.0730309,1.26571
2017-05-17,955.0,958.3,944.2,952.2,945.8687989537393,1393152,4375,1317739009.0,71781.0,5.15,14.1,-2.8,Infosys,-0.4495556717198035,14.099999999999909,-0.29319371727748217,131.7739009,13.93152
2017-05-18,949.0,973.85,944.0,961.7,966.5510886280736,662623,8156,640458982.0,514537.0,77.65,29.85,12.7,Infosys,0.9976895610166014,29.850000000000023,1.3382507903055896,64.0458982,6.62623
2017-05-19,956.0,962.75,947.8,957.9,953.1210981297021,123082,4356,117312051.0,36756.0,29.86,14.95,1.9,Infosys,-0.39513361755225684,14.950000000000045,0.1987447698744746,11.7312051,1.23082
2017-05-22,957.8,966.5,956.55,959.75,960.6527399834004,242173,4672,232644156.0,175440.0,72.44,9.95,1.95,Infosys,0.19313080697358487,9.950000000000045,0.20359156400084003,23.2644156,2.42173
2017-05-23,963.0,966.75,953.85,957.4,959.5825132167549,713110,5388,684287886.0,642495.0,90.1,12.9,-5.6,Infosys,-0.2448554311018536,12.899999999999977,-0.5815160955347896,68.4287886,7.1311
2017-05-24,957.15,965.3,950.4,953.55,959.085773410665,142072,3501,136259234.0,60039.0,42.26,14.9,-3.6,Infosys,-0.4021307708376831,14.899999999999977,-0.37611659614480725,13.6259234,1.42072
2017-05-25,959.9,984.9,959.9,981.9,973.383473475592,207884,6233,202350850.0,104599.0,50.32,25.0,22.0,Infosys,2.9731005191127924,25.0,2.2919054068132096,20.235085,2.07884
2017-05-26,980.0,1000.0,980.0,996.2,993.296127872041,184059,6215,182825092.0,84842.0,46.1,20.0,16.2,Infosys,1.4563601181383001,20.0,1.6530612244898004,18.2825092,1.84059
2017-05-29,992.7,996.85,976.0,985.3,980.3721408473075,352552,4372,345632159.0,274359.0,77.82,20.85,-7.4,Infosys,-1.0941577996386398,20.850000000000023,-0.7454417245895125,34.5632159,3.52552
2017-05-30,985.3,1000.0,979.85,996.45,995.4368794171301,91547,3923,91129260.0,38487.0,42.04,20.15,11.15,Infosys,1.131635035014722,20.149999999999977,1.1316350350147255,9.112926,0.91547
2017-05-31,991.15,992.15,975.1,976.95,984.3316394317025,103115,4466,101499357.0,49176.0,47.69,17.05,-14.2,Infosys,-1.9569471624266144,17.049999999999955,-1.432679211017498,10.1499357,1.03115
2017-06-01,969.0,979.55,959.35,970.95,969.7014217549848,103112,3317,99987853.0,35327.0,34.26,20.2,1.95,Infosys,-0.6141563027790564,20.199999999999932,0.20123839009288394,9.9987853,1.03112
2017-06-02,970.95,975.1,965.0,969.45,967.3107578943936,306705,1788,296679046.0,268175.0,87.44,10.1,-1.5,Infosys,-0.1544878727019916,10.100000000000023,-0.15448787270199288,29.6679046,3.06705
2017-06-05,969.0,969.75,958.25,960.2,961.862379491276,220316,3295,211913672.0,143314.0,65.05,11.5,-8.8,Infosys,-0.9541492598896251,11.5,-0.9081527347781171,21.1913672,2.20316
2017-06-06,965.0,986.85,965.0,979.45,980.5559897529417,667899,5951,654912365.0,561707.0,84.1,21.85,14.45,Infosys,2.004790668610701,21.850000000000023,1.4974093264248751,65.4912365,6.67899
2017-06-07,982.05,988.7,945.5,961.5,959.6240326567657,458343,10778,439836958.0,105114.0,22.93,43.2,-20.55,Infosys,-1.8326611874010967,43.200000000000045,-2.0925614785397846,43.9836958,4.58343
2017-06-08,961.1,964.7,949.0,956.3,952.5314868240104,609366,5501,580440302.0,494425.0,81.14,15.7,-4.8,Infosys,-0.5408216328653181,15.700000000000045,-0.49942773904901344,58.0440302,6.09366
2017-06-09,940.0,952.0,923.05,948.65,932.5403967384121,1029192,15501,959763116.0,400351.0,38.9,28.95,8.65,Infosys,-0.7999581721217175,28.950000000000045,0.9202127659574445,95.9763116,10.29192
2017-06-12,943.0,966.7,940.0,963.8,953.2701741961592,217456,6004,207294319.0,74018.0,34.04,26.7,20.8,Infosys,1.5970062720708444,26.700000000000045,2.2057264050901333,20.7294319,2.17456
2017-06-13,959.7,963.0,952.35,958.2,958.8827756127728,101873,2493,97684265.0,34013.0,33.39,10.65,-1.5,Infosys,-0.5810334094210279,10.649999999999977,-0.1562988433885589,9.7684265,1.01873
2017-06-14,957.0,961.95,951.5,958.65,958.0624217380416,175692,2057,168323903.0,16573.0,9.43,10.45,1.65,Infosys,0.04696305572948756,10.450000000000045,0.1724137931034459,16.8323903,1.75692
2017-06-15,955.0,967.0,950.0,952.3,955.1971736204576,200610,3882,191622105.0,77849.0,38.81,17.0,-2.7,Infosys,-0.6623898190163291,17.0,-0.28272251308901,19.1622105,2.0061
2017-06-16,951.9,952.9,936.0,940.5,943.5188307556771,163456,4447,154223814.0,52589.0,32.17,16.9,-11.4,Infosys,-1.2391053239525274,16.899999999999977,-1.1976047904191593,15.4223814,1.63456
2017-06-19,938.6,940.45,928.0,929.45,932.1789633618314,127026,5802,118410965.0,57216.0,45.04,12.45,-9.15,Infosys,-1.1749069643806398,12.450000000000045,-0.9748561687619836,11.8410965,1.27026
2017-06-20,935.0,947.0,934.15,943.8,942.8434610793789,148289,6502,139813314.0,56370.0,38.01,12.85,8.8,Infosys,1.5439238259185473,12.850000000000023,0.9411764705882304,13.9813314,1.48289
2017-06-21,943.5,949.0,936.5,943.95,941.0846029173421,92550,4549,87097380.0,31289.0,33.81,12.5,0.45,Infosys,0.015893197711380758,12.5,0.04769475357711134,8.709738,0.9255
2017-06-22,945.0,968.3,935.85,940.3,953.6043935411191,276952,6164,264102644.0,142097.0,51.31,32.45,-4.7,Infosys,-0.3866730229355464,32.44999999999993,-0.49735449735450216,26.4102644,2.76952
2017-06-23,940.0,948.8,938.55,943.35,943.9083581249496,99496,3538,93915106.0,26609.0,26.74,10.25,3.35,Infosys,0.32436456450068984,10.25,0.3563829787234067,9.3915106,0.99496
2017-06-27,944.05,946.95,924.0,926.35,929.2314153443072,168701,8555,156762269.0,64262.0,38.09,22.95,-17.7,Infosys,-1.8020883023268097,22.950000000000045,-1.8749006938191763,15.6762269,1.68701
2017-06-28,930.3,932.55,921.2,924.4,924.6560011356707,429702,4116,397326533.0,236590.0,55.06,11.35,-5.9,Infosys,-0.21050358935608138,11.349999999999909,-0.6342040202085324,39.7326533,4.29702
2017-06-29,927.0,947.3,925.3,929.5,938.9749791853637,184966,5519,173678446.0,59762.0,32.31,22.0,2.5,Infosys,0.5517092167892645,22.0,0.2696871628910464,17.3678446,1.84966
2017-06-30,927.35,937.9,927.0,935.65,934.2801938432181,79652,2343,74417286.0,31578.0,39.64,10.9,8.3,Infosys,0.6616460462614215,10.899999999999977,0.895023453927854,7.4417286,0.79652
2017-07-03,935.0,954.0,935.0,951.4,945.1020927813603,120175,3952,113577644.0,38713.0,32.21,19.0,16.4,Infosys,1.6833217549297341,19.0,1.7540106951871632,11.3577644,1.20175
2017-07-04,955.0,967.8,949.7,960.5,960.5504288149517,113219,3986,108752559.0,37356.0,32.99,18.1,5.5,Infosys,0.9564851797351226,18.09999999999991,0.5759162303664921,10.8752559,1.13219
2017-07-05,955.6,958.4,946.65,951.05,951.1434680732576,95171,3113,90521275.0,28686.0,30.14,11.75,-4.55,Infosys,-0.9838625715773097,11.75,-0.47614064462118755,9.0521275,0.95171
2017-07-06,946.0,957.0,944.3,947.5,950.07608135807,95135,2389,90385488.0,27360.0,28.76,12.7,1.5,Infosys,-0.37327164712686045,12.700000000000045,0.15856236786469344,9.0385488,0.95135
2017-07-07,945.0,947.0,934.4,936.0,940.3901437129977,169922,3134,159792974.0,109775.0,64.6,12.6,-9.0,Infosys,-1.2137203166226906,12.600000000000023,-0.9523809523809524,15.9792974,1.69922
2017-07-10,945.0,960.45,940.0,959.05,952.568382225496,1107744,37886,1055201910.0,662407.0,59.8,20.45,14.05,Infosys,2.46260683760684,20.450000000000045,1.4867724867724819,105.520191,11.07744
2017-07-11,955.0,988.9,955.0,975.8,979.0852774130788,273437,9035,267718141.0,84550.0,30.92,33.9,20.8,Infosys,1.7465199937438003,33.89999999999998,2.1780104712041837,26.7718141,2.73437
2017-07-12,976.0,980.55,969.55,973.8,974.7490823414481,139213,6103,135697744.0,31811.0,22.85,11.0,-2.2,Infosys,-0.20496003279361075,11.0,-0.22540983606557843,13.5697744,1.39213
2017-07-13,973.95,983.35,965.0,976.3,976.9298463056311,324345,8576,316862311.0,118425.0,36.51,18.35,2.35,Infosys,0.2567262271513604,18.350000000000023,0.2412854869346382,31.6862311,3.24345
2017-07-14,1000.0,1006.65,968.0,972.05,985.3280812095056,685437,16258,675380324.0,131563.0,19.19,38.65,-27.95,Infosys,-0.4353170132131545,38.64999999999998,-2.7950000000000044,67.5380324,6.85437
2017-07-17,973.25,991.2,973.25,985.35,984.8760031702234,170335,6620,167758854.0,49845.0,29.26,17.95,12.1,Infosys,1.3682423743634597,17.950000000000045,1.2432571281787848,16.7758854,1.70335
2017-07-18,984.9,1004.3,981.5,985.4,995.4810696049923,225616,6984,224596457.0,80024.0,35.47,22.8,0.5,Infosys,0.005074339067334677,22.799999999999955,0.05076657528683116,22.4596457,2.25616
2017-07-19,989.0,989.4,970.0,979.9,975.9105527946499,162990,7937,159063661.0,50913.0,31.24,19.4,-9.1,Infosys,-0.5581489750355217,19.399999999999977,-0.9201213346814988,15.9063661,1.6299
2017-07-20,980.0,980.0,967.05,969.0,970.5598137915373,132110,5472,128220657.0,53093.0,40.19,12.95,-11.0,Infosys,-1.1123584039187673,12.950000000000045,-1.1224489795918366,12.8220657,1.3211
2017-07-21,971.0,982.5,971.0,979.9,977.6500624843789,120030,4058,117347337.0,41682.0,34.73,11.5,8.9,Infosys,1.1248710010319796,11.5,0.9165808444902138,11.7347337,1.2003
2017-07-24,981.1,993.75,981.1,991.2,990.8156253722819,486862,3628,482390477.0,428952.0,88.11,12.65,10.1,Infosys,1.1531788958057065,12.649999999999977,1.0294567322393255,48.2390477,4.86862
2017-07-25,991.0,999.0,986.25,994.15,993.3051684586696,128162,4523,127303977.0,47185.0,36.82,12.75,3.15,Infosys,0.29761904761904656,12.75,0.3178607467204821,12.7303977,1.28162
2017-07-26,996.0,999.0,991.1,993.75,993.7940591468856,1200097,2143,1192649269.0,1165211.0,97.09,7.9,-2.25,Infosys,-0.04023537695518886,7.899999999999977,-0.2259036144578313,119.2649269,12.00097
2017-07-27,994.0,1003.75,968.0,972.3,990.8568839611504,205819,5119,203937173.0,77699.0,37.75,35.75,-21.7,Infosys,-2.1584905660377407,35.75,-2.1830985915493004,20.3937173,2.05819
2017-07-28,980.0,1002.0,963.0,997.85,992.2234812442205,447702,7121,444220437.0,266115.0,59.44,39.0,17.85,Infosys,2.627789776817857,39.0,1.8214285714285738,44.4220437,4.47702
2017-07-31,997.85,1021.0,987.35,1011.3,1010.408794047146,312052,10528,315300085.0,113063.0,36.23,33.65,13.45,Infosys,1.347897980658419,33.64999999999998,1.3478979806584088,31.5300085,3.12052
2017-08-01,1007.0,1016.95,998.45,1005.0,1005.9851390639232,80143,2636,80622667.0,24100.0,30.07,18.5,-2.0,Infosys,-0.6229605458320964,18.5,-0.19860973187686196,8.0622667,0.80143
2017-08-02,1005.0,1012.0,988.2,992.45,999.0077806715152,92537,2565,92445183.0,18952.0,20.48,23.8,-12.55,Infosys,-1.2487562189054668,23.799999999999955,-1.248756218905468,9.2445183,0.92537
2017-08-03,992.45,998.8,981.0,983.6,987.9413762590116,76846,2941,75919343.0,25576.0,33.28,17.8,-8.85,Infosys,-0.8917325809864485,17.799999999999955,-0.8917325809864498,7.5919343,0.76846
2017-08-04,985.2,988.6,977.3,985.35,982.6693039559341,69895,2169,68683671.0,18889.0,27.02,11.3,0.15,Infosys,0.17791785278569172,11.300000000000068,0.015225334957366755,6.8683671,0.69895
2017-08-07,982.0,983.65,966.0,968.15,972.2005639223081,104979,2941,102060643.0,41800.0,39.82,17.65,-13.85,Infosys,-1.7455726391637505,17.649999999999977,-1.4103869653767844,10.2060643,1.04979
2017-08-08,970.0,971.05,955.55,964.6,963.8915134938701,104566,3710,100790280.0,36195.0,34.61,15.5,-5.4,Infosys,-0.3666787171409336,15.5,-0.5567010309278326,10.079028,1.04566
2017-08-09,966.25,973.6,964.55,969.45,969.4684104104339,84569,2472,81986974.0,28636.0,33.86,9.05,3.2,Infosys,0.5027990877047417,9.050000000000068,0.33117723156533463,8.1986974,0.84569
2017-08-10,971.9,988.0,970.0,982.5,982.3937751119826,260085,6304,255505885.0,119614.0,45.99,18.0,10.6,Infosys,1.3461240909794059,18.0,1.0906471859244802,25.5505885,2.60085
2017-08-11,977.0,995.6,969.55,987.75,987.0327831641752,154195,4662,152195520.0,46891.0,30.41,26.05,10.75,Infosys,0.5343511450381699,26.050000000000068,1.1003070624360285,15.219552,1.54195
2017-08-14,985.15,987.75,976.3,979.45,981.6987982777456,77805,2426,76381075.0,27306.0,35.1,11.45,-5.7,Infosys,-0.8402935965578284,11.450000000000045,-0.5785920925747279,7.6381075,0.77805
2017-08-16,984.0,986.1,970.0,976.8,976.0281921141869,90238,2569,88074832.0,20830.0,23.08,16.1,-7.2,Infosys,-0.27056000816786385,16.100000000000023,-0.7317073170731754,8.8074832,0.90238
2017-08-17,1010.0,1028.9,998.0,1021.15,1014.1101062580444,532195,13212,539704328.0,165771.0,31.15,30.9,11.15,Infosys,4.540335790335792,30.90000000000009,1.1039603960396016,53.9704328,5.32195
2017-08-18,1021.5,1021.5,884.4,923.1,923.7444617946886,8157426,156020,7535377090.0,3601624.0,44.15,137.1,-98.4,Infosys,-9.601919404592852,137.10000000000002,-9.63289280469897,753.537709,81.57426
2017-08-21,929.0,929.0,870.0,873.5,890.2806882928693,4476699,113153,3985518667.0,1723285.0,38.49,59.0,-55.5,Infosys,-5.373199003358254,59.0,-5.974165769644779,398.5518667,44.76699
2017-08-22,892.5,897.0,861.5,877.15,877.1443223271982,1967963,43912,1726187572.0,570140.0,28.97,35.5,-15.35,Infosys,0.41785918717802684,35.5,-1.7198879551820752,172.6187572,19.67963
2017-08-23,881.1,904.0,874.55,894.5,890.96027656321,2121468,47758,1890143716.0,536352.0,25.28,29.45,13.4,Infosys,1.9779969218491678,29.450000000000045,1.5208262399273609,189.0143716,21.21468
2017-08-24,907.0,918.8,902.35,912.5,911.4564119747549,1304177,28155,1188700489.0,526553.0,40.37,16.45,5.5,Infosys,2.0122973728339932,16.449999999999932,0.6063947078280044,118.8700489,13.04177
2017-08-28,947.0,953.5,937.9,941.15,944.8573983846202,1421709,28732,1343312267.0,554197.0,38.98,15.6,-5.85,Infosys,3.1397260273972494,15.600000000000023,-0.6177402323125684,134.3312267,14.21709
2017-08-29,943.4,943.4,926.0,927.55,933.2747730291376,603822,14362,563531840.0,249737.0,41.36,17.4,-15.85,Infosys,-1.4450406417680473,17.399999999999977,-1.680093279626884,56.353184,6.03822
2017-08-30,935.1,939.55,924.0,926.65,930.6220488611117,404166,10093,376125791.0,120498.0,29.81,15.55,-8.45,Infosys,-0.09702980971375563,15.549999999999955,-0.9036466688054803,37.6125791,4.04166
2017-08-31,928.0,932.7,912.7,915.3,917.31034260904,994749,12306,912493546.0,113013.0,32.58,20.0,-12.7,Infosys,-1.224842173420393,20.0,-1.3685344827586254,91.2493546,9.94749
2017-09-01,915.2,926.2,910.25,920.1,919.9250808221245,298495,7622,274593037.0,105528.0,35.35,15.95,4.9,Infosys,0.524418223533285,15.950000000000045,0.5354020979020954,27.4593037,2.98495
2017-09-04,921.25,921.75,893.6,901.3,904.6905826082808,587084,13607,531129366.0,243959.0,41.55,28.15,-19.95,Infosys,-2.04325616780785,28.149999999999977,-2.1655359565807375,53.1129366,5.87084
2017-09-05,903.35,904.5,897.25,901.1,900.6981889147304,347416,6718,312916962.0,130582.0,37.59,7.25,-2.25,Infosys,-0.022190169754787714,7.25,-0.24907289533403443,31.2916962,3.47416
2017-09-06,899.0,900.0,890.25,895.7,894.0157260762883,439334,7775,392771505.0,192036.0,43.71,9.75,-3.3,Infosys,-0.5992675618688215,9.75,-0.36707452725249773,39.2771505,4.39334
2017-09-07,898.0,900.85,892.55,895.55,896.3091120528516,280332,5391,251264126.0,173389.0,61.85,8.3,-2.45,Infosys,-0.016746678575429996,8.300000000000068,-0.27282850779510526,25.1264126,2.80332
2017-09-08,896.1,898.0,882.25,884.4,889.3319180269656,459029,9871,408229141.0,304493.0,66.33,15.75,-11.7,Infosys,-1.2450449444475487,15.75,-1.3056578506863123,40.8229141,4.59029
2017-09-11,890.0,892.2,874.0,878.55,881.140715595637,344077,9303,303180254.0,182044.0,52.91,18.2,-11.45,Infosys,-0.6614654002713771,18.200000000000045,-1.2865168539325895,30.3180254,3.44077
2017-09-12,881.0,887.55,879.05,883.85,882.4533758806278,266997,6853,235612404.0,132489.0,49.62,8.5,2.85,Infosys,0.6032667463434116,8.5,0.32349602724177334,23.5612404,2.66997
2017-09-13,885.0,887.75,881.0,883.55,883.6001740988794,408963,7136,361359778.0,279213.0,68.27,6.75,-1.45,Infosys,-0.03394241104260898,6.75,-0.16384180790960967,36.1359778,4.08963
2017-09-14,886.4,896.3,881.6,892.3,891.505336585689,271803,7137,242313825.0,133742.0,49.21,14.7,5.9,Infosys,0.9903231282892833,14.699999999999932,0.6656137184115498,24.2313825,2.71803
2017-09-15,895.0,912.25,893.0,908.6,903.177411307115,509060,7467,459771493.0,330797.0,64.98,19.25,13.6,Infosys,1.8267398856886885,19.25,1.5195530726257007,45.9771493,5.0906
2017-09-18,910.0,917.95,906.5,908.45,912.3499790981951,277488,6134,253166171.0,139715.0,50.35,11.45,-1.55,Infosys,-0.01650891481399519,11.450000000000045,-0.17032967032966534,25.3166171,2.77488
2017-09-19,910.1,915.4,903.65,911.3,909.8666701010864,174702,4002,158955527.0,61194.0,35.03,11.75,1.2,Infosys,0.3137211734272505,11.75,0.13185364245686537,15.8955527,1.74702
2017-09-20,915.3,916.0,907.55,912.0,911.0803121523459,122248,2941,111377746.0,53642.0,43.88,8.45,-3.3,Infosys,0.0768133435751217,8.450000000000045,-0.36053752867911665,11.1377746,1.22248
2017-09-21,912.5,915.25,908.45,909.55,910.9164917509008,139591,3278,127155744.0,54847.0,39.29,6.8,-2.95,Infosys,-0.26864035087720284,6.7999999999999545,-0.3232876712328817,12.7155744,1.39591
2017-09-22,908.2,909.9,888.4,898.05,896.7679500163904,204387,5931,183287711.0,92052.0,45.04,21.5,-10.15,Infosys,-1.264361497443789,21.5,-1.1175952433384817,18.3287711,2.04387
2017-09-25,901.0,902.15,890.0,896.65,894.6265537231512,155594,4076,139198524.0,58276.0,37.45,12.15,-4.35,Infosys,-0.15589332442513815,12.149999999999977,-0.482796892341845,13.9198524,1.55594
2017-09-26,896.0,908.05,894.5,906.45,899.305833041327,522249,5846,469661572.0,427888.0,81.93,13.55,10.45,Infosys,1.0929571181620634,13.549999999999955,1.166294642857148,46.9661572,5.22249
2017-09-27,905.0,907.95,895.1,898.65,900.3854709433629,135494,4502,121996829.0,58903.0,43.47,12.85,-6.35,Infosys,-0.8604997517789204,12.850000000000023,-0.7016574585635384,12.1996829,1.35494
2017-09-28,898.0,903.95,893.05,895.7,899.7050950611299,111402,2651,100228947.0,49832.0,44.73,10.9,-2.3,Infosys,-0.32827018305234823,10.900000000000091,-0.25612472160355837,10.0228947,1.11402
2017-09-29,900.0,902.25,895.1,898.75,898.6860833667366,241991,2596,217473944.0,31495.0,13.01,7.15,-1.25,Infosys,0.34051579770011386,7.149999999999977,-0.1388888888888889,21.7473944,2.41991
2017-10-03,908.0,911.65,902.0,903.95,905.6598659969656,106117,2799,96105908.0,49765.0,46.9,9.65,-4.05,Infosys,0.5785813630041714,9.649999999999977,-0.44603524229074387,9.6105908,1.06117
2017-10-04,903.95,904.95,897.45,899.8,901.7541378756227,99568,2164,89785856.0,38025.0,38.19,7.5,-4.15,Infosys,-0.45909618894851567,7.5,-0.45909618894851384,8.9785856,0.99568
2017-10-05,899.0,905.2,898.7,903.1,903.0587176279668,118312,4384,106842683.0,54647.0,46.19,6.5,4.1,Infosys,0.3667481662591676,6.5,0.4560622914349302,10.6842683,1.18312
2017-10-06,906.6,920.6,903.05,919.45,916.5806592995312,203064,5227,186124535.0,85971.0,42.34,17.55,12.85,Infosys,1.8104307385671703,17.550000000000068,1.4173836311493517,18.6124535,2.03064
2017-10-09,922.0,928.6,914.3,923.65,923.5140976039056,120446,2974,111233579.0,49462.0,41.07,14.3,1.65,Infosys,0.4567948229919905,14.300000000000068,0.17895878524945524,11.1233579,1.20446
2017-10-10,940.0,945.85,929.1,935.6,935.5372485797635,260520,6441,243726164.0,130437.0,50.07,16.75,-4.4,Infosys,1.293780111514109,16.75,-0.46808510638297635,24.3726164,2.6052
2017-10-11,936.0,937.7,928.15,930.6,932.1556507168125,171872,4698,160211456.0,89640.0,52.16,9.55,-5.4,Infosys,-0.5344164172723431,9.550000000000068,-0.5769230769230745,16.0211456,1.71872
2017-10-12,930.0,934.65,920.0,927.15,925.6555632972451,335844,7652,310875867.0,152760.0,45.49,14.65,-2.85,Infosys,-0.3707285622179257,14.649999999999977,-0.30645161290322825,31.0875867,3.35844
2017-10-13,930.05,934.0,927.6,931.9,930.5291231264439,1228079,5835,1142763275.0,1087403.0,88.55,6.4,1.85,Infosys,0.512322709378199,6.399999999999977,0.1989140368797401,114.2763275,12.28079
2017-10-16,935.0,942.0,933.5,939.3,937.5227435871808,220106,5217,206354381.0,123226.0,55.98,8.5,4.3,Infosys,0.7940766176628422,8.5,0.45989304812833737,20.6354381,2.20106
2017-10-17,935.0,937.4,930.25,931.45,932.5124608406976,192483,4130,179492796.0,106734.0,55.45,7.15,-3.55,Infosys,-0.8357287341637321,7.149999999999977,-0.37967914438502187,17.9492796,1.92483
2017-10-18,929.0,930.0,923.25,924.45,926.7334316516946,185791,4993,172178731.0,104018.0,55.99,6.75,-4.55,Infosys,-0.7515164528423379,6.75,-0.4897739504843869,17.2178731,1.85791
2017-10-19,930.0,933.35,925.85,927.1,927.6228031002212,100767,2788,93473767.0,70573.0,70.04,7.5,-2.9,Infosys,0.28665693114824364,7.5,-0.31182795698924487,9.3473767,1.00767
2017-10-23,928.2,942.8,928.2,939.65,936.1966081880224,263458,8936,246648486.0,171008.0,64.91,14.6,11.45,Infosys,1.353683529284866,14.599999999999909,1.2335703512174028,24.6648486,2.63458
2017-10-24,945.0,947.5,924.0,926.75,934.1741253014752,445725,9323,416384762.0,235951.0,52.94,23.5,-18.25,Infosys,-1.3728515936784924,23.5,-1.9312169312169312,41.6384762,4.45725
2017-10-25,920.0,944.15,915.25,935.4,935.3404999399111,416050,11664,389148415.0,175324.0,42.14,28.9,15.4,Infosys,0.9333693013218181,28.899999999999977,1.6739130434782583,38.9148415,4.1605
2017-10-26,940.15,950.35,940.15,947.5,945.9375128012562,527292,11869,498785283.0,336760.0,63.87,10.2,7.35,Infosys,1.2935642505879752,10.200000000000045,0.7817901398712995,49.8785283,5.27292
2017-10-27,955.0,957.05,945.0,947.45,949.2290165974376,399399,10844,379121120.0,261381.0,65.44,12.05,-7.55,Infosys,-0.005277044854878898,12.049999999999955,-0.7905759162303617,37.912112,3.99399
2017-10-30,954.0,955.0,941.0,944.65,946.65259305925,514296,10347,486859642.0,354831.0,68.99,14.0,-9.35,Infosys,-0.2955301071296712,14.0,-0.9800838574423505,48.6859642,5.14296
2017-10-31,923.4,930.35,920.0,921.65,925.0457853901056,212404,4872,196483425.0,107453.0,50.59,10.35,-1.75,Infosys,-2.434764198380357,10.350000000000023,-0.18951700238249947,19.6483425,2.12404
2017-11-01,924.0,928.95,922.0,926.25,925.7021620151613,117668,2321,108925522.0,62583.0,53.19,6.95,2.25,Infosys,0.49910486627244843,6.9500000000000455,0.2435064935064935,10.8925522,1.17668
2017-11-02,924.0,926.55,919.8,922.9,923.1809553763043,108104,2615,99799554.0,60086.0,55.58,6.75,-1.1,Infosys,-0.3616734143049971,6.75,-0.11904761904762151,9.9799554,1.08104
2017-11-03,922.7,929.4,918.0,926.65,926.039925173704,74840,1631,69304828.0,31313.0,41.84,11.4,3.95,Infosys,0.40632787951024874,11.399999999999977,0.42809147068385517,6.9304828,0.7484
2017-11-06,925.0,934.85,922.35,928.6,928.408658447795,122239,2092,113487746.0,80922.0,66.2,12.5,3.6,Infosys,0.21043543948633392,12.5,0.38918918918919165,11.3487746,1.22239
2017-11-07,928.5,959.8,927.0,955.7,950.2193640568736,415729,9302,395033746.0,191019.0,45.95,32.8,27.2,Infosys,2.9183717424079214,32.799999999999955,2.9294561120086207,39.5033746,4.15729
2017-11-08,958.25,961.5,947.3,951.95,954.7036794106888,158558,2898,151375906.0,43951.0,27.72,14.2,-6.3,Infosys,-0.3923825468243214,14.200000000000045,-0.657448473780324,15.1375906,1.58558
2017-11-09,958.5,962.0,949.15,954.6,955.1639135519677,144503,3229,138024051.0,64947.0,44.95,12.85,-3.9,Infosys,0.27837596512421126,12.850000000000023,-0.40688575899843266,13.8024051,1.44503
2017-11-10,954.6,962.75,950.2,960.6,958.3895104177359,97430,2615,93375890.0,42713.0,43.84,12.55,6.0,Infosys,0.628535512256434,12.549999999999955,0.6285355122564426,9.337589,0.9743
2017-11-13,960.6,968.9,949.1,951.8,956.5271232219612,1275844,4195,1220379391.0,87315.0,6.84,19.8,-8.8,Infosys,-0.9160941078492635,19.799999999999955,-0.916094107849268,122.0379391,12.75844
2017-11-14,950.0,954.4,944.0,949.45,949.1657821378792,74616,2138,70822954.0,24126.0,32.33,10.4,-0.55,Infosys,-0.246900609371703,10.399999999999977,-0.057894736842100475,7.0822954,0.74616
2017-11-15,947.0,953.45,945.0,951.95,950.1874281787918,84411,2324,80206271.0,37767.0,44.74,8.45,4.95,Infosys,0.26331033756386013,8.450000000000045,0.522703273495253,8.0206271,0.84411
2017-11-16,951.15,995.45,948.85,988.6,971.6125093102878,645791,14864,627458614.0,249904.0,38.7,46.6,37.45,Infosys,3.849992121434953,46.60000000000002,3.9373390106712973,62.7458614,6.45791
2017-11-17,989.8,989.8,963.0,970.95,972.5967326199608,297180,4320,289036297.0,137476.0,46.26,26.8,-18.85,Infosys,-1.7853530244790639,26.799999999999955,-1.9044251363911813,28.9036297,2.9718
2017-11-20,969.7,970.0,957.35,961.35,962.4427324123624,145571,3764,140103751.0,55725.0,38.28,12.65,-8.35,Infosys,-0.9887223852927618,12.649999999999977,-0.8610910590904427,14.0103751,1.45571
2017-11-21,961.35,971.55,959.65,966.4,966.934976567249,101994,2772,98621566.0,38166.0,37.42,11.9,5.05,Infosys,0.5253029593800251,11.899999999999977,0.5253029593800337,9.8621566,1.01994
2017-11-22,965.0,970.85,962.5,966.3,966.4552461219005,81870,2421,79123691.0,35557.0,43.43,8.35,1.3,Infosys,-0.010347682119205004,8.350000000000023,0.13471502590673104,7.9123691,0.8187
2017-11-23,970.0,994.35,969.85,991.4,985.9628028180751,311986,10468,307606591.0,109387.0,35.06,24.5,21.4,Infosys,2.5975369967918827,24.5,2.2061855670103068,30.7606591,3.11986
2017-11-24,989.1,1019.2,989.1,1009.95,1009.0901155985824,491269,15386,495734692.0,265270.0,54.0,30.1,20.85,Infosys,1.8710913859188993,30.100000000000023,2.1079769487412823,49.5734692,4.91269
2017-11-27,1000.0,1005.0,994.0,997.5,997.5687943591408,172456,4418,172036724.0,58625.0,33.99,11.0,-2.5,Infosys,-1.232734293776927,11.0,-0.25,17.2036724,1.72456
2017-11-28,996.9,1000.15,981.5,984.5,989.1374647224835,153072,4264,151409250.0,58039.0,37.92,18.65,-12.4,Infosys,-1.3032581453634062,18.649999999999977,-1.2438559534557105,15.140925,1.53072
2017-11-29,989.0,992.0,981.5,983.3,985.5301333668848,63584,1982,62663948.0,23469.0,36.91,10.5,-5.7,Infosys,-0.12188928390046705,10.5,-0.5763397371081947,6.2663948,0.63584
2017-11-30,989.0,989.8,967.35,974.95,982.147317710968,128491,3991,126197091.0,53445.0,41.59,22.45,-14.05,Infosys,-0.8491813281806038,22.449999999999932,-1.4206268958543937,12.6197091,1.28491
2017-12-01,977.5,983.0,956.45,958.5,965.8247143255296,143520,4871,138615163.0,53084.0,36.99,26.55,-19.0,Infosys,-1.6872660136417306,26.549999999999955,-1.9437340153452685,13.8615163,1.4352
2017-12-04,983.0,996.95,969.65,985.3,985.948844570754,405001,10122,399310268.0,118255.0,29.2,27.3,2.3,Infosys,2.7960354720917957,27.300000000000068,0.23397761953204013,39.9310268,4.05001
2017-12-05,986.0,1002.6,979.3,984.4,991.3639510246333,309135,6561,306465295.0,82306.0,26.62,23.3,-1.6,Infosys,-0.0913427382523091,23.300000000000068,-0.16227180527383597,30.6465295,3.09135
2017-12-06,984.4,994.0,970.0,990.4,989.3462109015235,142237,3301,140721637.0,41665.0,29.29,24.0,6.0,Infosys,0.6095083299471726,24.0,0.609508329947176,14.0721637,1.42237
2017-12-07,987.5,1002.15,982.4,1000.1,995.5606261716771,219237,4614,218263725.0,76333.0,34.82,19.75,12.6,Infosys,0.9794022617124476,19.75,1.27594936708861,21.8263725,2.19237
2017-12-08,1000.1,1006.85,996.05,1001.55,1002.1130256231694,195292,4765,195704657.0,70802.0,36.25,10.8,1.45,Infosys,0.1449855014498569,10.800000000000068,0.1449855014498482,19.5704657,1.95292
2017-12-11,997.0,1005.0,995.0,1003.5,1000.7580934964968,94057,2445,94128304.0,33845.0,35.98,10.0,6.5,Infosys,0.19469821776247898,10.0,0.6519558676028084,9.4128304,0.94057
2017-12-12,1003.0,1014.0,1000.0,1011.1,1008.771452150334,161161,3541,162574616.0,47548.0,29.5,14.0,8.1,Infosys,0.7573492775286628,14.0,0.807577268195416,16.2574616,1.61161
2017-12-13,1012.0,1018.0,999.0,1003.45,1011.3463340742104,141274,3291,142876942.0,33404.0,23.64,19.0,-8.55,Infosys,-0.7566017208980313,19.0,-0.8448616600790468,14.2876942,1.41274
2017-12-14,1005.25,1016.0,1000.05,1012.45,1009.7673577763968,123907,4065,125117244.0,40679.0,32.83,15.95,7.2,Infosys,0.8969056754198013,15.950000000000045,0.7162397413578757,12.5117244,1.23907
2017-12-15,1015.0,1026.0,1011.0,1023.45,1018.2476292622836,188338,5155,191774722.0,103645.0,55.03,15.0,8.45,Infosys,1.086473406094135,15.0,0.8325123152709404,19.1774722,1.88338
2017-12-18,1015.0,1029.85,1005.6,1015.35,1021.0020724330363,166471,3819,169967236.0,23831.0,14.32,24.25,0.35,Infosys,-0.791440715227909,24.249999999999886,0.034482758620691896,16.9967236,1.66471
2017-12-19,1015.35,1017.5,1000.0,1004.8,1012.2003854827184,1739637,3273,1760861242.0,1609332.0,92.51,17.5,-10.55,Infosys,-1.0390505736938116,17.5,-1.039050573693807,176.0861242,17.39637
2017-12-20,1004.8,1015.0,1001.95,1013.3,1009.7255326231692,108144,2333,109195758.0,20094.0,18.58,13.05,8.5,Infosys,0.8459394904458684,13.049999999999955,0.8459394904458598,10.9195758,1.08144
2017-12-21,1013.3,1028.0,998.05,1021.55,1013.0357225532928,302386,7467,306327820.0,98739.0,32.65,29.95,8.25,Infosys,0.8141715187999665,29.950000000000045,0.8141715187999606,30.632782,3.02386
2017-12-22,1019.4,1044.2,1016.2,1038.4,1033.6219615462044,312947,8592,323468892.0,145388.0,46.46,28.0,19.0,Infosys,1.6494542606823037,28.0,1.8638414753776842,32.3468892,3.12947
2017-12-26,1029.8,1040.0,1023.1,1034.35,1030.1621901935187,1024914,9487,1055827651.0,813232.0,79.35,16.9,4.55,Infosys,-0.39002311248075294,16.899999999999977,0.44183336570207365,105.5827651,10.24914
2017-12-27,1029.0,1038.85,1025.1,1034.05,1034.0204580577515,201241,6164,208087311.0,98535.0,48.96,13.75,5.05,Infosys,-0.02900372214433844,13.75,0.49076773566569043,20.8087311,2.01241
2017-12-28,1031.9,1039.9,1026.1,1034.0,1035.089320917126,168919,5878,174846253.0,85849.0,50.82,13.8,2.1,Infosys,-0.004835356123977785,13.800000000000182,0.20350809186935837,17.4846253,1.68919
2017-12-29,1030.0,1046.1,1030.0,1039.3,1039.5808312894612,183883,5096,191161242.0,83918.0,45.64,16.1,9.3,Infosys,0.5125725338491316,16.09999999999991,0.9029126213592189,19.1161242,1.83883
2018-01-01,1040.0,1043.65,1031.8,1034.55,1038.1028727169628,109339,2943,113505130.0,30310.0,27.72,11.85,-5.45,Infosys,-0.4570383912248621,11.850000000000136,-0.5240384615384659,11.350513,1.09339
2018-01-02,1037.2,1043.4,1022.95,1029.5,1030.4575185472263,180620,6413,186121237.0,70480.0,39.02,20.45,-7.7,Infosys,-0.48813493789570117,20.450000000000045,-0.742383339760899,18.6121237,1.8062
2018-01-03,1035.0,1035.0,1018.0,1019.1,1022.5510840978015,158934,3961,162518134.0,48806.0,30.71,17.0,-15.9,Infosys,-1.010199125789213,17.0,-1.536231884057969,16.2518134,1.58934
2018-01-04,1022.0,1022.0,1009.6,1015.3,1013.5585144972856,319784,4220,324119796.0,211434.0,66.12,12.4,-6.7,Infosys,-0.37287802963399397,12.399999999999977,-0.6555772994129203,32.4119796,3.19784
2018-01-05,1015.3,1026.0,1006.25,1012.1,1013.3708059002842,281139,7799,284898055.0,106639.0,37.93,19.75,-3.2,Infosys,-0.3151777799665023,19.75,-0.31517777996650564,28.4898055,2.81139
2018-01-08,1015.0,1038.8,1015.0,1035.65,1029.1405576053628,153944,4743,158430014.0,61435.0,39.91,23.8,20.65,Infosys,2.326845173401848,23.799999999999955,2.0344827586206984,15.8430014,1.53944
2018-01-09,1040.0,1044.5,1029.25,1041.3,1037.4511009954936,262081,7184,271896222.0,88401.0,33.73,15.25,1.3,Infosys,0.5455511031719151,15.25,0.12499999999999563,27.1896222,2.62081
2018-01-10,1049.9,1055.55,1034.6,1051.6,1048.7875360462756,704303,7624,738664208.0,484894.0,68.85,20.95,1.7,Infosys,0.9891481801594049,20.950000000000045,0.16192018287454216,73.8664208,7.04303
2018-01-11,1053.0,1083.3,1053.0,1075.6,1077.5949022669683,1315369,8487,1417434929.0,1127996.0,85.76,30.3,22.6,Infosys,2.2822365918600207,30.299999999999955,2.146248812915471,141.7434929,13.15369
2018-01-12,1089.0,1089.0,1069.55,1078.4,1076.4666123635545,284821,7105,306600297.0,130811.0,45.93,19.45,-10.6,Infosys,0.260319821494992,19.450000000000045,-0.9733700642791469,30.6600297,2.84821
2018-01-15,1078.5,1092.05,1065.5,1080.4,1080.471968322948,222748,6806,240672970.0,79419.0,35.65,26.55,1.9,Infosys,0.18545994065282123,26.549999999999955,0.17617060732499684,24.067297,2.22748
2018-01-16,1080.0,1134.4,1080.0,1122.9,1115.8363818365146,685309,19627,764692715.0,273743.0,39.94,54.4,42.9,Infosys,3.9337282487967418,54.40000000000009,3.9722222222222303,76.4692715,6.85309
2018-01-17,1118.0,1160.0,1118.0,1152.25,1151.8070111706477,814814,19041,938508478.0,477297.0,58.58,42.0,34.25,Infosys,2.6137679223439125,42.0,3.0635062611806796,93.8508478,8.14814
2018-01-18,1149.0,1164.45,1132.35,1152.75,1149.6729097960504,330817,11175,380331343.0,131742.0,39.82,32.1,3.75,Infosys,0.04339336081580214,32.100000000000136,0.3263707571801566,38.0331343,3.30817
2018-01-19,1148.9,1148.9,1136.0,1143.25,1142.428499704337,179258,5194,204789448.0,74200.0,41.39,12.9,-5.65,Infosys,-0.8241162437649052,12.900000000000091,-0.49177474105667074,20.4789448,1.79258
2018-01-22,1141.7,1155.0,1130.1,1150.3,1144.4058551889332,295157,5671,337779399.0,129944.0,44.03,24.9,8.6,Infosys,0.6166630220861613,24.90000000000009,0.7532626784619347,33.7779399,2.95157
2018-01-23,1151.2,1187.0,1151.2,1175.2,1175.137312542604,1032768,11609,1213644212.0,702602.0,68.03,35.8,24.0,Infosys,2.1646526992958437,35.799999999999955,2.0847810979847115,121.3644212,10.32768
2018-01-24,1177.8,1220.0,1167.0,1185.15,1194.3491372978835,531006,14630,634206558.0,160078.0,30.15,53.0,7.35,Infosys,0.8466643975493682,53.0,0.6240448293428542,63.4206558,5.31006
2018-01-25,1184.4,1191.5,1160.8,1170.8,1168.958565791915,522853,8983,611193493.0,244859.0,46.83,30.7,-13.6,Infosys,-1.2108171961355163,30.700000000000045,-1.1482607227288193,61.1193493,5.22853
2018-01-29,1165.0,1196.2,1165.0,1181.5,1184.0058457932632,219303,9229,259656034.0,89236.0,40.69,31.2,16.5,Infosys,0.913905022207051,31.200000000000045,1.4163090128755365,25.9656034,2.19303
2018-01-30,1180.5,1183.05,1161.8,1169.7,1169.169279973116,690377,7891,807167580.0,531416.0,76.97,21.25,-10.8,Infosys,-0.9987304274227671,21.25,-0.9148665819567942,80.716758,6.90377
2018-01-31,1160.0,1166.0,1143.05,1150.65,1156.2505344632891,182426,8807,210930160.0,74957.0,41.09,22.95,-9.35,Infosys,-1.6286227237753192,22.950000000000045,-0.8060344827586129,21.093016,1.82426
2018-02-01,1150.0,1158.0,1120.0,1144.5,1141.1795331522046,672082,10221,766966223.0,383189.0,57.02,38.0,-5.5,Infosys,-0.5344805110155226,38.0,-0.47826086956521735,76.6966223,6.72082
2018-02-02,1140.0,1162.45,1130.05,1141.7,1146.009106370993,461545,11585,528934773.0,213390.0,46.23,32.4,1.7,Infosys,-0.24464831804280607,32.40000000000009,0.14912280701754785,52.8934773,4.61545
2018-02-05,1138.0,1155.0,1135.0,1138.3,1142.9354519806234,262998,5888,300589738.0,143078.0,54.4,20.0,0.3,Infosys,-0.29780152404310645,20.0,0.02636203866431938,30.0589738,2.62998
2018-02-06,1109.0,1127.9,1098.7,1108.45,1114.7226779268667,218587,6157,243663886.0,74543.0,34.1,29.2,-0.55,Infosys,-2.6223315470438324,29.200000000000045,-0.04959422903516272,24.3663886,2.18587
2018-02-07,1112.1,1125.0,1103.9,1108.75,1114.2457057919105,234793,9824,261617092.0,92813.0,39.53,21.1,-3.35,Infosys,0.027064820244482313,21.09999999999991,-0.30123190360578267,26.1617092,2.34793
2018-02-08,1120.3,1145.0,1117.05,1134.55,1139.4048193550773,216336,7463,246494281.0,118233.0,54.65,27.95,14.25,Infosys,2.326944757609928,27.950000000000045,1.2719807194501473,24.6494281,2.16336
2018-02-09,1124.9,1124.9,1107.2,1111.8,1113.8842339160633,135912,3335,151390234.0,30772.0,22.64,17.7,-13.1,Infosys,-2.005200299678289,17.700000000000045,-1.1645479598186625,15.1390234,1.35912
2018-02-12,1112.0,1120.0,1098.75,1103.8,1106.7205320468643,362750,4957,401462873.0,210100.0,57.92,21.25,-8.2,Infosys,-0.7195538765965126,21.25,-0.7374100719424501,40.1462873,3.6275
2018-02-14,1104.0,1117.4,1091.7,1098.05,1106.4641690252226,192208,3109,212671265.0,130534.0,67.91,25.7,-5.95,Infosys,-0.5209277042942606,25.700000000000045,-0.538949275362323,21.2671265,1.92208
2018-02-15,1100.1,1129.7,1100.1,1114.15,1119.7306916278856,282999,7929,316882666.0,166411.0,58.8,29.6,14.05,Infosys,1.4662355994718101,29.600000000000136,1.277156622125278,31.6882666,2.82999
2018-02-16,1121.0,1140.0,1116.05,1124.85,1124.132671263878,563385,6975,633319485.0,329630.0,58.51,23.95,3.85,Infosys,0.960373378808943,23.950000000000045,0.343443354148074,63.3319485,5.63385
2018-02-19,1125.2,1135.0,1120.0,1130.0,1124.6302082178415,270582,3551,304304691.0,40212.0,14.86,15.0,4.8,Infosys,0.4578388229541819,15.0,0.4265908282971876,30.4304691,2.70582
2018-02-20,1132.0,1147.9,1121.0,1134.7,1139.7852572181253,122989,3296,140181049.0,19992.0,16.26,26.9,2.7,Infosys,0.4159292035398332,26.90000000000009,0.23851590106007467,14.0181049,1.22989
2018-02-21,1146.0,1151.65,1140.4,1148.7,1147.2165915450248,145098,5921,166458833.0,59232.0,40.82,11.25,2.7,Infosys,1.2338062924120985,11.25,0.2356020942408417,16.6458833,1.45098
2018-02-22,1148.9,1164.0,1140.1,1160.5,1156.326660759264,143323,6091,165728206.0,65516.0,45.71,23.9,11.6,Infosys,1.027248193610153,23.90000000000009,1.009661415266769,16.5728206,1.43323
2018-02-23,1165.0,1166.0,1147.2,1155.65,1158.0934293606945,121632,5388,140861220.0,38825.0,31.92,18.8,-9.35,Infosys,-0.4179233089185663,18.799999999999955,-0.8025751072961296,14.086122,1.21632
2018-02-26,1157.0,1157.0,1136.15,1141.05,1144.3413792153658,108917,3769,124638230.0,38670.0,35.5,20.85,-15.95,Infosys,-1.263358283217253,20.84999999999991,-1.3785652549697534,12.463823,1.08917
2018-02-27,1142.1,1152.8,1125.85,1148.3,1134.2267678962533,347461,4038,394099567.0,61885.0,17.81,26.95,6.2,Infosys,0.6353796941413581,26.950000000000045,0.5428596445144949,39.4099567,3.47461
2018-02-28,1148.05,1189.2,1142.35,1174.25,1170.4012446683794,400910,10970,469225563.0,247082.0,61.63,46.85,26.2,Infosys,2.259862405294788,46.850000000000136,2.282130569226083,46.9225563,4.0091
2018-03-01,1173.45,1173.45,1156.4,1160.25,1161.8947531891292,90150,2568,104744812.0,37613.0,41.72,17.05,-13.2,Infosys,-1.1922503725782407,17.049999999999955,-1.1248881503259656,10.4744812,0.9015
2018-03-05,1160.0,1170.1,1144.05,1153.1,1160.1165858732556,764295,3766,886671306.0,233778.0,30.59,26.05,-6.9,Infosys,-0.6162464985994487,26.049999999999955,-0.5948275862069043,88.6671306,7.64295
2018-03-06,1167.25,1167.25,1129.85,1146.85,1154.7560198360627,117362,5481,135524476.0,69971.0,59.62,37.4,-20.4,Infosys,-0.5420171711039812,37.40000000000009,-1.7476975797815455,13.5524476,1.17362
2018-03-07,1151.3,1160.0,1138.2,1142.8,1145.692423303582,151702,2775,173803832.0,42790.0,28.21,21.8,-8.5,Infosys,-0.3531412128874756,21.799999999999955,-0.7382958394857987,17.3803832,1.51702
2018-03-08,1144.0,1165.0,1144.0,1156.7,1159.4531794802642,207644,5304,240753496.0,108829.0,52.41,21.0,12.7,Infosys,1.2163108155407887,21.0,1.1101398601398642,24.0753496,2.07644
2018-03-09,1160.2,1166.0,1156.5,1163.4,1163.1381229305211,107817,2967,125406063.0,47243.0,43.82,9.5,3.2,Infosys,0.5792340278378161,9.5,0.27581451473884205,12.5406063,1.07817
2018-03-12,1170.3,1191.85,1170.3,1185.85,1187.0995022480413,373881,7354,443833949.0,231474.0,61.91,21.55,15.55,Infosys,1.929688843046229,21.549999999999955,1.3287191318465312,44.3833949,3.73881
2018-03-13,1176.2,1195.5,1175.0,1180.55,1185.7689634296732,89198,2740,105768220.0,23426.0,26.26,20.5,4.35,Infosys,-0.4469367963907733,20.5,0.36983506206426703,10.576822,0.89198
2018-03-14,1179.0,1189.0,1169.45,1180.2,1179.5952259873945,64893,1815,76547473.0,12289.0,18.94,19.55,1.2,Infosys,-0.02964719833974394,19.549999999999955,0.10178117048346441,7.6547473,0.64893
2018-03-15,1180.0,1187.9,1172.25,1182.15,1176.7942757762028,459416,2521,540638119.0,34397.0,7.49,15.65,2.15,Infosys,0.1652262328418974,15.650000000000091,0.18220338983051618,54.0638119,4.59416
2018-03-16,1184.8,1185.0,1169.0,1172.5,1174.9544994761748,55362,1670,65047831.0,12588.0,22.74,16.0,-12.3,Infosys,-0.8163092670135041,16.0,-1.0381498987170792,6.5047831,0.55362
2018-03-19,1164.7,1180.0,1143.8,1147.15,1162.400582116683,277264,3313,322291835.0,194987.0,70.33,36.2,-17.55,Infosys,-2.1620469083155625,36.200000000000045,-1.5068257920494508,32.2291835,2.77264
2018-03-20,1147.15,1170.0,1147.15,1162.1,1158.0635401038785,692539,7440,802004166.0,421000.0,60.79,22.85,14.95,Infosys,1.3032297432767903,22.84999999999991,1.3032297432768005,80.2004166,6.92539
2018-03-21,1163.1,1176.6,1163.1,1168.6,1172.218381313274,88405,2275,103629966.0,32881.0,37.19,13.5,5.5,Infosys,0.5593322433525616,13.5,0.472874215458688,10.3629966,0.88405
2018-03-22,1166.9,1176.05,1153.6,1158.8,1167.6023438588113,251295,2933,293412631.0,175841.0,69.97,22.45,-8.1,Infosys,-0.838610302926579,22.450000000000045,-0.6941468849087442,29.3412631,2.51295
2018-03-23,1145.0,1173.7,1140.0,1167.45,1165.9359843049983,341510,9329,398178798.0,175792.0,51.47,33.7,22.45,Infosys,0.74646185709355,33.700000000000045,1.9606986899563357,39.8178798,3.4151
2018-03-26,1167.0,1167.0,1143.9,1154.3,1152.3982424859907,196300,5327,226215775.0,79831.0,40.67,23.1,-12.7,Infosys,-1.1263865690179564,23.09999999999991,-1.088260497000861,22.6215775,1.963
2018-03-27,1145.0,1170.0,1145.0,1152.8,1155.0209057015547,109970,2388,127017649.0,33813.0,30.75,25.0,7.8,Infosys,-0.12994888677120287,25.0,0.6812227074235768,12.7017649,1.0997
2018-03-28,1153.0,1153.0,1129.0,1134.4,1140.2683818536973,95733,2623,109161313.0,25845.0,27.0,24.0,-18.6,Infosys,-1.5961138098542604,24.0,-1.6131830008672947,10.9161313,0.95733
2018-04-02,1135.5,1148.95,1122.0,1137.5,1134.9480442784156,72812,2387,82637837.0,14965.0,20.55,26.95,2.0,Infosys,0.2732722143864441,26.950000000000045,0.17613386173491855,8.2637837,0.72812
2018-04-03,1136.8,1145.0,1129.6,1140.05,1135.326760765722,55686,3307,63221806.0,22976.0,41.26,15.4,3.25,Infosys,0.22417582417582071,15.400000000000091,0.28589021815622806,6.3221806,0.55686
2018-04-04,1140.5,1145.0,1120.0,1124.55,1130.3281886510988,174290,3027,197004900.0,110266.0,63.27,25.0,-15.95,Infosys,-1.3595894916889617,25.0,-1.3985094256904906,19.70049,1.7429
2018-04-05,1134.05,1150.4,1129.95,1145.0,1141.4200139591694,57310,1822,65414781.0,17301.0,30.19,20.45,10.95,Infosys,1.8185051798497165,20.450000000000045,0.9655658921564345,6.5414781,0.5731
2018-04-06,1140.0,1145.7,1123.65,1129.3,1130.299233600054,88857,3167,100434999.0,31335.0,35.26,22.05,-10.7,Infosys,-1.371179039301318,22.049999999999955,-0.9385964912280742,10.0434999,0.88857
2018-04-09,1129.9,1129.9,1106.8,1110.95,1114.676297124009,167351,7851,186542193.0,76021.0,45.43,23.1,-18.95,Infosys,-1.624900380766836,23.100000000000136,-1.677139569873444,18.6542193,1.67351
2018-04-10,1127.0,1127.0,1105.55,1114.15,1115.4115463378107,221698,4287,247284509.0,157266.0,70.94,21.45,-12.85,Infosys,0.2880417660560797,21.450000000000045,-1.140195208518182,24.7284509,2.21698
2018-04-11,1118.0,1131.75,1117.7,1123.9,1122.297643123376,340196,3443,381801169.0,78970.0,23.21,14.05,5.9,Infosys,0.8751065834941452,14.049999999999955,0.5277280858676289,38.1801169,3.40196
2018-04-12,1132.9,1172.0,1128.3,1162.25,1156.2910209276017,282880,7302,327091604.0,85210.0,30.12,43.7,29.35,Infosys,3.4122252869472236,43.700000000000045,2.5906964427575168,32.7091604,2.8288
2018-04-13,1174.5,1184.0,1150.2,1169.0,1170.746876791414,294809,8181,345146716.0,48975.0,16.61,33.8,-5.5,Infosys,0.5807700580769959,33.799999999999955,-0.4682843763303533,34.5146716,2.94809
2018-04-16,1099.3,1140.0,1099.0,1132.8,1124.8873111458515,531561,12748,597946224.0,66320.0,12.48,41.0,33.5,Infosys,-3.0966638152266968,41.0,3.047393796052033,59.7946224,5.31561
2018-04-17,1131.95,1131.95,1115.35,1125.0,1121.6586451178791,157534,4613,176699373.0,52294.0,33.2,16.6,-6.95,Infosys,-0.6885593220338992,16.600000000000136,-0.6139847166394315,17.6699373,1.57534
2018-04-18,1124.0,1134.0,1113.7,1125.45,1124.269046023941,158222,4070,177884097.0,29403.0,18.58,20.3,1.45,Infosys,0.039999999999995595,20.299999999999955,0.12900355871886526,17.7884097,1.58222
2018-04-19,1124.0,1139.0,1124.0,1132.7,1132.2271101752979,119682,2417,135507205.0,42168.0,35.23,15.0,8.7,Infosys,0.6441867697365433,15.0,0.7740213523131714,13.5507205,1.19682
2018-04-20,1138.5,1191.8,1134.9,1178.25,1172.481591878765,562279,13115,659261777.0,232365.0,41.33,56.9,39.75,Infosys,4.021364880374323,56.899999999999864,3.491436100131752,65.9261777,5.62279
2018-04-23,1166.0,1212.4,1155.0,1183.35,1192.219444990764,518622,9393,618311233.0,163936.0,31.61,57.4,17.35,Infosys,0.43284532145129173,57.40000000000009,1.4879931389365273,61.8311233,5.18622
2018-04-24,1185.0,1196.0,1150.0,1153.9,1168.528049471244,171251,4595,200111597.0,45767.0,26.73,46.0,-31.1,Infosys,-2.4886973422909353,46.0,-2.624472573839655,20.0111597,1.71251
2018-04-25,1154.0,1171.3,1145.2,1160.9,1161.4011976294175,243147,4957,282391217.0,100854.0,41.48,26.1,6.9,Infosys,0.6066383568766875,26.09999999999991,0.5979202772963684,28.2391217,2.43147
2018-04-26,1165.0,1182.0,1160.0,1175.65,1171.745048671792,148546,4492,174058040.0,70124.0,47.21,22.0,10.65,Infosys,1.270565940218793,22.0,0.9141630901287631,17.405804,1.48546
2018-04-27,1180.0,1191.7,1175.0,1185.15,1184.4084093486686,143721,3269,170224361.0,45949.0,31.97,16.7,5.15,Infosys,0.8080636243779971,16.700000000000045,0.4364406779661094,17.0224361,1.43721
2018-04-30,1188.0,1207.95,1185.0,1199.4,1199.8439581424957,128818,4823,154561499.0,67901.0,52.71,22.95,11.4,Infosys,1.2023794456397896,22.950000000000045,0.9595959595959673,15.4561499,1.28818
2018-05-02,1200.0,1204.0,1180.4,1197.8,1191.652068637598,261839,6994,312020986.0,114909.0,43.89,23.6,-2.2,Infosys,-0.13340003335001738,23.59999999999991,-0.18333333333333712,31.2020986,2.61839
2018-05-03,1198.0,1204.65,1175.0,1181.85,1195.5182496516384,88988,2903,106386778.0,30425.0,34.19,29.65,-16.15,Infosys,-1.3316079479045007,29.65000000000009,-1.348080133555934,10.6386778,0.88988
2018-05-04,1190.0,1196.0,1156.8,1172.9,1166.6346774118151,106963,4179,124786745.0,27631.0,25.83,39.2,-17.1,Infosys,-0.7572873038033445,39.200000000000045,-1.4369747899159588,12.4786745,1.06963
2018-05-07,1177.1,1190.2,1176.8,1183.35,1182.2827918693536,92096,3195,108883516.0,29976.0,32.55,13.4,6.25,Infosys,0.8909540455281695,13.400000000000091,0.5309659332257243,10.8883516,0.92096
2018-05-08,1176.55,1180.0,1162.0,1165.35,1167.026987422784,193127,3345,225384421.0,74219.0,38.43,18.0,-11.2,Infosys,-1.5211053365445593,18.0,-0.9519357443372612,22.5384421,1.93127
2018-05-09,1170.0,1176.45,1163.3,1171.25,1170.5432293722859,124117,2801,145284314.0,39279.0,31.65,13.15,1.25,Infosys,0.5062856652507941,13.150000000000091,0.10683760683760685,14.5284314,1.24117
2018-05-10,1165.0,1183.0,1163.1,1167.55,1172.7545336125868,78304,2069,91831371.0,28396.0,36.26,19.9,2.55,Infosys,-0.3159018143009673,19.90000000000009,0.21888412017166992,9.1831371,0.78304
2018-05-11,1170.5,1189.0,1166.35,1181.0,1174.573356750252,61494,3214,72229214.0,26667.0,43.37,22.65,10.5,Infosys,1.1519849256991233,22.65000000000009,0.897052541648868,7.2229214,0.61494
2018-05-14,1175.0,1194.7,1170.05,1189.6,1183.658480965266,58761,2380,69552956.0,21832.0,37.15,24.65,14.6,Infosys,0.7281964436917754,24.65000000000009,1.242553191489354,6.9552956,0.58761
2018-05-15,1189.3,1207.75,1186.8,1192.55,1196.1655668015203,204419,26606,244518969.0,97214.0,47.56,20.95,3.25,Infosys,0.2479825151311399,20.950000000000045,0.27326999075086184,24.4518969,2.04419
2018-05-16,1192.55,1197.5,1185.0,1190.05,1191.588677007299,109600,2970,130598119.0,57189.0,52.18,12.5,-2.5,Infosys,-0.20963481615026147,12.5,-0.20963481615026625,13.0598119,1.096
2018-05-17,1198.9,1198.9,1175.0,1184.95,1186.9215819831309,69002,2203,81899963.0,20465.0,29.66,23.9,-13.95,Infosys,-0.42855342212511083,23.90000000000009,-1.163566602719163,8.1899963,0.69002
2018-05-18,1186.0,1187.55,1173.05,1183.75,1180.9458383114295,52731,1495,62272455.0,23499.0,44.56,14.5,-2.25,Infosys,-0.10127009578463353,14.5,-0.1897133220910624,6.2272455,0.52731
2018-05-21,1180.0,1188.0,1170.3,1182.6,1182.1369745393833,83855,2574,99128096.0,29895.0,35.65,17.7,2.6,Infosys,-0.09714889123548787,17.700000000000045,0.22033898305083974,9.9128096,0.83855
2018-05-22,1175.6,1197.95,1174.55,1193.55,1187.2817695502943,97019,2773,115188890.0,33107.0,34.12,23.4,17.95,Infosys,0.92592592592593,23.40000000000009,1.5268798911194323,11.518889,0.97019
2018-05-23,1196.8,1206.7,1180.9,1185.25,1197.176625440343,104464,3222,125061859.0,34187.0,32.73,25.8,-11.55,Infosys,-0.6954044656696357,25.799999999999955,-0.9650735294117609,12.5061859,1.04464
2018-05-24,1192.45,1227.6,1192.45,1221.85,1217.422842183348,254783,8355,310178644.0,99353.0,39.0,35.15,29.4,Infosys,3.0879561273992717,35.149999999999864,2.465512180804215,31.0178644,2.54783
2018-05-25,1223.0,1248.0,1221.35,1228.8,1238.9471297110997,205711,7153,254865053.0,71861.0,34.93,26.65,5.8,Infosys,0.5688095920121095,26.65000000000009,0.47424366312346317,25.4865053,2.05711
2018-05-28,1228.3,1232.95,1206.1,1214.5,1219.9480554985987,190203,4148,232037780.0,103588.0,54.46,26.85,-13.8,Infosys,-1.163736979166663,26.850000000000136,-1.1235040299601038,23.203778,1.90203
2018-05-29,1220.0,1225.55,1207.0,1216.65,1215.1037660324653,58709,1347,71337527.0,22384.0,38.13,18.55,-3.35,Infosys,0.17702758336763935,18.549999999999955,-0.27459016393441876,7.1337527,0.58709
2018-05-30,1216.7,1229.0,1207.0,1214.1,1214.455906282238,376108,2330,456766582.0,248437.0,66.05,22.0,-2.6,Infosys,-0.2095919122179879,22.0,-0.2136927755404074,45.6766582,3.76108
2018-05-31,1217.0,1240.0,1210.45,1231.9,1227.2011128096544,105319,2739,129247594.0,31429.0,29.84,29.55,14.9,Infosys,1.466106581006521,29.549999999999955,1.224322103533286,12.9247594,1.05319
2018-06-01,1231.9,1245.15,1217.9,1220.25,1226.1386633730476,132782,3182,162809144.0,74750.0,56.3,27.25,-11.65,Infosys,-0.945693643964618,27.25,-0.9456936439646149,16.2809144,1.32782
2018-06-04,1220.0,1243.35,1212.75,1239.6,1234.3305214551187,88790,2319,109596207.0,33659.0,37.91,30.6,19.6,Infosys,1.5857406269206953,30.59999999999991,1.606557377049173,10.9596207,0.8879
2018-06-05,1225.1,1241.0,1217.0,1221.2,1227.3650665502944,45830,1638,56250141.0,11760.0,25.66,24.0,-3.9,Infosys,-1.484349790254913,24.0,-0.31834135988897755,5.6250141,0.4583
2018-06-06,1221.2,1240.6,1220.1,1235.6,1233.2221137056438,67578,2373,83338684.0,18980.0,28.09,20.5,14.4,Infosys,1.1791680314444664,20.5,1.1791680314444697,8.3338684,0.67578
2018-06-07,1238.0,1257.0,1237.0,1250.8,1250.9313380169551,157001,5088,196397471.0,45891.0,29.23,20.0,12.8,Infosys,1.2301715765620003,20.0,1.0339256865912725,19.6397471,1.57001
2018-06-08,1249.9,1262.45,1245.15,1259.75,1259.2677297160792,415785,3948,523584633.0,351912.0,84.64,17.3,9.85,Infosys,0.7155420530860379,17.299999999999955,0.788063045043596,52.3584633,4.15785
2018-06-11,1259.75,1270.0,1256.0,1263.05,1262.1443372477115,68721,1892,86735821.0,19946.0,29.02,14.0,3.3,Infosys,0.26195673744791037,14.0,0.2619567374479027,8.6735821,0.68721
2018-06-12,1265.0,1270.85,1250.9,1258.4,1259.8691217404044,109216,4314,137597866.0,37078.0,33.95,19.95,-6.6,Infosys,-0.36815644669647707,19.949999999999818,-0.5217391304347755,13.7597866,1.09216
2018-06-13,1265.0,1284.0,1261.0,1276.1,1276.4777648861452,112907,4148,144123275.0,49839.0,44.14,23.0,11.1,Infosys,1.406547997457075,23.0,0.8774703557312181,14.4123275,1.12907
2018-06-14,1259.0,1259.0,1234.05,1238.7,1243.796084349417,149758,7717,186268414.0,59766.0,39.91,24.95,-20.3,Infosys,-2.930804795862385,24.950000000000045,-1.61239078633836,18.6268414,1.49758
2018-06-15,1238.7,1290.0,1237.0,1280.45,1269.0595575139241,194266,6833,246535124.0,80259.0,41.31,53.0,41.75,Infosys,3.3704690401227033,53.0,3.3704690401227086,24.6535124,1.94266
2018-06-18,1285.0,1290.5,1262.3,1266.5,1272.9651224238153,90832,2918,115625968.0,27662.0,30.45,28.2,-18.5,Infosys,-1.0894607364598463,28.200000000000045,-1.4396887159533074,11.5625968,0.90832
2018-06-19,1266.0,1266.0,1236.0,1244.05,1246.0351035960944,104975,3251,130802535.0,31936.0,30.42,30.0,-21.95,Infosys,-1.7726016581129156,30.0,-1.7338072669826259,13.0802535,1.04975
2018-06-20,1245.0,1252.45,1239.1,1243.35,1246.3193774262597,55126,2076,68704602.0,18899.0,34.28,13.35,-1.65,Infosys,-0.056267834894097035,13.350000000000136,-0.13253012048193502,6.8704602,0.55126
2018-06-21,1250.0,1255.8,1237.45,1246.35,1247.4209176628397,50694,1772,63236756.0,19682.0,38.83,18.35,-3.65,Infosys,0.24128362890578625,18.34999999999991,-0.29200000000000725,6.3236756,0.50694
2018-06-22,1245.5,1254.0,1241.8,1246.45,1248.798627874476,39355,1338,49146470.0,12807.0,32.54,12.2,0.95,Infosys,0.008023428410974809,12.200000000000045,0.07627458851867086,4.914647,0.39355
2018-06-25,1250.0,1278.95,1250.0,1272.3,1271.7416146847038,145403,6131,184915046.0,73993.0,50.89,28.95,22.3,Infosys,2.073889847165944,28.950000000000045,1.7839999999999963,18.4915046,1.45403
2018-06-26,1269.9,1283.8,1260.0,1277.85,1278.1949239501748,76989,2807,98406949.0,33739.0,43.82,23.8,7.95,Infosys,0.4362178731431188,23.799999999999955,0.6260335459484855,9.8406949,0.76989
2018-06-27,1281.15,1293.9,1264.3,1269.2,1281.287577670627,100585,3513,128878311.0,39082.0,38.85,29.6,-11.95,Infosys,-0.6769182611417457,29.600000000000136,-0.9327557272762786,12.8878311,1.00585
2018-06-28,1269.2,1298.2,1269.2,1288.85,1290.7509406715885,98334,3579,126924703.0,29000.0,29.49,29.0,19.65,Infosys,1.5482193507721398,29.0,1.5482193507721291,12.6924703,0.98334
2018-06-29,1295.2,1313.45,1284.0,1306.75,1297.9610615142087,118623,5715,153968035.0,43961.0,37.06,29.45,11.55,Infosys,1.3888350079528378,29.450000000000045,0.8917541692402683,15.3968035,1.18623
2018-07-02,1313.9,1341.8,1313.9,1334.45,1325.234574331754,120951,4919,160288447.0,37593.0,31.08,27.9,20.55,Infosys,2.1197627702314925,27.899999999999864,1.564045970012935,16.0288447,1.20951
2018-07-03,1340.0,1358.0,1333.3,1353.65,1346.7310929876937,137330,4698,184946581.0,52889.0,38.51,24.7,13.65,Infosys,1.4387950091798052,24.700000000000045,1.0186567164179172,18.4946581,1.3733
2018-07-04,1353.0,1354.95,1339.7,1344.6,1345.3576104746317,65988,2287,88777458.0,18113.0,27.45,15.25,-8.4,Infosys,-0.6685627747202161,15.25,-0.620842572062091,8.8777458,0.65988
2018-07-05,1349.8,1350.0,1268.85,1284.5,1287.5221062438084,457269,15352,588743946.0,200665.0,43.88,81.15,-65.3,Infosys,-4.469730774951652,81.15000000000009,-4.837753741295003,58.8743946,4.57269
2018-07-06,1280.0,1301.35,1269.5,1284.5,1281.9876707027147,198957,6373,255060421.0,44166.0,22.2,31.85,4.5,Infosys,0.0,31.84999999999991,0.3515625,25.5060421,1.98957
2018-07-09,1292.55,1303.0,1279.5,1299.15,1294.259863899744,148420,4028,192094049.0,44403.0,29.92,23.5,6.6,Infosys,1.140521603736877,23.5,0.5106185447371581,19.2094049,1.4842
2018-07-10,1305.2,1315.5,1295.0,1302.5,1305.3336696422696,136779,6252,178542234.0,47688.0,34.87,20.5,-2.7,Infosys,0.257860909055907,20.5,-0.20686484829911472,17.8542234,1.36779
2018-07-11,1310.0,1341.9,1293.0,1320.35,1317.3685795756544,299143,8928,394081589.0,55946.0,18.7,48.9,10.35,Infosys,1.370441458733196,48.90000000000009,0.7900763358778558,39.4081589,2.99143
2018-07-12,1324.0,1326.7,1284.6,1294.6,1300.768454335155,494965,14793,643834858.0,184262.0,37.23,42.1,-29.4,Infosys,-1.950240466542963,42.100000000000136,-2.2205438066465324,64.3834858,4.94965
2018-07-13,1310.0,1331.35,1300.15,1309.1,1310.360844191256,1105721,13084,1448893503.0,112035.0,10.13,31.2,-0.9,Infosys,1.120037077089453,31.199999999999818,-0.06870229007634282,144.8893503,11.05721
2018-07-16,1325.0,1384.4,1288.35,1333.05,1345.631129283919,959431,29572,1291040220.0,178388.0,18.59,96.05,8.05,Infosys,1.8295011840195663,96.05000000000018,0.6075471698113173,129.104022,9.59431
2018-07-17,1332.7,1348.8,1313.5,1327.4,1333.14863255793,266227,7887,354920161.0,70379.0,26.44,35.3,-5.3,Infosys,-0.423840066014014,35.299999999999955,-0.3976889022285552,35.4920161,2.66227
2018-07-18,1340.0,1343.2,1314.35,1322.4,1323.6359540583421,184669,5154,244434528.0,61494.0,33.3,28.85,-17.6,Infosys,-0.37667620913063304,28.850000000000136,-1.3134328358208887,24.4434528,1.84669
2018-07-19,1322.4,1330.3,1310.85,1316.55,1318.6318771201763,116146,4704,153153818.0,39532.0,34.04,19.45,-5.85,Infosys,-0.442377495462809,19.450000000000045,-0.4423774954628052,15.3153818,1.16146
2018-07-20,1321.05,1367.05,1321.05,1348.35,1352.0974048561575,816448,8815,1103917222.0,92523.0,11.33,46.0,27.3,Infosys,2.4154038965477964,46.0,2.0665379811513533,110.3917222,8.16448
2018-07-23,1350.1,1368.05,1336.7,1355.75,1351.346730119742,130280,3960,176053452.0,28699.0,22.03,31.35,5.65,Infosys,0.548818926836514,31.34999999999991,0.41848751944301105,17.6053452,1.3028
2018-07-24,1362.0,1379.8,1356.5,1376.0,1368.7590582264204,113488,4283,155337728.0,32699.0,28.81,23.3,14.0,Infosys,1.4936382076341514,23.299999999999955,1.0279001468428781,15.5337728,1.13488
2018-07-25,1380.0,1392.1,1366.1,1383.7,1382.509856975186,192554,6957,266207803.0,59462.0,30.88,26.0,3.7,Infosys,0.5595930232558111,26.0,0.2681159420289888,26.6207803,1.92554
2018-07-26,1380.0,1389.7,1369.0,1375.2,1384.2037805661905,894575,3795,1238274097.0,825824.0,92.31,20.7,-4.8,Infosys,-0.6142950061429509,20.700000000000045,-0.34782608695651845,123.8274097,8.94575
2018-07-27,1380.0,1388.3,1370.0,1374.55,1377.446776807035,1266384,3332,1744376559.0,1202236.0,94.93,18.3,-5.45,Infosys,-0.04726585223968627,18.299999999999955,-0.3949275362318873,174.4376559,12.66384
2018-07-30,1385.0,1385.0,1350.0,1353.15,1357.53158905648,1592102,3836,2161328758.0,1530021.0,96.1,35.0,-31.85,Infosys,-1.5568731584882256,35.0,-2.2996389891696682,216.1328758,15.92102
2018-07-31,1350.0,1370.05,1335.0,1365.0,1348.844537266265,2863072,11533,3861839027.0,2584785.0,90.28,35.05,15.0,Infosys,0.8757343975168919,35.049999999999955,1.1111111111111112,386.1839027,28.63072
