Date,Open Price,High Price,Low Price,Close Price,WAP,No.of Shares,No. of Trades,Total Turnover (Rs.),Deliverable Quantity,% Deli. Qty to Traded Qty,Spread High-Low,Spread Close-Open,Company,Daily Return %,Price Range,Intraday Return %,Turnover Crore,Volume Lakh
2015-01-01,269.35,278.0,266.0,276.85,274.2358640486853,435450,10664,119416007.0,79285.0,18.21,12.0,7.5,TVS Motors,0.0,12.0,2.7844811583441613,11.9416007,4.3545
2015-01-02,280.75,280.75,267.1,267.8,273.03206794328446,596733,13800,162927245.0,168089.0,28.17,13.65,-12.95,TVS Motors,-3.26891818674373,13.649999999999977,-4.612644701691893,16.2927245,5.96733
2015-01-05,265.1,272.0,265.0,271.2,269.55350585020074,292725,7191,78905050.0,71225.0,24.33,7.0,6.1,TVS Motors,1.2696041822255255,7.0,2.3010184835910845,7.890505,2.92725
2015-01-06,270.0,275.8,264.0,268.0,270.6640074333547,608070,16231,164582663.0,168530.0,27.72,11.8,-2.0,TVS Motors,-1.179941002949847,11.800000000000011,-0.7407407407407408,16.4582663,6.0807
2015-01-07,270.7,280.0,269.35,278.55,275.38214705495886,555561,17362,152991581.0,129277.0,23.27,10.65,7.85,TVS Motors,3.9365671641791167,10.649999999999977,2.8998891762098347,15.2991581,5.55561
2015-01-08,282.0,297.9,282.0,295.8,290.81155082938005,722407,19214,210084300.0,154313.0,21.36,15.9,13.8,TVS Motors,6.19278406031234,15.899999999999977,4.8936170212766,21.00843,7.22407
2015-01-09,297.3,300.05,291.25,296.7,294.8691894399134,517420,14450,152571216.0,109711.0,21.2,8.8,-0.6,TVS Motors,0.30425963488842633,8.800000000000011,-0.2018163471241247,15.2571216,5.1742
2015-01-12,294.95,303.8,290.6,300.65,296.42691870635196,525367,15273,155732921.0,132780.0,25.27,13.2,5.7,TVS Motors,1.331311088641729,13.199999999999989,1.932530937447021,15.5732921,5.25367
2015-01-13,302.4,312.25,301.0,308.45,307.60554399821353,680664,17248,209376020.0,100717.0,14.8,11.25,6.05,TVS Motors,2.5943788458340222,11.25,2.0006613756613794,20.937602,6.80664
2015-01-14,309.0,313.4,306.05,307.5,309.52210493465304,474238,17472,146787144.0,72225.0,15.23,7.35,-1.5,TVS Motors,-0.3079915707570047,7.349999999999966,-0.48543689320388345,14.6787144,4.74238
2015-01-15,312.0,317.5,303.5,315.2,312.91569782154085,493973,13135,154571906.0,84432.0,17.09,14.0,3.2,TVS Motors,2.504065040650394,14.0,1.025641025641022,15.4571906,4.93973
2015-01-16,316.4,320.75,313.5,319.4,318.7179076545157,377777,9911,120404295.0,66888.0,17.71,7.25,3.0,TVS Motors,1.3324873096446588,7.25,0.9481668773704173,12.0404295,3.77777
2015-01-19,319.4,322.3,307.95,308.85,313.2321140865513,425782,13921,133368596.0,144330.0,33.9,14.35,-10.55,TVS Motors,-3.303068252974317,14.350000000000023,-3.303068252974313,13.3368596,4.25782
2015-01-20,311.0,313.75,305.6,309.05,309.7468244240786,287192,7691,88956810.0,61987.0,21.58,8.15,-1.95,TVS Motors,0.06475635421725467,8.149999999999977,-0.6270096463022471,8.895681,2.87192
2015-01-21,311.0,311.95,298.25,300.85,303.46368960134896,351084,10161,106541246.0,84901.0,24.18,13.7,-10.15,TVS Motors,-2.653292347516578,13.699999999999989,-3.263665594855298,10.6541246,3.51084
2015-01-22,304.0,305.0,297.0,300.65,300.6380200281429,316954,9133,95288423.0,55660.0,17.56,8.0,-3.35,TVS Motors,-0.06647831145090155,8.0,-1.1019736842105337,9.5288423,3.16954
2015-01-23,302.2,309.4,300.2,306.15,306.1083815267,364158,11077,111471816.0,82430.0,22.64,9.2,3.95,TVS Motors,1.829369698985528,9.199999999999989,1.3070814030443376,11.1471816,3.64158
2015-01-27,308.2,314.75,307.0,308.15,310.45420853406745,290600,7092,90217993.0,75428.0,25.96,7.75,-0.05,TVS Motors,0.6532745386248484,7.75,-0.016223231667751904,9.0217993,2.906
2015-01-28,308.5,316.45,308.25,312.0,311.9922106449116,246747,7291,76983142.0,58972.0,23.9,8.2,3.5,TVS Motors,1.2493915300989755,8.199999999999989,1.1345218800648298,7.6983142,2.46747
2015-01-29,312.0,313.3,309.0,310.15,310.69258314951156,139628,3443,43381384.0,38256.0,27.4,4.3,-1.85,TVS Motors,-0.5929487179487269,4.300000000000011,-0.5929487179487252,4.3381384,1.39628
2015-01-30,311.0,314.65,306.0,308.15,310.178978013876,264485,5765,82037687.0,59786.0,22.6,8.65,-2.85,TVS Motors,-0.64484926648396,8.649999999999977,-0.916398713826374,8.2037687,2.64485
2015-02-02,307.5,308.2,283.7,286.25,295.0107777864542,589082,14235,173785539.0,176014.0,29.88,24.5,-21.25,TVS Motors,-7.106928443939631,24.5,-6.910569105691057,17.3785539,5.89082
2015-02-03,285.0,298.55,280.35,285.6,290.08013280569475,974657,24684,282728632.0,149562.0,15.35,18.2,0.6,TVS Motors,-0.2270742358078559,18.19999999999999,0.21052631578948167,28.2728632,9.74657
2015-02-04,287.0,297.4,284.6,294.3,293.2914517749622,673789,17281,197616554.0,174130.0,25.84,12.8,7.3,TVS Motors,3.046218487394947,12.799999999999955,2.543554006968645,19.7616554,6.73789
2015-02-05,296.75,303.4,290.0,293.1,298.51550593618623,475979,13567,142087112.0,106259.0,22.32,13.4,-3.65,TVS Motors,-0.4077471967380175,13.399999999999977,-1.2299915754001607,14.2087112,4.75979
2015-02-06,292.95,295.85,285.2,292.9,291.7754860440699,283822,7892,82812302.0,42174.0,14.86,10.65,-0.05,TVS Motors,-0.06823609689526888,10.650000000000034,-0.017067759003246755,8.2812302,2.83822
2015-02-09,292.0,297.15,287.1,294.45,294.09759501928204,416968,11935,122629286.0,131824.0,31.61,10.05,2.45,TVS Motors,0.5291908501195097,10.049999999999955,0.839041095890407,12.2629286,4.16968
2015-02-10,292.5,297.4,286.6,294.85,293.38163323739053,331795,8193,97342559.0,39263.0,11.83,10.8,2.35,TVS Motors,0.1358464934623882,10.799999999999955,0.8034188034188112,9.7342559,3.31795
2015-02-11,295.0,304.0,293.55,301.2,297.9979281511073,268842,7062,80114359.0,64820.0,24.11,10.45,6.2,TVS Motors,2.1536374427674865,10.449999999999989,2.1016949152542335,8.0114359,2.68842
2015-02-12,305.0,306.4,301.2,304.95,303.99603035892886,288943,7372,87837525.0,66828.0,23.13,5.2,-0.05,TVS Motors,1.245019920318735,5.199999999999989,-0.016393442622954547,8.7837525,2.88943
2015-02-13,302.0,310.8,302.0,307.45,308.01400478149907,235491,6673,72534526.0,41884.0,17.79,8.8,5.45,TVS Motors,0.8198065256599385,8.800000000000011,1.8046357615894002,7.2534526,2.35491
2015-02-16,308.0,310.15,301.0,302.4,304.05464611897025,229385,9530,69745575.0,70741.0,30.84,9.15,-5.6,TVS Motors,-1.64254350300862,9.149999999999977,-1.8181818181818257,6.9745575,2.29385
2015-02-18,302.4,304.65,299.95,301.25,302.2752985811244,375861,4675,113613496.0,239839.0,63.81,4.7,-1.15,TVS Motors,-0.38029100529100024,4.699999999999989,-0.3802910052909978,11.3613496,3.75861
2015-02-19,302.35,302.5,290.5,294.85,295.1811643966053,866423,7565,255751750.0,552670.0,63.79,12.0,-7.5,TVS Motors,-2.12448132780082,12.0,-2.4805688771291545,25.575175,8.66423
2015-02-20,297.45,299.5,292.75,295.3,294.8918902288296,942579,5964,277958903.0,718569.0,76.23,6.75,-2.15,TVS Motors,0.15261997625910517,6.75,-0.7228105563960253,27.7958903,9.42579
2015-02-23,297.85,297.85,288.0,289.4,293.03069672906975,301107,7546,88233594.0,91256.0,30.31,9.85,-8.45,TVS Motors,-1.997968167964792,9.850000000000023,-2.836998489172417,8.8233594,3.01107
2015-02-24,290.1,290.8,267.8,269.8,276.8944229556482,534387,12009,147968780.0,138254.0,25.87,23.0,-20.3,TVS Motors,-6.772633033863151,23.0,-6.997587038952088,14.796878,5.34387
2015-02-25,269.7,275.1,266.95,271.05,271.4391717306192,558852,11336,151694324.0,129868.0,23.24,8.15,1.35,TVS Motors,0.4633061527057114,8.150000000000034,0.5005561735261486,15.1694324,5.58852
2015-02-26,272.05,273.85,261.2,270.5,265.8074331482816,566328,12013,150534192.0,158146.0,27.92,12.65,-1.55,TVS Motors,-0.2029145914038022,12.650000000000034,-0.5697482080499949,15.0534192,5.66328
2015-02-27,276.5,282.6,272.1,281.7,277.9996104996316,308087,9637,85648066.0,72026.0,23.38,10.5,5.2,TVS Motors,4.140480591497231,10.5,1.8806509945750411,8.5648066,3.08087
2015-02-28,284.25,284.8,270.6,277.95,276.68025194760685,455174,11213,125937657.0,58299.0,12.81,14.2,-6.3,TVS Motors,-1.3312034078807211,14.199999999999989,-2.2163588390501356,12.5937657,4.55174
2015-03-02,280.0,281.85,268.65,271.95,274.7791680887372,468800,13450,128816474.0,131446.0,28.04,13.2,-8.05,TVS Motors,-2.1586616297895267,13.200000000000045,-2.875000000000004,12.8816474,4.688
2015-03-03,285.2,297.0,283.4,293.2,291.9890106289507,1159757,26626,338636299.0,138901.0,11.98,13.6,8.0,TVS Motors,7.813936385364961,13.600000000000023,2.8050490883590466,33.8636299,11.59757
2015-03-04,295.7,296.5,284.6,288.8,289.90750002709353,369092,10175,107002539.0,77263.0,20.93,11.9,-6.9,TVS Motors,-1.500682128240105,11.899999999999977,-2.3334460601961373,10.7002539,3.69092
2015-03-05,291.0,293.1,285.0,291.85,289.68156542507,331616,7664,96063042.0,65746.0,19.83,8.1,0.85,TVS Motors,1.0560941828254844,8.100000000000023,0.29209621993127927,9.6063042,3.31616
2015-03-09,292.0,296.0,285.15,286.55,289.1997787507206,320905,7556,92805655.0,54294.0,16.92,10.85,-5.45,TVS Motors,-1.8160013705670774,10.850000000000023,-1.8664383561643798,9.2805655,3.20905
2015-03-10,288.5,297.0,287.4,294.9,291.9952538673367,236403,7531,69028554.0,63854.0,27.01,9.6,6.4,TVS Motors,2.9139766183911897,9.600000000000023,2.218370883882141,6.9028554,2.36403
2015-03-11,295.6,296.95,284.05,285.4,287.3317347513501,362196,8789,104070405.0,126937.0,35.05,12.9,-10.2,TVS Motors,-3.2214309935571395,12.899999999999977,-3.450608930987836,10.4070405,3.62196
2015-03-12,287.15,291.3,283.35,289.75,287.45444022487186,301505,4784,86668951.0,54055.0,17.93,7.95,2.6,TVS Motors,1.524176594253679,7.949999999999989,0.9054501131812722,8.6668951,3.01505
2015-03-13,291.85,291.85,276.4,277.65,282.0673970563916,241880,5967,68226462.0,81278.0,33.6,15.45,-14.2,TVS Motors,-4.176013805004319,15.450000000000045,-4.865513106047643,6.8226462,2.4188
2015-03-16,275.0,276.5,269.4,274.15,272.4686601803826,242152,6866,65978831.0,45381.0,18.74,7.1,-0.85,TVS Motors,-1.260579866738698,7.100000000000023,-0.30909090909091735,6.5978831,2.42152
2015-03-17,276.6,285.0,275.95,283.25,280.77320012119606,257434,6746,72280568.0,70300.0,27.31,9.05,6.65,TVS Motors,3.3193507204085426,9.050000000000011,2.4041937816341203,7.2280568,2.57434
2015-03-18,283.25,284.05,277.1,278.75,279.1252363339441,205747,3723,57429180.0,74486.0,36.2,6.95,-4.5,TVS Motors,-1.5887025595763493,6.949999999999989,-1.5887025595763458,5.742918,2.05747
2015-03-19,281.6,282.85,270.1,273.0,276.69097088834985,273327,5566,75627113.0,76979.0,28.16,12.75,-8.6,TVS Motors,-2.0627802690582953,12.75,-3.0539772727272805,7.5627113,2.73327
2015-03-20,273.3,273.5,264.6,268.4,267.2318058211689,247854,5408,66234472.0,81077.0,32.71,8.9,-4.9,TVS Motors,-1.68498168498169,8.899999999999977,-1.7929015733626177,6.6234472,2.47854
2015-03-23,268.4,270.9,262.2,266.2,265.36247973689126,256624,6628,68098381.0,78916.0,30.75,8.7,-2.2,TVS Motors,-0.8196721311475419,8.699999999999989,-0.8196721311475369,6.8098381,2.56624
2015-03-24,267.5,267.5,251.85,259.7,259.50731205061504,348671,7358,90482674.0,88829.0,25.48,15.65,-7.8,TVS Motors,-2.4417731029301226,15.650000000000006,-2.9158878504672936,9.0482674,3.48671
2015-03-25,260.5,261.8,256.35,259.1,258.3031066005578,206528,4960,53346824.0,68920.0,33.37,5.45,-1.4,TVS Motors,-0.23103581055061717,5.449999999999989,-0.5374280230326208,5.3346824,2.06528
2015-03-26,258.0,270.6,252.0,266.05,264.88600092321894,324950,7889,86074706.0,113000.0,34.77,18.6,8.05,TVS Motors,2.682362022385165,18.600000000000023,3.120155038759694,8.6074706,3.2495
2015-03-27,271.6,274.4,266.0,271.55,271.07920564427224,317490,10424,86064937.0,68848.0,21.69,8.4,-0.05,TVS Motors,2.0672805863559462,8.399999999999977,-0.018409425625924656,8.6064937,3.1749
2015-03-30,275.95,275.95,262.6,266.25,265.4289940039085,299862,7665,79592069.0,89090.0,29.71,13.35,-9.7,TVS Motors,-1.9517584238630148,13.349999999999966,-3.5151295524551514,7.9592069,2.99862
2015-03-31,265.15,268.9,261.0,263.75,264.5950618068576,220283,6516,58285794.0,58099.0,26.37,7.9,-1.4,TVS Motors,-0.9389671361502372,7.899999999999977,-0.5280030171600896,5.8285794,2.20283
2015-04-01,261.25,263.9,252.85,255.15,255.90241718889885,465789,11661,119196531.0,115638.0,24.83,11.05,-6.1,TVS Motors,-3.2606635071090073,11.049999999999983,-2.3349282296650697,11.9196531,4.65789
2015-04-06,255.65,257.15,247.5,252.2,251.82754125543048,366679,10114,92339871.0,89769.0,24.48,9.65,-3.45,TVS Motors,-1.156182637664127,9.649999999999977,-1.3495012712693202,9.2339871,3.66679
2015-04-07,252.25,258.0,251.9,255.4,255.0797257734816,230904,6342,58898929.0,51934.0,22.49,6.1,3.15,TVS Motors,1.2688342585249979,6.099999999999994,1.2487611496531241,5.8898929,2.30904
2015-04-08,257.5,258.5,249.85,251.15,252.9529236285109,288956,8428,73092265.0,85986.0,29.76,8.65,-6.35,TVS Motors,-1.664056382145651,8.650000000000006,-2.466019417475726,7.3092265,2.88956
2015-04-09,253.0,253.5,248.75,250.7,250.59064840251384,265730,6884,66589453.0,88444.0,33.28,4.75,-2.3,TVS Motors,-0.1791757913597536,4.75,-0.9090909090909136,6.6589453,2.6573
2015-04-10,251.0,257.85,250.0,256.75,255.04495349900895,262360,7493,66913594.0,77071.0,29.38,7.85,5.75,TVS Motors,2.4132429198244987,7.850000000000023,2.2908366533864544,6.6913594,2.6236
2015-04-13,257.9,260.75,253.2,255.15,256.74487334517374,317556,10670,81530875.0,104146.0,32.8,7.55,-2.75,TVS Motors,-0.6231742940603691,7.550000000000011,-1.0663047692904117,8.1530875,3.17556
2015-04-15,259.85,259.85,250.4,251.4,255.44327763427327,1195472,4789,305375286.0,1057412.0,88.45,9.45,-8.45,TVS Motors,-1.4697236919459122,9.450000000000017,-3.251876082355211,30.5375286,11.95472
2015-04-16,252.55,252.7,242.6,244.65,246.97226391092437,279852,7728,69115682.0,77367.0,27.65,10.1,-7.9,TVS Motors,-2.6849642004773244,10.099999999999994,-3.128093446842212,6.9115682,2.79852
2015-04-17,245.0,249.35,237.45,244.6,243.5257245403716,409570,8947,99740831.0,134868.0,32.93,11.9,-0.4,TVS Motors,-0.02043735949315284,11.900000000000006,-0.1632653061224513,9.9740831,4.0957
2015-04-20,244.5,247.8,230.8,233.75,240.38718153435497,335672,8371,80691246.0,67643.0,20.15,17.0,-10.75,TVS Motors,-4.4358135731807025,17.0,-4.396728016359918,8.0691246,3.35672
2015-04-21,233.0,241.4,225.45,237.6,234.9658869240126,313223,9537,73596720.0,53751.0,17.16,15.95,4.6,TVS Motors,1.6470588235294015,15.950000000000017,1.9742489270386243,7.359672,3.13223
2015-04-22,234.8,241.0,232.15,237.95,236.8938556643948,274513,10018,65030443.0,48631.0,17.72,8.85,3.15,TVS Motors,0.1473063973064015,8.849999999999994,1.341567291311745,6.5030443,2.74513
2015-04-23,237.5,243.15,230.75,232.9,238.1152910020757,312661,10702,74449365.0,43849.0,14.02,12.4,-4.6,TVS Motors,-2.1222945997058096,12.400000000000006,-1.9368421052631555,7.4449365,3.12661
2015-04-24,233.0,236.4,227.0,232.1,231.14617197950287,349123,10929,80698445.0,66237.0,18.97,9.4,-0.9,TVS Motors,-0.3434950622584809,9.400000000000006,-0.3862660944206033,8.0698445,3.49123
2015-04-27,234.0,235.0,220.7,228.25,226.38502353319495,342070,8485,77439525.0,49103.0,14.35,14.3,-5.75,TVS Motors,-1.6587677725118488,14.300000000000011,-2.4572649572649574,7.7439525,3.4207
2015-04-28,229.95,230.3,224.25,227.55,227.37954512625896,304612,8441,69262538.0,45037.0,14.79,6.05,-2.4,TVS Motors,-0.3066812705366906,6.050000000000011,-1.0437051532941846,6.9262538,3.04612
2015-04-29,231.5,240.0,227.3,237.35,234.534887513866,895177,22136,209950237.0,80829.0,9.03,12.7,5.85,TVS Motors,4.306745770160392,12.699999999999989,2.5269978401727835,20.9950237,8.95177
2015-04-30,238.0,241.2,233.5,235.6,237.1503373187448,559708,13235,132734941.0,96110.0,17.17,7.7,-2.4,TVS Motors,-0.73730777333052,7.699999999999989,-1.0084033613445402,13.2734941,5.59708
2015-05-04,238.25,250.6,236.25,249.35,244.8016994700628,424956,11837,104029951.0,81194.0,19.11,14.35,11.1,TVS Motors,5.836162988115445,14.349999999999994,4.658971668415528,10.4029951,4.24956
2015-05-05,250.5,250.5,238.1,240.4,243.98668281230107,337759,10201,82408698.0,97495.0,28.87,12.4,-10.1,TVS Motors,-3.5893322638861025,12.400000000000006,-4.031936127744508,8.2408698,3.37759
2015-05-06,240.3,240.3,225.0,226.0,229.56210992081972,386460,11850,88716573.0,65322.0,16.9,15.3,-14.3,TVS Motors,-5.9900166389351135,15.300000000000011,-5.950894714939663,8.8716573,3.8646
2015-05-07,225.0,225.0,208.7,216.15,216.28642947574767,587656,18278,127102018.0,151236.0,25.74,16.3,-8.85,TVS Motors,-4.358407079646021,16.30000000000001,-3.933333333333331,12.7102018,5.87656
2015-05-08,217.9,226.4,217.4,220.85,221.8353754414658,364411,9164,80839251.0,60209.0,16.52,9.0,2.95,TVS Motors,2.1744159148739284,9.0,1.3538320330426747,8.0839251,3.64411
2015-05-11,222.0,228.0,221.5,227.2,225.74233812708712,209022,2996,47185115.0,35313.0,16.89,6.5,5.2,TVS Motors,2.875254697758667,6.5,2.342342342342337,4.7185115,2.09022
2015-05-12,228.0,230.85,221.05,222.45,224.78485161299116,293523,4260,65979524.0,34485.0,11.75,9.8,-5.55,TVS Motors,-2.090669014084512,9.799999999999983,-2.4342105263157947,6.5979524,2.93523
2015-05-13,224.7,227.0,217.7,219.8,220.30749477801643,811952,4159,178879111.0,55319.0,6.81,9.3,-4.9,TVS Motors,-1.1912789390874257,9.300000000000011,-2.1806853582554417,17.8879111,8.11952
2015-05-14,219.0,224.75,215.6,224.15,221.2807799404164,287663,5113,63654293.0,50324.0,17.49,9.15,5.15,TVS Motors,1.979071883530481,9.150000000000006,2.3515981735159843,6.3654293,2.87663
2015-05-15,225.25,227.0,219.8,221.4,223.16469788107008,179383,2243,40031953.0,46762.0,26.07,7.2,-3.85,TVS Motors,-1.2268570153914804,7.199999999999989,-1.7092119866814626,4.0031953,1.79383
2015-05-18,222.9,225.0,219.35,224.15,222.3837608371373,178322,2841,39655917.0,40653.0,22.8,5.65,1.25,TVS Motors,1.242095754290884,5.650000000000006,0.5607895917451772,3.9655917,1.78322
2015-05-19,222.8,225.7,221.4,222.0,223.43671406578585,702826,3100,157037132.0,485582.0,69.09,4.3,-0.8,TVS Motors,-0.959179121124254,4.299999999999983,-0.3590664272890536,15.7037132,7.02826
2015-05-20,223.3,224.35,219.5,220.2,221.35619310419457,147858,2003,32729284.0,49267.0,33.32,4.85,-3.1,TVS Motors,-0.8108108108108136,4.849999999999994,-1.3882669055082948,3.2729284,1.47858
2015-05-21,221.4,232.5,218.25,229.95,227.95894319078235,489322,6593,111545326.0,96936.0,19.81,14.25,8.55,TVS Motors,4.427792915531326,14.25,3.861788617886171,11.1545326,4.89322
2015-05-22,229.95,231.25,225.3,227.35,227.87632197838664,207927,3052,47381640.0,40548.0,19.5,5.95,-2.6,TVS Motors,-1.1306805827353772,5.949999999999989,-1.1306805827353748,4.738164,2.07927
2015-05-25,227.35,233.15,226.0,230.15,230.6881560172788,204644,3018,47208947.0,45978.0,22.47,7.15,2.8,TVS Motors,1.2315812623707956,7.150000000000006,1.2315812623707991,4.7208947,2.04644
2015-05-26,230.0,235.65,230.0,234.8,234.13027510711564,240161,4041,56228961.0,50167.0,20.89,5.65,4.8,TVS Motors,2.020421464262445,5.650000000000006,2.0869565217391353,5.6228961,2.40161
2015-05-27,232.7,239.0,231.45,235.95,236.2894844897716,284941,4249,67328562.0,57676.0,20.24,7.55,3.25,TVS Motors,0.48977853492333523,7.550000000000011,1.3966480446927376,6.7328562,2.84941
2015-05-28,237.0,241.45,235.05,236.1,238.7827341241181,245073,3735,58519201.0,26978.0,11.01,6.4,-0.9,TVS Motors,0.06357279084552303,6.399999999999977,-0.3797468354430404,5.8519201,2.45073
2015-05-29,237.4,239.9,234.1,237.95,237.33486650062932,149364,2645,35449285.0,25497.0,17.07,5.8,0.55,TVS Motors,0.783566285472248,5.800000000000011,0.2316764953664629,3.5449285,1.49364
2015-06-01,238.0,240.45,234.5,236.0,238.13361489924688,196520,3101,46798018.0,47085.0,23.96,5.95,-2.0,TVS Motors,-0.8194998949359045,5.949999999999989,-0.8403361344537815,4.6798018,1.9652
2015-06-02,237.0,239.0,218.7,225.9,227.3538173688564,479951,6489,109118692.0,109592.0,22.83,20.3,-11.1,TVS Motors,-4.279661016949154,20.30000000000001,-4.683544303797467,10.9118692,4.79951
2015-06-03,226.8,226.8,215.0,221.4,220.8431036977846,317866,4513,70198514.0,30496.0,9.59,11.8,-5.4,TVS Motors,-1.9920318725099584,11.800000000000011,-2.380952380952383,7.0198514,3.17866
2015-06-04,222.0,228.6,217.85,226.55,223.82262252301527,303494,4422,67928823.0,31431.0,10.36,10.75,4.55,TVS Motors,2.326106594399291,10.75,2.0495495495495546,6.7928823,3.03494
2015-06-05,226.0,227.35,221.7,223.5,224.27104321350356,187210,4005,41985782.0,18350.0,9.8,5.65,-2.5,TVS Motors,-1.3462811741337455,5.650000000000006,-1.1061946902654867,4.1985782,1.8721
2015-06-08,223.0,224.2,217.0,219.1,219.24041923700943,115257,2331,25268993.0,22558.0,19.57,7.2,-3.9,TVS Motors,-1.968680089485464,7.199999999999989,-1.7488789237668187,2.5268993,1.15257
2015-06-09,217.5,220.3,215.0,218.8,218.01608460130524,162267,2331,35376816.0,26552.0,16.36,5.3,1.3,TVS Motors,-0.1369237790962985,5.300000000000011,0.5977011494252926,3.5376816,1.62267
2015-06-10,215.5,225.5,215.5,224.0,223.71971562250084,158803,2127,35527362.0,36863.0,23.21,10.0,8.5,TVS Motors,2.376599634369292,10.0,3.944315545243619,3.5527362,1.58803
2015-06-11,225.25,232.95,225.1,226.5,228.7349954823184,335349,5223,76706052.0,49438.0,14.74,7.85,1.25,TVS Motors,1.116071428571419,7.849999999999994,0.5549389567147613,7.6706052,3.35349
2015-06-12,224.0,228.65,219.6,225.1,223.90250261442003,207503,3390,46460441.0,19479.0,9.39,9.05,1.1,TVS Motors,-0.6181015452538685,9.050000000000011,0.49107142857142605,4.6460441,2.07503
2015-06-15,225.5,229.65,222.85,228.15,226.92003471109905,246607,3189,55960069.0,59736.0,24.22,6.8,2.65,TVS Motors,1.3549533540648584,6.800000000000011,1.1751662971175192,5.5960069,2.46607
2015-06-16,229.85,229.85,222.8,228.45,226.2255984402643,138485,2049,31328852.0,17001.0,12.28,7.05,-1.4,TVS Motors,0.13149243918473275,7.049999999999983,-0.6090928866652189,3.1328852,1.38485
2015-06-17,229.0,233.4,228.3,231.8,231.22938951765403,141724,2203,32770754.0,24277.0,17.13,5.1,2.8,TVS Motors,1.466404027139423,5.099999999999994,1.222707423580791,3.2770754,1.41724
2015-06-18,232.0,236.25,230.7,231.9,233.73901171165528,159670,2444,37321108.0,25977.0,16.27,5.55,-0.1,TVS Motors,0.043140638481453664,5.550000000000011,-0.043103448275859615,3.7321108,1.5967
2015-06-19,232.5,241.65,232.5,239.85,236.8629842553806,173075,2624,40995061.0,32803.0,18.95,9.15,7.35,TVS Motors,3.4282018111254864,9.150000000000006,3.161290322580643,4.0995061,1.73075
2015-06-22,241.0,247.0,241.0,244.9,244.3234550475606,162950,2519,39812507.0,28009.0,17.19,6.0,3.9,TVS Motors,2.1054825932874666,6.0,1.6182572614107906,3.9812507,1.6295
2015-06-23,245.9,248.0,242.05,242.85,245.08994518266232,160898,2260,39434482.0,28375.0,17.64,5.95,-3.05,TVS Motors,-0.8370763576970197,5.949999999999989,-1.2403416022773532,3.9434482,1.60898
2015-06-24,243.1,243.45,236.2,240.35,239.45917084790432,197310,3042,47247689.0,41541.0,21.05,7.25,-2.75,TVS Motors,-1.029442042413009,7.25,-1.1312217194570136,4.7247689,1.9731
2015-06-25,239.0,243.4,237.75,238.9,240.76340715240448,103993,2023,25037709.0,15640.0,15.04,5.65,-0.1,TVS Motors,-0.6032868733097496,5.650000000000006,-0.04184100418409804,2.5037709,1.03993
2015-06-26,239.0,247.0,236.5,245.1,241.69082112417516,146543,2449,35418098.0,22518.0,15.37,10.5,6.1,TVS Motors,2.595228128924232,10.5,2.552301255230123,3.5418098,1.46543
2015-06-29,241.8,243.0,235.2,241.6,238.40506088796073,221226,3125,52741398.0,31318.0,14.16,7.8,-0.2,TVS Motors,-1.427988576091388,7.800000000000011,-0.08271298593879944,5.2741398,2.21226
2015-06-30,243.9,245.6,239.65,243.75,243.1988023729841,161653,2925,39313816.0,20192.0,12.49,5.95,-0.15,TVS Motors,0.8899006622516525,5.949999999999989,-0.06150061500615239,3.9313816,1.61653
2015-07-01,244.9,247.95,244.0,245.55,245.84131901683088,155904,2179,38327645.0,26146.0,16.77,3.95,0.65,TVS Motors,0.7384615384615323,3.9499999999999886,0.26541445487954496,3.8327645,1.55904
2015-07-02,250.1,259.8,248.0,257.25,256.0419100017449,464209,6669,118856959.0,84361.0,18.17,11.8,7.15,TVS Motors,4.764813683567493,11.800000000000011,2.858856457417035,11.8856959,4.64209
2015-07-03,258.25,262.45,255.6,257.5,259.0390725791588,244161,3612,63247239.0,55254.0,22.63,6.85,-0.75,TVS Motors,0.09718172983479434,6.849999999999994,-0.29041626331074544,6.3247239,2.44161
2015-07-06,257.85,265.9,252.0,264.4,260.93719007112463,286961,4549,74878797.0,53448.0,18.63,13.9,6.55,TVS Motors,2.679611650485425,13.899999999999977,2.5402365716501665,7.4878797,2.86961
2015-07-07,265.9,271.8,264.6,270.15,268.19356175449275,190642,3523,51128957.0,54721.0,28.7,7.2,4.25,TVS Motors,2.1747352496217953,7.199999999999989,1.5983452425723959,5.1128957,1.90642
2015-07-08,268.0,272.7,263.1,265.0,268.0725199899386,282267,4852,75668026.0,32401.0,11.48,9.6,-3.0,TVS Motors,-1.9063483250046143,9.599999999999966,-1.1194029850746268,7.5668026,2.82267
2015-07-09,264.2,267.4,258.0,259.25,261.15550154877695,184339,2975,48141144.0,22656.0,12.29,9.4,-4.95,TVS Motors,-2.169811320754722,9.399999999999977,-1.873580620741858,4.8141144,1.84339
2015-07-10,257.0,259.55,254.3,256.95,256.60929613443307,129968,2111,33350997.0,19219.0,14.79,5.25,-0.05,TVS Motors,-0.8871745419479327,5.25,-0.01945525291829236,3.3350997,1.29968
2015-07-13,256.1,272.5,256.1,270.65,267.4847863536565,296050,5101,79188871.0,76605.0,25.88,16.4,14.55,TVS Motors,5.33177661023545,16.399999999999977,5.681374463100333,7.9188871,2.9605
2015-07-14,271.0,272.0,266.0,266.3,267.7314666386356,152212,2515,40751942.0,25805.0,16.95,6.0,-4.7,TVS Motors,-1.607241825235528,6.0,-1.7343173431734278,4.0751942,1.52212
2015-07-15,266.85,272.35,265.55,268.25,269.4118034671856,226120,3180,60919397.0,44113.0,19.51,6.8,1.4,TVS Motors,0.7322568531731077,6.800000000000011,0.5246393104740404,6.0919397,2.2612
2015-07-16,268.95,269.65,265.1,266.55,266.76484278237245,100116,1864,26707429.0,24899.0,24.87,4.55,-2.4,TVS Motors,-0.6337371854613139,4.5499999999999545,-0.892359174567755,2.6707429,1.00116
2015-07-17,268.95,269.75,261.45,263.35,265.3808789198488,146498,2483,38877768.0,50668.0,34.59,8.3,-5.6,TVS Motors,-1.2005252297880298,8.300000000000011,-2.0821714073247692,3.8877768,1.46498
2015-07-20,264.0,268.5,260.0,263.8,264.6616488332098,138971,2084,36780294.0,29893.0,21.51,8.5,-0.2,TVS Motors,0.1708752610594333,8.5,-0.07575757575757146,3.6780294,1.38971
2015-07-21,264.6,266.25,256.0,257.95,262.34660735719837,113304,1737,29724920.0,19034.0,16.8,10.25,-6.65,TVS Motors,-2.2175890826383715,10.25,-2.513227513227526,2.972492,1.13304
2015-07-22,259.0,265.4,256.0,264.0,261.8518599043365,101188,1730,26496266.0,24406.0,24.12,9.4,5.0,TVS Motors,2.3454157782516027,9.399999999999977,1.9305019305019304,2.6496266,1.01188
2015-07-23,264.2,271.5,262.55,263.35,266.8419869691693,193541,3261,51644865.0,34017.0,17.58,8.95,-0.85,TVS Motors,-0.24621212121210823,8.949999999999989,-0.32172596517788266,5.1644865,1.93541
2015-07-24,263.5,267.65,249.5,251.45,257.78459638373886,557869,8219,143810035.0,93453.0,16.75,18.15,-12.05,TVS Motors,-4.518701348015963,18.149999999999977,-4.573055028463003,14.3810035,5.57869
2015-07-27,252.0,255.9,239.25,241.55,242.52686042115295,364998,5677,88521819.0,151250.0,41.44,16.65,-10.45,TVS Motors,-3.9371644462119604,16.650000000000006,-4.146825396825393,8.8521819,3.64998
2015-07-28,241.6,243.45,228.9,232.55,233.49315305596704,248432,4467,58007171.0,51956.0,20.91,14.55,-9.05,TVS Motors,-3.7259366590768006,14.549999999999983,-3.7458609271523104,5.8007171,2.48432
2015-07-29,234.05,238.5,232.1,235.0,235.44152286403332,170836,2727,40221888.0,38629.0,22.61,6.4,0.95,TVS Motors,1.0535368737905726,6.400000000000006,0.4058961760307578,4.0221888,1.70836
2015-07-30,237.7,239.4,234.05,235.95,236.54198300611893,172415,2752,40783386.0,39308.0,22.8,5.35,-1.75,TVS Motors,0.4042553191489384,5.349999999999994,-0.736222128733698,4.0783386,1.72415
2015-07-31,235.7,240.8,233.75,237.95,237.69109214611464,269268,3712,64002605.0,70731.0,26.27,7.05,2.25,TVS Motors,0.8476372112735664,7.050000000000011,0.9546033092914722,6.4002605,2.69268
2015-08-03,237.9,237.9,229.5,230.1,232.9663616065952,244542,3428,56970060.0,74887.0,30.62,8.4,-7.8,TVS Motors,-3.2990123975625063,8.400000000000006,-3.278688524590169,5.697006,2.44542
2015-08-04,231.0,234.5,227.05,233.35,231.06469010037176,293708,4188,67865548.0,33247.0,11.32,7.45,2.35,TVS Motors,1.412429378531077,7.449999999999989,1.0173160173160147,6.7865548,2.93708
2015-08-05,234.1,237.5,232.6,234.65,234.92216505716237,203893,2731,47898985.0,32214.0,15.8,4.9,0.55,TVS Motors,0.5571030640668662,4.900000000000006,0.23494233233661313,4.7898985,2.03893
2015-08-06,235.2,240.0,233.75,236.85,237.40473843785492,213066,3464,50582878.0,32709.0,15.35,6.25,1.65,TVS Motors,0.9375665885361206,6.25,0.7015306122449004,5.0582878,2.13066
2015-08-07,237.9,241.5,237.0,239.15,239.32705695153484,241328,2641,57756320.0,99915.0,41.4,4.5,1.25,TVS Motors,0.9710787418197198,4.5,0.5254308532997057,5.775632,2.41328
2015-08-10,238.65,239.75,232.85,234.15,236.4518066011931,153548,1994,36306702.0,40159.0,26.15,6.9,-4.5,TVS Motors,-2.0907380305247747,6.900000000000006,-1.8856065367693273,3.6306702,1.53548
2015-08-11,234.6,234.7,222.4,223.55,226.06945460363903,262488,4530,59340519.0,62202.0,23.7,12.3,-11.05,TVS Motors,-4.527012598761471,12.299999999999983,-4.710144927536225,5.9340519,2.62488
2015-08-12,222.0,226.8,220.0,223.45,224.16746867475533,277013,3666,62097303.0,38455.0,13.88,6.8,1.45,TVS Motors,-0.04473272198614042,6.800000000000011,0.653153153153148,6.2097303,2.77013
2015-08-13,224.4,228.9,224.0,225.55,226.06863292922912,123483,1927,27915633.0,24417.0,19.77,4.9,1.15,TVS Motors,0.9398075632132574,4.900000000000006,0.5124777183600738,2.7915633,1.23483
2015-08-14,226.8,230.65,225.0,230.0,228.09394927178337,182226,2332,41564648.0,43262.0,23.74,5.65,3.2,TVS Motors,1.972954998891585,5.650000000000006,1.4109347442680724,4.1564648,1.82226
2015-08-17,231.0,234.45,228.2,229.8,231.2694919009083,153474,2414,35493854.0,24749.0,16.13,6.25,-1.2,TVS Motors,-0.08695652173912327,6.25,-0.5194805194805145,3.5493854,1.53474
2015-08-18,231.1,233.9,229.55,230.25,231.26780075075968,167830,2724,38813675.0,33790.0,20.13,4.35,-0.85,TVS Motors,0.1958224543080922,4.349999999999994,-0.3678061445261767,3.8813675,1.6783
2015-08-19,230.4,235.0,228.55,229.0,231.4018448683821,270480,3583,62589571.0,96799.0,35.79,6.45,-1.4,TVS Motors,-0.5428881650380024,6.449999999999989,-0.6076388888888913,6.2589571,2.7048
2015-08-20,229.3,233.2,227.35,231.8,230.64426557667875,333704,3976,76966914.0,118529.0,35.52,5.85,2.5,TVS Motors,1.2227074235807933,5.849999999999994,1.0902747492368077,7.6966914,3.33704
2015-08-21,229.75,230.2,222.65,228.75,226.27276946613875,174521,2943,39489350.0,21048.0,12.06,7.55,-1.0,TVS Motors,-1.3157894736842146,7.549999999999983,-0.4352557127312296,3.948935,1.74521
2015-08-24,229.0,229.0,201.0,213.55,215.83130393957384,362095,5410,78151436.0,46654.0,12.88,28.0,-15.45,TVS Motors,-6.644808743169395,28.0,-6.746724890829689,7.8151436,3.62095
2015-08-25,212.0,228.4,212.0,223.8,220.0343473511205,406436,6639,89429880.0,61650.0,15.17,16.4,11.8,TVS Motors,4.799812690236482,16.400000000000006,5.566037735849062,8.942988,4.06436
2015-08-26,220.0,229.75,220.0,227.45,226.87262432249665,198154,3042,44955718.0,42868.0,21.63,9.75,7.45,TVS Motors,1.6309204647006137,9.75,3.386363636363631,4.4955718,1.98154
2015-08-27,230.0,232.65,223.1,226.7,228.14307869655124,168292,3722,38394655.0,34613.0,20.57,9.55,-3.3,TVS Motors,-0.32974280061551786,9.550000000000011,-1.4347826086956572,3.8394655,1.68292
2015-08-28,228.95,230.6,219.1,220.4,225.14809255914332,193217,3553,43502439.0,54809.0,28.37,11.5,-8.55,TVS Motors,-2.7790030877812066,11.5,-3.734439834024889,4.3502439,1.93217
2015-08-31,220.55,225.0,216.55,223.45,221.44866240041048,140326,3415,31075005.0,19216.0,13.69,8.45,2.9,TVS Motors,1.3838475499092562,8.449999999999989,1.314894581727489,3.1075005,1.40326
2015-09-01,224.6,225.9,202.6,216.75,215.96397895955113,307598,7127,66430088.0,35439.0,11.52,23.3,-7.85,TVS Motors,-2.9984336540613055,23.30000000000001,-3.4951024042742627,6.6430088,3.07598
2015-09-02,220.0,222.5,216.35,220.25,218.74259223502847,269312,5542,58910005.0,34668.0,12.87,6.15,0.25,TVS Motors,1.6147635524798254,6.150000000000006,0.11363636363636363,5.8910005,2.69312
2015-09-03,222.2,224.95,218.05,221.05,221.18374411438137,168419,3559,37251545.0,32099.0,19.06,6.9,-1.15,TVS Motors,0.3632236095346242,6.899999999999977,-0.5175517551755073,3.7251545,1.68419
2015-09-04,219.5,224.9,215.6,223.0,219.13793507558887,204792,4432,44877696.0,30219.0,14.76,9.3,3.5,TVS Motors,0.8821533589685515,9.300000000000011,1.5945330296127564,4.4877696,2.04792
2015-09-07,224.0,226.4,216.7,218.05,221.06488407873096,131943,2880,29167964.0,21440.0,16.25,9.7,-5.95,TVS Motors,-2.2197309417040345,9.700000000000017,-2.656249999999995,2.9167964,1.31943
2015-09-08,218.6,221.95,215.15,220.45,218.60137510020348,162170,3640,35450585.0,13736.0,8.47,6.8,1.85,TVS Motors,1.1006649850951566,6.799999999999983,0.8462946020128062,3.5450585,1.6217
2015-09-09,222.3,228.9,220.7,225.9,225.44732191298837,186159,3639,41969048.0,34026.0,18.28,8.2,3.6,TVS Motors,2.4722159219777717,8.200000000000017,1.619433198380564,4.1969048,1.86159
2015-09-10,220.0,230.4,220.0,228.2,227.0806498887925,173999,4198,39511806.0,20463.0,11.76,10.4,8.2,TVS Motors,1.0181496237273047,10.400000000000006,3.727272727272722,3.9511806,1.73999
2015-09-11,230.1,235.2,228.6,232.6,232.33375069961744,173309,3779,40265530.0,21989.0,12.69,6.6,2.5,TVS Motors,1.9281332164767795,6.599999999999994,1.086484137331595,4.026553,1.73309
2015-09-14,234.3,235.65,231.0,231.95,232.52746196517825,109242,1715,25401765.0,22570.0,20.66,4.65,-2.35,TVS Motors,-0.2794496990541684,4.650000000000006,-1.0029876227059422,2.5401765,1.09242
2015-09-15,231.65,233.15,229.1,231.0,231.087406461575,134704,2600,31128398.0,28679.0,21.29,4.05,-0.65,TVS Motors,-0.40957102823884206,4.050000000000011,-0.28059572631124785,3.1128398,1.34704
2015-09-16,231.4,241.4,231.0,232.55,232.07030636352167,3931408,8243,912363059.0,3526607.0,89.7,10.4,1.15,TVS Motors,0.6709956709956666,10.400000000000006,0.49697493517718483,91.2363059,39.31408
2015-09-18,234.0,238.0,231.45,235.65,235.08495490848844,127962,2678,30081941.0,22695.0,17.74,6.55,1.65,TVS Motors,1.3330466566329857,6.550000000000011,0.7051282051282076,3.0081941,1.27962
2015-09-21,235.65,236.6,232.1,233.6,234.28562359011764,74031,1728,17344399.0,9803.0,13.24,4.5,-2.05,TVS Motors,-0.8699342244854691,4.5,-0.8699342244854704,1.7344399,0.74031
2015-09-22,234.0,236.4,226.55,229.85,232.7791722154157,93865,1931,21849817.0,16295.0,17.36,9.85,-4.15,TVS Motors,-1.605308219178081,9.849999999999994,-1.7735042735042759,2.1849817,0.93865
2015-09-23,229.85,232.65,224.6,230.05,229.7938584069277,116517,2813,26774891.0,16135.0,13.85,8.05,0.2,TVS Motors,0.08701326952360589,8.050000000000011,0.08701326952360977,2.6774891,1.16517
2015-09-24,230.0,237.4,227.8,235.8,230.35351513118857,1162830,3848,267861978.0,1022726.0,87.95,9.6,5.8,TVS Motors,2.4994566398609086,9.599999999999994,2.5217391304347876,26.7861978,11.6283
2015-09-28,235.0,237.8,230.6,231.65,234.15039268164267,91168,1797,21347023.0,24676.0,27.07,7.2,-3.35,TVS Motors,-1.7599660729431754,7.200000000000017,-1.4255319148936145,2.1347023,0.91168
2015-09-29,230.0,233.5,226.35,230.3,230.2030802553342,96031,2335,22106632.0,13503.0,14.06,7.15,0.3,TVS Motors,-0.5827757392618205,7.150000000000006,0.1304347826087006,2.2106632,0.96031
2015-09-30,231.4,232.5,228.45,230.2,230.21939371969728,110345,2520,25403559.0,15674.0,14.2,4.05,-1.2,TVS Motors,-0.043421623968742384,4.050000000000011,-0.5185825410544586,2.5403559,1.10345
2015-10-01,232.1,233.85,228.1,229.6,230.42730326295583,87528,1733,20168841.0,11573.0,13.22,5.75,-2.5,TVS Motors,-0.26064291920069316,5.75,-1.0771219302024988,2.0168841,0.87528
2015-10-05,232.0,232.0,227.4,229.0,229.2702954221448,101008,2193,23158134.0,19081.0,18.89,4.6,-3.0,TVS Motors,-0.261324041811839,4.599999999999994,-1.293103448275862,2.3158134,1.01008
2015-10-06,232.0,234.8,229.0,230.2,232.06291006744175,131076,2709,30417878.0,17026.0,12.99,5.8,-1.8,TVS Motors,0.5240174672489051,5.800000000000011,-0.7758620689655221,3.0417878,1.31076
2015-10-07,230.2,244.7,228.0,241.3,233.907506505037,910064,8918,212870801.0,507280.0,55.74,16.7,11.1,TVS Motors,4.821894005212868,16.69999999999999,4.821894005212869,21.2870801,9.10064
2015-10-08,243.3,247.95,239.4,240.6,244.29042126379136,259220,5950,63324963.0,48403.0,18.67,8.55,-2.7,TVS Motors,-0.2900953170327458,8.549999999999983,-1.1097410604192426,6.3324963,2.5922
2015-10-09,241.0,243.25,237.2,238.6,239.82391533807512,144953,3832,34763196.0,26277.0,18.13,6.05,-2.4,TVS Motors,-0.8312551953449709,6.050000000000011,-0.9958506224066414,3.4763196,1.44953
2015-10-12,241.0,243.9,237.6,238.65,240.54316843165375,131068,3321,31527512.0,18633.0,14.22,6.3,-2.35,TVS Motors,0.02095557418273497,6.300000000000011,-0.9751037344398316,3.1527512,1.31068
2015-10-13,240.5,245.4,239.1,242.15,242.4163245804116,148598,3960,36022581.0,26713.0,17.98,6.3,1.65,TVS Motors,1.466582861931709,6.300000000000011,0.6860706860706884,3.6022581,1.48598
2015-10-14,244.0,245.35,241.0,242.05,243.149594114214,113086,2778,27496815.0,24199.0,21.4,4.35,-1.95,TVS Motors,-0.04129671691099901,4.349999999999994,-0.7991803278688477,2.7496815,1.13086
2015-10-15,243.4,245.7,242.0,242.6,243.62765072168497,139396,3815,33960720.0,22605.0,16.22,3.7,-0.8,TVS Motors,0.22722577979754632,3.6999999999999886,-0.3286770747740392,3.396072,1.39396
2015-10-16,243.5,249.0,242.3,247.55,246.4602048582956,201017,4048,49542691.0,32659.0,16.25,6.7,4.05,TVS Motors,2.040395713108012,6.699999999999989,1.663244353182756,4.9542691,2.01017
2015-10-19,248.0,252.0,245.0,246.95,249.22002071889335,114871,2999,28628153.0,25195.0,21.93,7.0,-1.05,TVS Motors,-0.24237527772168477,7.0,-0.4233870967741981,2.8628153,1.14871
2015-10-20,248.0,249.65,244.75,245.85,246.83108030142992,112663,2863,27808730.0,12515.0,11.11,4.9,-2.15,TVS Motors,-0.44543429844098315,4.900000000000006,-0.86693548387097,2.780873,1.12663
2015-10-21,246.6,254.0,246.0,252.15,250.21541395201015,220255,4822,55111196.0,36406.0,16.53,8.0,5.55,TVS Motors,2.56253813300793,8.0,2.250608272506087,5.5111196,2.20255
2015-10-23,255.1,257.0,250.0,251.5,252.89907506770916,156552,3846,39591856.0,37157.0,23.73,7.0,-3.6,TVS Motors,-0.25778306563554176,7.0,-1.4112112896903153,3.9591856,1.56552
2015-10-26,250.2,252.25,243.2,244.05,245.91994799405649,102296,2743,25156627.0,22959.0,22.44,9.05,-6.15,TVS Motors,-2.962226640159038,9.050000000000011,-2.4580335731414777,2.5156627,1.02296
2015-10-27,244.05,282.65,241.0,276.15,267.07281402833587,1737797,27329,464118335.0,158029.0,9.09,41.65,32.1,TVS Motors,13.15304240934234,41.64999999999998,13.153042409342333,46.4118335,17.37797
2015-10-28,275.35,275.35,266.0,271.8,271.4785826333367,790480,14350,214598390.0,91625.0,11.59,9.35,-3.55,TVS Motors,-1.5752308527973824,9.350000000000023,-1.2892682041038719,21.459839,7.9048
2015-10-29,271.7,271.7,261.65,263.95,266.52106827325474,247315,6532,65914658.0,55734.0,22.54,10.05,-7.75,TVS Motors,-2.8881530537159805,10.050000000000011,-2.8524107471475895,6.5914658,2.47315
2015-10-30,264.0,269.2,262.4,265.4,266.344741949375,169521,3763,45151027.0,26908.0,15.87,6.8,1.4,TVS Motors,0.5493464671339154,6.800000000000011,0.5303030303030216,4.5151027,1.69521
2015-11-02,265.5,275.9,262.4,274.15,270.26881407833787,257985,5566,69725300.0,43877.0,17.01,13.5,8.65,TVS Motors,3.2969103240391817,13.5,3.2580037664783337,6.97253,2.57985
2015-11-03,277.7,292.35,276.3,287.5,287.2834407724884,931535,17920,267614580.0,131600.0,14.13,16.05,9.8,TVS Motors,4.869596935983966,16.05000000000001,3.5289881166726724,26.761458,9.31535
2015-11-04,289.0,289.5,283.3,285.6,286.05847032333077,203847,4569,58312161.0,32915.0,16.15,6.2,-3.4,TVS Motors,-0.6608695652173813,6.199999999999989,-1.1764705882352864,5.8312161,2.03847
2015-11-05,287.0,287.0,279.65,281.2,282.63077263834026,243801,2921,68905665.0,26895.0,11.03,7.35,-5.8,TVS Motors,-1.5406162464986162,7.350000000000023,-2.020905923344952,6.8905665,2.43801
2015-11-06,280.55,287.75,279.3,282.85,283.3053376157833,187743,3657,53188594.0,33153.0,17.66,8.45,2.3,TVS Motors,0.5867709815078337,8.449999999999989,0.8198182142220678,5.3188594,1.87743
2015-11-09,279.0,297.5,276.0,290.65,290.98317506306336,456287,7834,132771840.0,104823.0,22.97,21.5,11.65,TVS Motors,2.757645395085717,21.5,4.175627240143362,13.277184,4.56287
2015-11-10,282.6,299.5,282.6,296.25,294.15600323716205,300263,5221,88324164.0,43124.0,14.36,16.9,13.65,TVS Motors,1.9267159814209567,16.899999999999977,4.830148619957528,8.8324164,3.00263
2015-11-11,299.9,299.9,295.9,297.0,297.31283314488775,74292,1616,22087965.0,26684.0,35.92,4.0,-2.9,TVS Motors,0.25316455696202667,4.0,-0.9669889963321031,2.2087965,0.74292
2015-11-13,292.3,301.8,292.3,296.3,297.4640934036457,251639,3997,74853567.0,34940.0,13.88,9.5,4.0,TVS Motors,-0.2356902356902335,9.5,1.3684570646595962,7.4853567,2.51639
2015-11-16,296.0,298.35,292.6,296.25,295.7903344465983,171268,3061,50659419.0,28333.0,16.54,5.75,0.25,TVS Motors,-0.01687478906513551,5.75,0.08445945945945946,5.0659419,1.71268
2015-11-17,298.0,299.65,292.4,294.15,295.77476481216127,128408,2743,37979846.0,21428.0,16.69,7.25,-3.85,TVS Motors,-0.7088607594936791,7.25,-1.29194630872484,3.7979846,1.28408
2015-11-18,294.15,296.6,284.3,286.3,290.3516962274775,142080,3204,41253169.0,25590.0,18.01,12.3,-7.85,TVS Motors,-2.6687064422913354,12.300000000000011,-2.6687064422913362,4.1253169,1.4208
2015-11-19,289.0,295.35,287.4,294.4,292.4236245240329,217452,4428,63588102.0,33198.0,15.27,7.95,5.4,TVS Motors,2.8292001397135724,7.9500000000000455,1.8685121107266358,6.3588102,2.17452
2015-11-20,296.0,299.0,292.15,293.45,295.3349211570241,252337,4164,74523928.0,35272.0,13.98,6.85,-2.55,TVS Motors,-0.3226902173912971,6.850000000000023,-0.8614864864864904,7.4523928,2.52337
2015-11-23,294.8,297.0,291.6,294.25,294.3203818274409,184586,3789,54327422.0,24719.0,13.39,5.4,-0.55,TVS Motors,0.2726188447776501,5.399999999999977,-0.18656716417910835,5.4327422,1.84586
2015-11-24,291.8,296.25,289.4,290.45,294.1424047331945,479338,2863,140993632.0,370264.0,77.24,6.85,-1.35,TVS Motors,-1.2914188615123279,6.850000000000023,-0.46264564770391453,14.0993632,4.79338
2015-11-26,290.5,301.3,290.5,298.2,296.82244066303207,181590,4141,53899987.0,55739.0,30.69,10.8,7.7,TVS Motors,2.668273368910312,10.800000000000011,2.6506024096385503,5.3899987,1.8159
2015-11-27,300.1,307.0,298.1,305.45,303.65020615722926,363800,7404,110467945.0,64199.0,17.65,8.9,5.35,TVS Motors,2.431254191817578,8.899999999999977,1.7827390869709983,11.0467945,3.638
2015-11-30,307.9,309.3,305.5,306.9,307.5926268490685,160013,3147,49218819.0,31635.0,19.77,3.8,-1.0,TVS Motors,0.4747094450810341,3.8000000000000114,-0.3247807729782397,4.9218819,1.60013
2015-12-01,308.1,309.1,302.1,304.0,304.2124371868964,129949,2830,39532102.0,22780.0,17.53,7.0,-4.1,TVS Motors,-0.9449332029977109,7.0,-1.3307367737747557,3.9532102,1.29949
2015-12-02,299.8,299.8,285.75,289.2,290.6402752323225,433234,10149,125915249.0,85138.0,19.65,14.05,-10.6,TVS Motors,-4.868421052631577,14.050000000000011,-3.5356904603068786,12.5915249,4.33234
2015-12-03,287.0,287.4,280.05,283.3,282.9678197639943,269824,6821,76351509.0,56151.0,20.81,7.35,-3.7,TVS Motors,-2.040110650069149,7.349999999999966,-1.289198606271773,7.6351509,2.69824
2015-12-04,280.0,286.35,279.0,283.75,283.8925336830161,147181,2624,41783587.0,19281.0,13.1,7.35,3.75,TVS Motors,0.15884221673136967,7.350000000000023,1.3392857142857142,4.1783587,1.47181
2015-12-07,287.1,287.9,280.2,281.8,282.76907897865055,126186,4424,35681499.0,27672.0,21.93,7.7,-5.3,TVS Motors,-0.6872246696035256,7.699999999999989,-1.8460466736328844,3.5681499,1.26186
2015-12-08,280.2,283.4,272.9,275.15,278.47962953007766,130213,2710,36261668.0,29051.0,22.31,10.5,-5.05,TVS Motors,-2.359829666430102,10.5,-1.8022840827980053,3.6261668,1.30213
2015-12-09,273.8,276.0,267.5,270.4,271.67661702470383,136578,3079,37105049.0,31917.0,21.96,8.5,-3.4,TVS Motors,-1.726331092131561,8.5,-1.2417823228634164,3.7105049,1.36578
2015-12-10,274.05,279.5,268.2,278.55,274.56637739857496,160981,3817,44199970.0,34783.0,21.61,11.3,4.5,TVS Motors,3.0140532544378873,11.300000000000011,1.6420361247947455,4.419997,1.60981
2015-12-11,278.6,281.15,272.1,274.05,276.5218425973143,141192,3213,39042672.0,17185.0,12.17,9.05,-4.55,TVS Motors,-1.6155088852988664,9.049999999999955,-1.6331658291457325,3.9042672,1.41192
2015-12-14,272.0,278.75,271.0,275.05,276.0655572649435,124151,3028,34273815.0,21771.0,17.54,7.75,3.05,TVS Motors,0.36489691662104917,7.75,1.121323529411769,3.4273815,1.24151
2015-12-15,277.6,286.0,273.95,285.05,281.02774458980497,400078,4801,112433018.0,178548.0,44.63,12.05,7.45,TVS Motors,3.6357025995273684,12.050000000000011,2.6837175792507164,11.2433018,4.00078
2015-12-16,287.0,287.0,280.7,281.75,283.4072623364221,134034,3009,37986209.0,19369.0,14.45,6.3,-5.25,TVS Motors,-1.1576916330468423,6.300000000000011,-1.8292682926829267,3.7986209,1.34034
2015-12-17,283.6,288.8,281.0,287.3,286.0058667832985,132611,3564,37927524.0,20419.0,15.4,7.8,3.7,TVS Motors,1.9698314108252069,7.800000000000011,1.304654442877288,3.7927524,1.32611
2015-12-18,285.45,287.65,284.35,286.1,286.0392120720588,81378,1681,23277299.0,21973.0,27.0,3.3,0.65,TVS Motors,-0.41768186564565823,3.2999999999999545,0.22771063233492173,2.3277299,0.81378
2015-12-21,287.0,291.4,287.0,289.05,289.49956795741787,86797,2055,25127694.0,24881.0,28.67,4.4,2.05,TVS Motors,1.0311080041943255,4.399999999999977,0.7142857142857183,2.5127694,0.86797
2015-12-22,289.05,291.9,287.25,288.05,289.59205864987206,101620,1590,29428345.0,18441.0,18.15,4.65,-1.0,TVS Motors,-0.34596090641757504,4.649999999999977,-0.34596090641757477,2.9428345,1.0162
2015-12-23,289.75,293.5,288.85,290.1,290.9601458594968,66091,1306,19229847.0,13477.0,20.39,4.65,0.35,TVS Motors,0.7116819996528356,4.649999999999977,0.12079378774806653,1.9229847,0.66091
2015-12-24,291.5,291.7,284.2,285.0,286.73325754029287,74765,1589,21437612.0,25796.0,34.5,7.5,-6.5,TVS Motors,-1.7580144777662898,7.5,-2.2298456260720414,2.1437612,0.74765
2015-12-28,284.2,288.0,283.0,285.5,284.9393072859732,414399,2399,118078564.0,335600.0,80.98,5.0,1.3,TVS Motors,0.17543859649122862,5.0,0.4574243490499688,11.8078564,4.14399
2015-12-29,286.9,295.95,285.95,293.3,291.3372039745878,146229,3637,42601948.0,26806.0,18.33,10.0,6.4,TVS Motors,2.732049036777595,10.0,2.2307424189613227,4.2601948,1.46229
2015-12-30,293.9,294.45,289.6,290.2,292.0091256558712,88432,1947,25822951.0,22647.0,25.61,4.85,-3.7,TVS Motors,-1.0569382884418776,4.849999999999966,-1.2589316093909455,2.5822951,0.88432
2015-12-31,290.9,292.85,288.35,289.65,290.86713678452566,60694,1393,17653890.0,15676.0,25.83,4.5,-1.25,TVS Motors,-0.18952446588560434,4.5,-0.42970092815400485,1.765389,0.60694
2016-01-01,289.1,292.15,285.6,287.1,288.5420764473284,98630,1779,28458905.0,26837.0,27.21,6.55,-2.0,TVS Motors,-0.8803728638011266,6.5499999999999545,-0.6918021445866481,2.8458905,0.9863
2016-01-04,288.25,290.85,283.9,286.45,287.53213561720247,147002,2539,42267799.0,30073.0,20.46,6.95,-1.8,TVS Motors,-0.22640195053988954,6.9500000000000455,-0.6244579358196051,4.2267799,1.47002
2016-01-05,286.5,289.15,282.45,286.95,285.5955506635525,111747,1773,31914446.0,26884.0,24.06,6.7,0.45,TVS Motors,0.1745505323791141,6.699999999999989,0.15706806282722116,3.1914446,1.11747
2016-01-06,289.5,294.0,284.9,286.55,290.05656405609966,658899,2620,191117980.0,534029.0,81.05,9.1,-2.95,TVS Motors,-0.13939710751000867,9.100000000000023,-1.0189982728842795,19.111798,6.58899
2016-01-07,284.8,284.8,275.2,277.6,278.11662945116933,85090,2521,23664944.0,24431.0,28.71,9.6,-7.2,TVS Motors,-3.123364159832487,9.600000000000023,-2.528089887640445,2.3664944,0.8509
2016-01-08,277.95,287.15,277.95,284.6,282.560223266745,98716,2395,27893215.0,16474.0,16.69,9.2,6.65,TVS Motors,2.5216138328530313,9.199999999999989,2.3925166396834086,2.7893215,0.98716
2016-01-11,283.0,289.15,278.9,285.85,285.6869737708326,115444,2235,32980847.0,43735.0,37.88,10.25,2.85,TVS Motors,0.4392129304286785,10.25,1.0070671378091953,3.2980847,1.15444
2016-01-12,286.0,292.5,285.0,289.7,289.0197284233636,164889,3272,47656174.0,30112.0,18.26,7.5,3.7,TVS Motors,1.3468602413853281,7.5,1.2937062937062898,4.7656174,1.64889
2016-01-13,293.45,294.3,273.35,288.1,286.2143793969205,507031,3576,145119563.0,325948.0,64.29,20.95,-5.35,TVS Motors,-0.5522954780807665,20.94999999999999,-1.8231385244504912,14.5119563,5.07031
2016-01-14,281.6,284.4,276.4,281.4,280.81886513293085,109493,1963,30747700.0,24727.0,22.58,8.0,-0.2,TVS Motors,-2.3255813953488524,8.0,-0.07102272727274342,3.07477,1.09493
2016-01-15,283.85,285.55,273.55,277.65,280.95813579264285,115588,2162,32475389.0,21750.0,18.82,12.0,-6.2,TVS Motors,-1.3326226012793208,12.0,-2.184252245904543,3.2475389,1.15588
2016-01-18,273.5,280.0,263.1,274.0,271.7622048834684,198015,2928,53812993.0,42680.0,21.55,16.9,0.5,TVS Motors,-1.3146047181703535,16.899999999999977,0.18281535648994515,5.3812993,1.98015
2016-01-19,276.0,283.9,268.05,282.55,275.5843617955905,143418,2961,39523758.0,26637.0,18.57,15.85,6.55,TVS Motors,3.1204379562043805,15.849999999999966,2.3731884057971055,3.9523758,1.43418
2016-01-20,280.0,280.0,265.95,274.1,271.4533515784791,206813,4343,56140082.0,37305.0,18.04,14.05,-5.9,TVS Motors,-2.990621129003712,14.050000000000011,-2.107142857142849,5.6140082,2.06813
2016-01-21,279.1,280.55,268.1,274.2,273.0642126357979,142215,3310,38833827.0,10889.0,7.66,12.45,-4.9,TVS Motors,0.03648303538852371,12.449999999999989,-1.7556431386599907,3.8833827,1.42215
2016-01-22,275.0,286.65,274.6,285.05,281.93295088727893,162463,3455,45803673.0,36169.0,22.26,12.05,10.05,TVS Motors,3.9569657184536977,12.049999999999955,3.6545454545454588,4.5803673,1.62463
2016-01-25,288.0,292.65,287.0,288.0,289.46497366440934,106320,2380,30775916.0,19197.0,18.06,5.65,0.0,TVS Motors,1.0349061568145856,5.649999999999977,0.0,3.0775916,1.0632
2016-01-27,289.6,292.95,287.4,289.85,290.6820705713774,89328,2448,25966048.0,18525.0,20.74,5.55,0.25,TVS Motors,0.6423611111111116,5.550000000000011,0.08632596685082873,2.5966048,0.89328
2016-01-28,291.0,296.3,290.0,291.65,293.57020852608355,140510,3105,41249550.0,32133.0,22.87,6.3,0.65,TVS Motors,0.6210108676901749,6.300000000000011,0.2233676975944939,4.124955,1.4051
2016-01-29,293.4,295.0,279.6,291.5,287.13445600104995,609560,10503,175025679.0,41040.0,6.73,15.4,-1.9,TVS Motors,-0.0514315103720131,15.399999999999977,-0.6475800954328484,17.5025679,6.0956
2016-02-01,292.1,302.6,291.15,295.35,297.249511450092,210828,4290,62668520.0,49196.0,23.33,11.45,3.25,TVS Motors,1.3207547169811429,11.450000000000045,1.1126326600479286,6.266852,2.10828
2016-02-02,299.0,300.5,290.0,293.1,297.02324133986747,178346,3918,52972907.0,29673.0,16.64,10.5,-5.9,TVS Motors,-0.7618080243778524,10.5,-1.973244147157183,5.2972907,1.78346
2016-02-03,292.9,294.15,284.75,287.45,288.33332726941967,109940,2164,31699366.0,14098.0,12.82,9.4,-5.45,TVS Motors,-1.9276697372910379,9.399999999999977,-1.8607033117104776,3.1699366,1.0994
2016-02-04,290.0,290.0,276.25,281.35,281.8879297147992,150245,3568,42352252.0,21657.0,14.41,13.75,-8.65,TVS Motors,-2.122108192729155,13.75,-2.9827586206896473,4.2352252,1.50245
2016-02-05,280.8,292.0,278.5,288.4,285.5877915843176,146227,2487,41760646.0,33943.0,23.21,13.5,7.6,TVS Motors,2.5057757241869316,13.5,2.7065527065526944,4.1760646,1.46227
2016-02-08,288.0,294.85,284.2,287.05,291.1826988143905,107877,2048,31411916.0,12251.0,11.36,10.65,-0.95,TVS Motors,-0.46809986130372794,10.650000000000034,-0.32986111111110716,3.1411916,1.07877
2016-02-09,280.0,288.25,278.2,285.75,283.5776850166884,115949,1779,32880549.0,22148.0,19.1,10.05,5.75,TVS Motors,-0.4528827730360563,10.050000000000011,2.0535714285714284,3.2880549,1.15949
2016-02-10,285.0,289.0,280.2,286.4,283.961955769456,93917,1596,26668855.0,13837.0,14.73,8.8,1.4,TVS Motors,0.22747156605422703,8.800000000000011,0.49122807017543063,2.6668855,0.93917
2016-02-11,285.5,288.15,274.35,277.95,281.5422871411382,154586,3081,43522496.0,32371.0,20.94,13.8,-7.55,TVS Motors,-2.9504189944134063,13.799999999999955,-2.6444833625218953,4.3522496,1.54586
2016-02-12,277.5,283.6,269.7,276.15,275.2410908282151,175353,3466,48264351.0,39375.0,22.45,13.9,-1.35,TVS Motors,-0.6475984889368624,13.900000000000034,-0.48648648648649473,4.8264351,1.75353
2016-02-15,278.55,289.0,278.55,285.05,284.96740514387574,129591,3672,36929211.0,31813.0,24.55,10.45,6.5,TVS Motors,3.2228861126199604,10.449999999999989,2.333512834320589,3.6929211,1.29591
2016-02-16,284.1,288.0,275.2,276.7,281.1003368789102,101817,2014,28620793.0,18817.0,18.48,12.8,-7.4,TVS Motors,-2.929310647254879,12.800000000000011,-2.6047166490672415,2.8620793,1.01817
2016-02-17,279.65,284.0,271.8,281.9,278.26906279639144,90674,1985,25231769.0,17049.0,18.8,12.2,2.25,TVS Motors,1.879291651608228,12.199999999999989,0.8045771500089399,2.5231769,0.90674
2016-02-18,284.0,289.0,281.65,284.9,285.18640085439654,84270,1953,24032658.0,15770.0,18.71,7.35,0.9,TVS Motors,1.0642071656615792,7.350000000000023,0.3169014084506962,2.4032658,0.8427
2016-02-19,284.6,289.5,282.6,287.45,286.7366736066077,146495,3186,42005489.0,36097.0,24.64,6.9,2.85,TVS Motors,0.8950508950509084,6.899999999999977,1.0014054813773596,4.2005489,1.46495
2016-02-22,289.1,291.7,285.0,286.7,288.08654378990485,83010,1483,23914064.0,20253.0,24.4,6.7,-2.4,TVS Motors,-0.26091494172899576,6.699999999999989,-0.8301625735039895,2.3914064,0.8301
2016-02-23,288.0,288.3,277.6,280.3,282.37399339086915,62338,1332,17602630.0,14124.0,22.66,10.7,-7.7,TVS Motors,-2.2322985699337217,10.699999999999989,-2.673611111111107,1.760263,0.62338
2016-02-24,278.5,278.65,268.5,270.35,272.63802205498547,151349,2573,41263492.0,57797.0,38.19,10.15,-8.15,TVS Motors,-3.5497681056011365,10.149999999999977,-2.926391382405737,4.1263492,1.51349
2016-02-25,271.9,272.0,262.5,267.6,265.87583171871006,133158,2664,35403494.0,22643.0,17.0,9.5,-4.3,TVS Motors,-1.0171999260218278,9.5,-1.5814637734461032,3.5403494,1.33158
2016-02-26,270.25,270.35,260.8,264.55,264.9315218305712,71322,1487,18895446.0,22637.0,31.74,9.55,-5.7,TVS Motors,-1.1397608370702583,9.550000000000011,-2.109158186864011,1.8895446,0.71322
2016-02-29,263.5,270.0,256.3,267.7,263.06583495257286,165201,3311,43458739.0,15086.0,9.13,13.7,4.2,TVS Motors,1.190701190701171,13.699999999999989,1.593927893738136,4.3458739,1.65201
2016-03-01,269.5,285.4,266.5,283.7,277.1729855986382,206786,4451,57315493.0,42062.0,20.34,18.9,14.2,TVS Motors,5.976839745984308,18.899999999999977,5.269016697588122,5.7315493,2.06786
2016-03-02,288.0,293.9,285.0,287.6,290.17761131108733,185022,4444,53689242.0,25443.0,13.75,8.9,-0.4,TVS Motors,1.3746915756080558,8.899999999999977,-0.138888888888881,5.3689242,1.85022
2016-03-03,289.5,290.35,285.6,286.95,287.5968701637012,104031,2123,29918990.0,25260.0,24.28,4.75,-2.55,TVS Motors,-0.22600834492351174,4.75,-0.8808290155440454,2.991899,1.04031
2016-03-04,289.0,294.9,284.1,288.2,289.98364138517104,155331,3110,45043449.0,50874.0,32.75,10.8,-0.8,TVS Motors,0.43561596096881594,10.799999999999955,-0.27681660899654376,4.5043449,1.55331
2016-03-08,288.2,288.2,280.5,282.85,283.6113128250143,75189,1586,21324451.0,22809.0,30.34,7.7,-5.35,TVS Motors,-1.8563497571131071,7.699999999999989,-1.856349757113104,2.1324451,0.75189
2016-03-09,281.0,285.9,280.0,284.6,283.6809342740093,129127,2433,36630868.0,42526.0,32.93,5.9,3.6,TVS Motors,0.6187024924871887,5.899999999999977,1.2811387900355953,3.6630868,1.29127
2016-03-10,287.3,287.6,282.0,283.5,284.62861746780504,76953,1475,21903026.0,14750.0,19.17,5.6,-3.8,TVS Motors,-0.3865073787772344,5.600000000000023,-1.3226592412112814,2.1903026,0.76953
2016-03-11,284.0,289.3,282.25,288.0,286.9212959787852,174972,3285,50203193.0,70634.0,40.37,7.05,4.0,TVS Motors,1.5873015873015817,7.050000000000011,1.4084507042253522,5.0203193,1.74972
2016-03-14,290.0,292.6,286.8,288.65,289.592607270624,93362,2396,27036945.0,13799.0,14.78,5.8,-1.35,TVS Motors,0.22569444444444642,5.800000000000011,-0.4655172413793182,2.7036945,0.93362
2016-03-15,289.95,290.5,284.5,285.95,286.026488478958,120996,1962,34608061.0,69424.0,57.38,6.0,-4.0,TVS Motors,-0.9353888792655418,6.0,-1.3795481979651665,3.4608061,1.20996
2016-03-16,282.55,287.55,282.55,283.9,284.56283422459893,46376,1269,13196886.0,14354.0,30.95,5.0,1.35,TVS Motors,-0.7169085504458828,5.0,0.47779154132010826,1.3196886,0.46376
2016-03-17,283.0,285.85,282.3,283.0,283.7385865513642,67070,1811,19030347.0,24349.0,36.3,3.55,0.0,TVS Motors,-0.31701303275800674,3.5500000000000114,0.0,1.9030347,0.6707
2016-03-18,284.35,287.95,282.35,286.8,285.35130594165264,65470,1501,18681950.0,22103.0,33.76,5.6,2.45,TVS Motors,1.342756183745597,5.599999999999966,0.8616142078424436,1.868195,0.6547
2016-03-21,287.5,306.8,287.1,305.1,299.9014620390349,409223,7522,122726576.0,70467.0,17.22,19.7,17.6,TVS Motors,6.380753138075312,19.69999999999999,6.121739130434791,12.2726576,4.09223
2016-03-22,306.8,318.4,306.0,317.15,312.9882077937212,583521,11521,182635192.0,81761.0,14.01,12.4,10.35,TVS Motors,3.9495247459849114,12.399999999999977,3.373533246414591,18.2635192,5.83521
2016-03-23,317.0,317.05,307.5,309.3,310.9637416750176,208559,4622,64854287.0,41746.0,20.02,9.55,-7.7,TVS Motors,-2.475169478164896,9.550000000000011,-2.429022082018924,6.4854287,2.08559
2016-03-28,310.6,320.4,310.0,314.3,315.976424451982,303959,6540,96043878.0,69893.0,22.99,10.4,3.7,TVS Motors,1.6165535079211146,10.399999999999977,1.19124275595621,9.6043878,3.03959
2016-03-29,318.5,319.35,313.2,315.25,315.95669156829246,196105,3861,61960687.0,30174.0,15.39,6.15,-3.25,TVS Motors,0.3022589882277993,6.150000000000034,-1.0204081632653061,6.1960687,1.96105
2016-03-30,316.9,326.1,316.9,321.5,322.6993415081995,189524,5171,61159270.0,40583.0,21.41,9.2,4.6,TVS Motors,1.9825535289452745,9.200000000000045,1.4515620069422603,6.115927,1.89524
2016-03-31,323.0,325.8,318.15,322.65,322.1568104775029,99413,2873,32026575.0,14550.0,14.64,7.65,-0.35,TVS Motors,0.35769828926903724,7.650000000000034,-0.10835913312694202,3.2026575,0.99413
2016-04-01,324.0,329.5,320.75,324.85,325.32988405865177,638685,6400,207783317.0,436336.0,68.32,8.75,0.85,TVS Motors,0.681853401518695,8.75,0.26234567901235273,20.7783317,6.38685
2016-04-04,328.5,328.5,322.75,324.3,324.7244631554609,207602,2902,67413448.0,120482.0,58.04,5.75,-4.2,TVS Motors,-0.1693089118054547,5.75,-1.2785388127853847,6.7413448,2.07602
2016-04-05,324.3,325.0,312.55,314.55,318.272522716198,139548,3917,44414294.0,28362.0,20.32,12.45,-9.75,TVS Motors,-3.0064754856614195,12.449999999999989,-3.0064754856614244,4.4414294,1.39548
2016-04-06,316.0,318.5,314.1,316.6,316.4078983669877,76117,2859,24084020.0,15362.0,20.18,4.4,0.6,TVS Motors,0.6517246860594517,4.399999999999977,0.1898734177215262,2.408402,0.76117
2016-04-07,316.85,318.1,310.15,314.4,314.5254338491247,78714,3078,24757555.0,11204.0,14.23,7.95,-2.45,TVS Motors,-0.6948831332912353,7.9500000000000455,-0.7732365472621257,2.4757555,0.78714
2016-04-08,314.35,316.75,312.1,313.15,314.45700033220663,189641,2398,59633940.0,25980.0,13.7,4.65,-1.2,TVS Motors,-0.39758269720101547,4.649999999999977,-0.3817400986162066,5.963394,1.89641
2016-04-11,312.1,317.4,310.45,315.25,315.2440754687014,151109,4215,47636217.0,37913.0,25.09,6.95,3.15,TVS Motors,0.6706051413060798,6.949999999999989,1.009291893623831,4.7636217,1.51109
2016-04-12,319.0,322.25,316.95,318.65,320.071272035134,114533,2789,36658723.0,24592.0,21.47,5.3,-0.35,TVS Motors,1.0785091197462293,5.300000000000011,-0.10971786833856513,3.6658723,1.14533
2016-04-13,322.4,329.55,320.7,326.8,325.3707627962557,200840,4580,65347464.0,41016.0,20.42,8.85,4.4,TVS Motors,2.5576651498509406,8.850000000000023,1.364764267990085,6.5347464,2.0084
2016-04-18,327.9,334.8,324.15,333.6,331.6152349191976,229696,5528,76170693.0,38465.0,16.75,10.65,5.7,TVS Motors,2.0807833537331843,10.650000000000034,1.7383348581884859,7.6170693,2.29696
2016-04-20,335.0,340.9,333.0,335.9,337.81750502032617,163336,4343,55177760.0,36276.0,22.21,7.9,0.9,TVS Motors,0.689448441246987,7.899999999999977,0.2686567164179037,5.517776,1.63336
2016-04-21,332.25,335.45,322.0,324.6,327.6067234677855,194245,4803,63635968.0,40620.0,20.91,13.45,-7.65,TVS Motors,-3.3640964572789422,13.449999999999989,-2.3024830699774195,6.3635968,1.94245
2016-04-22,322.6,333.6,320.15,331.5,328.6879504413313,395168,4501,129886960.0,238963.0,60.47,13.45,8.9,TVS Motors,2.1256931608133023,13.450000000000045,2.758834469931797,12.988696,3.95168
2016-04-25,330.0,331.0,321.15,323.1,324.02176592921603,106267,2444,34432821.0,24365.0,22.93,9.85,-6.9,TVS Motors,-2.5339366515837014,9.850000000000023,-2.0909090909090837,3.4432821,1.06267
2016-04-26,323.0,331.0,317.65,329.75,326.1490619809876,154741,4296,50468632.0,28624.0,18.5,13.35,6.75,TVS Motors,2.0581863200247463,13.350000000000023,2.089783281733746,5.0468632,1.54741
2016-04-27,330.0,330.0,324.6,327.95,327.0995480356936,77661,1738,25402878.0,9595.0,12.35,5.4,-2.05,TVS Motors,-0.5458680818802186,5.399999999999977,-0.6212121212121247,2.5402878,0.77661
2016-04-28,328.15,328.25,317.5,318.7,322.09798458588125,110548,3606,35607288.0,31963.0,28.91,10.75,-9.45,TVS Motors,-2.8205519134014367,10.75,-2.8797805881456617,3.5607288,1.10548
2016-04-29,319.9,322.8,314.8,320.0,318.39768639930344,96473,2716,30716780.0,14044.0,14.56,8.0,0.1,TVS Motors,0.40790712268592433,8.0,0.031259768677718895,3.071678,0.96473
2016-05-02,318.0,323.3,314.4,318.7,319.07706349491536,139145,3752,44397978.0,15357.0,11.04,8.9,0.7,TVS Motors,-0.406250000000008,8.900000000000034,0.22012578616351844,4.4397978,1.39145
2016-05-03,321.9,325.35,279.3,287.9,297.79519789164226,1780343,22807,530177596.0,453767.0,25.49,46.05,-34.0,TVS Motors,-9.664261060558522,46.05000000000001,-10.56228642435539,53.0177596,17.80343
2016-05-04,279.3,295.45,277.95,289.85,289.5165960636047,1016717,19008,294356445.0,119509.0,11.75,17.5,10.55,TVS Motors,0.6773185133727155,17.5,3.777300393841751,29.4356445,10.16717
2016-05-05,292.0,297.7,286.95,295.25,293.84007452512475,382153,9495,112291866.0,52279.0,13.68,10.75,3.25,TVS Motors,1.8630326030705469,10.75,1.1130136986301369,11.2291866,3.82153
2016-05-06,296.25,301.6,294.25,300.0,298.6251826205651,281321,7965,84009535.0,47869.0,17.02,7.35,3.75,TVS Motors,1.608806096528359,7.350000000000023,1.2658227848101267,8.4009535,2.81321
2016-05-09,302.5,304.2,299.6,301.0,301.40134655436646,152686,3901,46019766.0,37232.0,24.38,4.6,-1.5,TVS Motors,0.33333333333334103,4.599999999999966,-0.49586776859504134,4.6019766,1.52686
2016-05-10,302.0,302.35,295.1,298.2,298.24486772092325,107311,2958,32004955.0,25239.0,23.52,7.25,-3.8,TVS Motors,-0.9302325581395432,7.25,-1.258278145695368,3.2004955,1.07311
2016-05-11,297.2,302.0,293.1,297.35,298.02377217024224,158715,4054,47300843.0,25911.0,16.33,8.9,0.15,TVS Motors,-0.2850435949027341,8.899999999999977,0.05047106325707743,4.7300843,1.58715
2016-05-12,298.7,299.0,294.4,295.75,296.1577542059096,95877,3046,28394717.0,20539.0,21.42,4.6,-2.95,TVS Motors,-0.5380864301328447,4.600000000000023,-0.9876129896216902,2.8394717,0.95877
2016-05-13,295.5,299.0,293.3,296.65,295.582110050978,123779,2581,36586858.0,25906.0,20.93,5.7,1.15,TVS Motors,0.30431107354182974,5.699999999999989,0.3891708967851023,3.6586858,1.23779
2016-05-16,298.9,298.9,290.7,295.85,294.0963162416445,95446,2628,28070317.0,11857.0,12.42,8.2,-3.05,TVS Motors,-0.26967807180177106,8.199999999999989,-1.020408163265291,2.8070317,0.95446
2016-05-17,296.8,298.2,293.45,294.15,295.521155586195,92836,2442,27435002.0,18766.0,20.21,4.75,-2.65,TVS Motors,-0.5746155146189147,4.75,-0.8928571428571542,2.7435002,0.92836
2016-05-18,293.9,298.4,292.4,296.6,295.69437295044486,76541,2219,22632743.0,11647.0,15.22,6.0,2.7,TVS Motors,0.8329083800782122,6.0,0.9186798230690867,2.2632743,0.76541
2016-05-19,295.9,301.35,293.4,295.9,298.0789631731497,114889,2772,34245994.0,19267.0,16.77,7.95,0.0,TVS Motors,-0.23600809170601922,7.9500000000000455,0.0,3.4245994,1.14889
2016-05-20,296.0,301.4,295.5,296.95,298.1606094060499,90580,2152,27007388.0,18061.0,19.94,5.9,0.95,TVS Motors,0.3548496113551902,5.899999999999977,0.3209459459459421,2.7007388,0.9058
2016-05-23,298.15,298.95,292.1,295.15,294.2328010133121,80528,1913,23693979.0,13985.0,17.37,6.85,-3.0,TVS Motors,-0.6061626536454034,6.849999999999966,-1.0062049304041591,2.3693979,0.80528
2016-05-24,295.2,297.0,291.8,294.35,293.7233500049034,71379,1696,20965679.0,9352.0,13.1,5.2,-0.85,TVS Motors,-0.2710486193460815,5.199999999999989,-0.28794037940378253,2.0965679,0.71379
2016-05-25,295.6,297.85,293.45,296.05,296.08486836904103,75894,2404,22471065.0,13402.0,17.66,4.4,0.45,TVS Motors,0.5775437404450523,4.400000000000034,0.1522327469553412,2.2471065,0.75894
2016-05-26,296.2,303.4,295.65,298.55,299.68378912107374,176727,3814,52962217.0,26333.0,14.9,7.75,2.35,TVS Motors,0.8444519506840109,7.75,0.7933828494260713,5.2962217,1.76727
2016-05-27,299.0,299.85,289.65,291.95,293.3038714590523,145759,4233,42751679.0,34413.0,23.61,10.2,-7.05,TVS Motors,-2.210684977390731,10.200000000000045,-2.3578595317725792,4.2751679,1.45759
2016-05-30,292.1,294.0,284.6,288.95,287.7832558835893,173661,4185,49976728.0,30266.0,17.43,9.4,-3.15,TVS Motors,-1.0275732145915373,9.399999999999977,-1.0783978089695425,4.9976728,1.73661
2016-05-31,289.1,289.1,284.2,285.75,285.8858545915463,131753,3970,37666319.0,26790.0,20.33,4.9,-3.35,TVS Motors,-1.107458037722786,4.900000000000034,-1.1587685921826436,3.7666319,1.31753
2016-06-01,289.0,291.95,286.4,288.6,289.5213482672954,142494,3854,41255055.0,29559.0,20.74,5.55,-0.4,TVS Motors,0.9973753280839937,5.550000000000011,-0.13840830449826202,4.1255055,1.42494
2016-06-02,295.15,297.9,292.7,296.6,295.0679498470635,273643,5414,80743279.0,49513.0,18.09,5.2,1.45,TVS Motors,2.7720027720027796,5.199999999999989,0.49127562256481305,8.0743279,2.73643
2016-06-03,299.0,307.7,295.45,297.1,302.6881022914129,309547,5632,93696194.0,92591.0,29.91,12.25,-1.9,TVS Motors,0.1685772083614312,12.25,-0.6354515050167148,9.3696194,3.09547
2016-06-06,302.0,302.0,293.5,295.45,295.9310518913851,83193,2781,24619392.0,14055.0,16.89,8.5,-6.55,TVS Motors,-0.5553685627734839,8.5,-2.168874172185434,2.4619392,0.83193
2016-06-07,298.0,298.0,292.45,294.55,294.6667525658684,112535,3558,33160323.0,23839.0,21.18,5.55,-3.45,TVS Motors,-0.30462007107801004,5.550000000000011,-1.1577181208053653,3.3160323,1.12535
2016-06-08,294.0,294.7,288.4,290.05,291.26436770361386,102191,3083,29764597.0,31924.0,31.24,6.3,-3.95,TVS Motors,-1.5277542013240497,6.300000000000011,-1.3435374149659827,2.9764597,1.02191
2016-06-09,289.9,292.5,288.05,290.4,290.4544086766393,92386,3083,26833921.0,18061.0,19.55,4.45,0.5,TVS Motors,0.12066885019823559,4.449999999999989,0.17247326664367024,2.6833921,0.92386
2016-06-10,290.5,292.2,286.0,287.0,288.81666597320464,96136,2905,27765679.0,22603.0,23.51,6.2,-3.5,TVS Motors,-1.1707988980716122,6.199999999999989,-1.2048192771084338,2.7765679,0.96136
2016-06-13,287.5,289.3,283.95,287.95,287.39855137440094,100371,2536,28846480.0,21416.0,21.34,5.35,0.45,TVS Motors,0.3310104529616664,5.350000000000023,0.15652173913043083,2.884648,1.00371
2016-06-14,288.25,291.85,286.1,290.75,290.2737545920248,78669,1779,22835546.0,16030.0,20.38,5.75,2.5,TVS Motors,0.9723910401111313,5.75,0.8673026886383347,2.2835546,0.78669
2016-06-15,290.3,293.0,289.9,291.75,291.9222210180268,55362,871,16161398.0,14575.0,26.33,3.1,1.45,TVS Motors,0.34393809114359186,3.1000000000000227,0.49948329314501844,1.6161398,0.55362
2016-06-16,291.5,293.9,289.95,291.5,292.1948575925723,100381,2316,29330812.0,21836.0,21.75,3.95,0.0,TVS Motors,-0.08568980291345785,3.9499999999999886,0.0,2.9330812,1.00381
2016-06-17,292.9,293.9,289.0,292.4,291.7204211661853,88991,2443,25960492.0,13903.0,15.62,4.9,-0.5,TVS Motors,0.3087478559176571,4.899999999999977,-0.1707067258449983,2.5960492,0.88991
2016-06-20,291.55,294.9,289.0,292.9,292.1077520808814,70523,2095,20600315.0,17698.0,25.1,5.9,1.35,TVS Motors,0.17099863201095467,5.899999999999977,0.4630423598010516,2.0600315,0.70523
2016-06-21,293.0,297.5,292.45,296.15,295.9963252557009,48983,1379,14498788.0,19327.0,39.46,5.05,3.15,TVS Motors,1.1095937179924853,5.050000000000011,1.0750853242320741,1.4498788,0.48983
2016-06-22,296.5,300.4,292.9,294.9,297.55423849899415,106382,2979,31654415.0,30804.0,28.96,7.5,-1.6,TVS Motors,-0.4220834036805621,7.5,-0.5396290050590296,3.1654415,1.06382
2016-06-23,290.0,296.35,290.0,295.55,294.75383892196805,51056,1167,15048952.0,13926.0,27.28,6.35,5.55,TVS Motors,0.22041369955918544,6.350000000000023,1.9137931034482798,1.5048952,0.51056
2016-06-24,289.3,299.05,280.3,297.2,291.6553504931047,122185,3182,35635909.0,30752.0,25.17,18.75,7.9,TVS Motors,0.5582811706986934,18.75,2.7307293466989204,3.5635909,1.22185
2016-06-27,294.65,301.95,294.6,296.95,298.9124080450775,102224,2497,30556022.0,18384.0,17.98,7.35,2.3,TVS Motors,-0.08411843876177105,7.349999999999966,0.7805871372815244,3.0556022,1.02224
2016-06-28,300.05,300.9,296.3,297.1,298.3068997140853,92685,1889,27648575.0,13472.0,14.54,4.6,-2.95,TVS Motors,0.05051355447045491,4.599999999999966,-0.9831694717547037,2.7648575,0.92685
2016-06-29,298.05,303.1,297.9,299.7,300.4287831796508,167987,3512,50468130.0,23577.0,14.04,5.2,1.65,TVS Motors,0.8751262201278864,5.2000000000000455,0.5535983895319501,5.046813,1.67987
2016-06-30,305.0,311.7,304.35,309.7,308.689310904278,292775,5917,90376513.0,69167.0,23.62,7.35,4.7,TVS Motors,3.3366700033366614,7.349999999999966,1.5409836065573734,9.0376513,2.92775
2016-07-01,309.9,315.75,308.1,310.55,312.7289531865357,213037,3921,66622838.0,63885.0,29.99,7.65,0.65,TVS Motors,0.27445915402002363,7.649999999999977,0.2097450790577716,6.6622838,2.13037
2016-07-04,315.0,317.55,312.0,312.9,314.07971960042335,137946,2739,43326041.0,32627.0,23.65,5.55,-2.1,TVS Motors,0.7567219449363893,5.550000000000011,-0.666666666666674,4.3326041,1.37946
2016-07-05,312.2,313.85,305.5,306.5,307.6840486854725,101139,1915,31118857.0,33658.0,33.28,8.35,-5.7,TVS Motors,-2.045381911153721,8.350000000000023,-1.8257527226137056,3.1118857,1.01139
2016-07-07,307.5,310.0,298.65,299.8,301.1179787164801,122912,2989,37011013.0,32325.0,26.3,11.35,-7.7,TVS Motors,-2.1859706362153286,11.350000000000023,-2.504065040650403,3.7011013,1.22912
2016-07-08,299.05,301.0,294.0,297.5,296.7991804418568,107863,2445,32013650.0,24301.0,22.53,7.0,-1.55,TVS Motors,-0.7671781187458371,7.0,-0.5183079752549778,3.201365,1.07863
2016-07-11,300.0,301.95,297.5,298.95,299.22748936774235,183169,4097,54809200.0,19335.0,10.56,4.45,-1.05,TVS Motors,0.4873949579832004,4.449999999999989,-0.35000000000000375,5.48092,1.83169
2016-07-12,302.0,306.0,299.6,304.7,303.1936880357072,126585,2458,38379773.0,31713.0,25.05,6.4,2.7,TVS Motors,1.9233985616323723,6.399999999999977,0.894039735099334,3.8379773,1.26585
2016-07-13,310.1,311.0,306.25,307.65,308.5763560242575,183201,3283,56531497.0,29362.0,16.03,4.75,-2.45,TVS Motors,0.9681654085986091,4.75,-0.7900677200903081,5.6531497,1.83201
2016-07-14,305.8,306.05,302.35,304.4,304.2973533280716,95025,2776,28915856.0,14832.0,15.61,3.7,-1.4,TVS Motors,-1.0563952543474753,3.6999999999999886,-0.457815565729246,2.8915856,0.95025
2016-07-15,304.4,310.55,303.0,306.6,308.0803407302392,166466,3636,51284902.0,30414.0,18.27,7.55,2.2,TVS Motors,0.7227332457293123,7.550000000000011,0.7227332457293185,5.1284902,1.66466
2016-07-18,307.0,311.4,301.2,302.85,305.88740138215024,216619,4176,66261023.0,35190.0,16.25,10.2,-4.15,TVS Motors,-1.2230919765166326,10.199999999999989,-1.351791530944618,6.6261023,2.16619
2016-07-19,303.0,303.0,296.75,300.5,299.93568244822524,73588,1408,22071667.0,13036.0,17.71,6.25,-2.5,TVS Motors,-0.7759616972098482,6.25,-0.825082508250825,2.2071667,0.73588
2016-07-20,302.35,303.9,300.45,302.9,302.05737059122305,250041,3674,75526727.0,139647.0,55.85,3.45,0.55,TVS Motors,0.7986688851913337,3.4499999999999886,0.18190838432278963,7.5526727,2.50041
2016-07-21,301.6,304.65,299.05,300.25,301.3256895584236,92668,2205,27923249.0,28647.0,30.91,5.6,-1.35,TVS Motors,-0.8748761967646068,5.599999999999966,-0.44761273209549823,2.7923249,0.92668
2016-07-22,300.0,303.15,297.5,301.5,300.5563922217625,48340,1247,14528896.0,9777.0,20.23,5.65,1.5,TVS Motors,0.41631973355538143,5.649999999999977,0.5,1.4528896,0.4834
2016-07-25,301.5,301.6,299.4,300.65,300.62940633559606,67176,1043,20195081.0,22723.0,33.83,2.2,-0.85,TVS Motors,-0.2819237147595466,2.2000000000000455,-0.2819237147595432,2.0195081,0.67176
2016-07-26,305.0,314.75,289.4,291.4,300.918382419028,1435279,21400,431901835.0,246077.0,17.14,25.35,-13.6,TVS Motors,-3.076667221021123,25.350000000000023,-4.459016393442631,43.1901835,14.35279
2016-07-27,294.8,295.5,285.85,287.8,289.6487162895392,397169,7635,115039491.0,149871.0,37.73,9.65,-7.0,TVS Motors,-1.2354152367879068,9.649999999999977,-2.37449118046133,11.5039491,3.97169
2016-07-28,289.0,291.1,287.0,290.2,289.17195760413085,195019,3634,56394026.0,52429.0,26.88,4.1,1.2,TVS Motors,0.8339124391938846,4.100000000000023,0.4152249134948057,5.6394026,1.95019
2016-07-29,291.8,294.8,289.05,291.4,292.79221351971466,179131,2950,52448162.0,56538.0,31.56,5.75,-0.4,TVS Motors,0.4135079255685792,5.75,-0.13708019191228035,5.2448162,1.79131
2016-08-01,296.0,297.6,292.6,295.05,294.95278508162494,140337,2211,41392789.0,37740.0,26.89,5.0,-0.95,TVS Motors,1.252573781743327,5.0,-0.3209459459459421,4.1392789,1.40337
2016-08-02,299.8,302.25,295.05,299.55,298.8372682479513,309706,4282,92551695.0,62369.0,20.14,7.2,-0.25,TVS Motors,1.5251652262328497,7.199999999999989,-0.08338892595063375,9.2551695,3.09706
2016-08-03,300.4,300.85,295.75,297.45,298.0322327712437,105855,1654,31548202.0,20525.0,19.39,5.1,-2.95,TVS Motors,-0.701051577366052,5.100000000000023,-0.982023968042606,3.1548202,1.05855
2016-08-04,302.0,303.0,293.85,298.6,298.8241723805693,213806,2891,63890401.0,25995.0,12.16,9.15,-3.4,TVS Motors,0.3866195999327804,9.149999999999977,-1.1258278145695289,6.3890401,2.13806
2016-08-05,300.3,304.9,300.25,303.05,303.0655799216209,167902,2856,50885317.0,40870.0,24.34,4.65,2.75,TVS Motors,1.4902880107166672,4.649999999999977,0.9157509157509158,5.0885317,1.67902
2016-08-08,305.0,307.7,303.05,304.1,305.65088162222514,99419,1453,30387505.0,23793.0,23.93,4.65,-0.9,TVS Motors,0.34647747896388026,4.649999999999977,-0.2950819672131073,3.0387505,0.99419
2016-08-09,303.5,304.9,296.7,298.9,300.23268867924526,84800,1254,25459732.0,14226.0,16.78,8.2,-4.6,TVS Motors,-1.7099638276882767,8.199999999999989,-1.5156507413509137,2.5459732,0.848
2016-08-10,298.3,299.65,293.5,295.65,296.0307308619013,118285,2000,35015995.0,32180.0,27.21,6.15,-2.65,TVS Motors,-1.087320173971229,6.149999999999977,-0.8883674153536821,3.5015995,1.18285
2016-08-11,295.65,300.3,293.3,296.75,297.50235617703066,103982,1687,30934890.0,13608.0,13.09,7.0,1.1,TVS Motors,0.37206155927618223,7.0,0.37206155927617884,3.093489,1.03982
2016-08-12,297.05,302.3,296.85,298.3,299.75597915141367,114732,1815,34391603.0,13999.0,12.2,5.45,1.25,TVS Motors,0.5223251895535075,5.449999999999989,0.42080457835381246,3.4391603,1.14732
2016-08-16,303.0,303.0,297.1,298.8,298.779837468744,41592,961,12426851.0,11678.0,28.08,5.9,-4.2,TVS Motors,0.16761649346295204,5.899999999999977,-1.3861386138613823,1.2426851,0.41592
2016-08-17,300.5,314.4,300.0,313.1,310.08820700238385,310837,4830,96386888.0,72521.0,23.33,14.4,12.6,TVS Motors,4.785809906291827,14.399999999999977,4.1930116472545835,9.6386888,3.10837
2016-08-18,315.0,316.6,310.0,311.85,313.233734939759,213310,3180,66815888.0,44088.0,20.67,6.6,-3.15,TVS Motors,-0.3992334717342727,6.600000000000023,-0.9999999999999928,6.6815888,2.1331
2016-08-19,311.65,316.9,309.3,311.6,313.1011716852841,98832,1548,30944415.0,22017.0,22.28,7.6,-0.05,TVS Motors,-0.08016674683340996,7.599999999999966,-0.016043638697241947,3.0944415,0.98832
2016-08-22,311.0,311.7,304.55,306.3,307.11545528263343,97423,1768,29920109.0,16134.0,16.56,7.15,-4.7,TVS Motors,-1.7008985879332528,7.149999999999977,-1.511254019292601,2.9920109,0.97423
2016-08-23,306.5,310.65,305.0,307.0,307.136044645386,95329,1942,29278972.0,27362.0,28.7,5.65,0.5,TVS Motors,0.2285341168788646,5.649999999999977,0.1631321370309951,2.9278972,0.95329
2016-08-24,305.4,309.65,305.15,306.65,306.7157086946512,456085,1313,139888434.0,410615.0,90.03,4.5,1.25,TVS Motors,-0.11400651465798273,4.5,0.4092992796332679,13.9888434,4.56085
2016-08-25,309.65,310.0,303.95,306.5,306.796834583248,107474,1408,32972683.0,30106.0,28.01,6.05,-3.15,TVS Motors,-0.04891570194031081,6.050000000000011,-1.0172775714516316,3.2972683,1.07474
2016-08-26,306.5,307.0,301.9,303.15,303.64091003001835,82283,1480,24984485.0,23737.0,28.85,5.1,-3.35,TVS Motors,-1.0929853181076754,5.100000000000023,-1.0929853181076747,2.4984485,0.82283
2016-08-29,304.2,313.9,301.05,311.7,307.73877844346504,136367,1831,41965414.0,28811.0,21.13,12.85,7.5,TVS Motors,2.8203859475507187,12.849999999999966,2.465483234714004,4.1965414,1.36367
2016-08-30,315.0,327.9,314.4,325.85,321.2031939114031,461190,5672,148135701.0,123279.0,26.73,13.5,10.85,TVS Motors,4.539621430863017,13.5,3.4444444444444513,14.8135701,4.6119
2016-08-31,327.0,333.0,324.0,325.85,329.09426491721126,298531,4548,98244840.0,61361.0,20.55,9.0,-1.15,TVS Motors,0.0,9.0,-0.3516819571865374,9.824484,2.98531
2016-09-01,328.0,329.5,323.0,327.5,326.17845523722116,146003,3769,47623033.0,39517.0,27.07,6.5,-0.5,TVS Motors,0.5063679607181237,6.5,-0.1524390243902439,4.7623033,1.46003
2016-09-02,335.0,339.9,331.0,331.85,334.28492767777453,237548,4429,79408716.0,47222.0,19.88,8.9,-3.15,TVS Motors,1.328244274809176,8.899999999999977,-0.9402985074626798,7.9408716,2.37548
2016-09-06,334.0,335.25,329.95,333.0,332.82407627561935,84116,1672,27995830.0,22212.0,26.41,5.3,-1.0,TVS Motors,0.3465421124001722,5.300000000000011,-0.29940119760479045,2.799583,0.84116
2016-09-07,333.0,333.9,328.55,330.4,330.47203748820266,91122,2094,30113273.0,30028.0,32.95,5.35,-2.6,TVS Motors,-0.7807807807807876,5.349999999999966,-0.7807807807807876,3.0113273,0.91122
2016-09-08,330.5,342.5,328.15,337.95,338.13128576724995,272421,4087,92114063.0,41056.0,15.07,14.35,7.45,TVS Motors,2.285108958837778,14.350000000000023,2.2541603630862297,9.2114063,2.72421
2016-09-09,338.0,338.05,327.6,330.0,330.9253040479216,143234,2321,47399755.0,24133.0,16.85,10.45,-8.0,TVS Motors,-2.3524189968930243,10.449999999999989,-2.366863905325444,4.7399755,1.43234
2016-09-12,312.0,324.0,310.9,320.9,319.4389749911941,170340,3070,54413235.0,23921.0,14.04,13.1,8.9,TVS Motors,-2.75757575757577,13.100000000000023,2.852564102564095,5.4413235,1.7034
2016-09-14,320.0,328.25,320.0,326.15,325.42944131166183,84412,1446,27470150.0,10255.0,12.15,8.25,6.15,TVS Motors,1.636023683390464,8.25,1.9218749999999931,2.747015,0.84412
2016-09-15,327.5,327.5,319.9,321.1,321.14587081973656,590214,2634,189544789.0,454982.0,77.09,7.6,-6.4,TVS Motors,-1.5483673156522881,7.600000000000023,-1.9541984732824358,18.9544789,5.90214
2016-09-16,324.8,339.5,324.0,338.1,328.34883107667935,1152813,10209,378524801.0,617413.0,53.56,15.5,13.3,TVS Motors,5.294300840859556,15.5,4.0948275862068995,37.8524801,11.52813
2016-09-19,340.0,344.0,335.25,337.05,339.91872916295523,314344,4208,106851413.0,35984.0,11.45,8.75,-2.95,TVS Motors,-0.31055900621118626,8.75,-0.8676470588235261,10.6851413,3.14344
2016-09-20,337.0,337.65,331.0,332.9,334.6531684242208,176097,3356,58931419.0,17609.0,10.0,6.65,-4.1,TVS Motors,-1.2312713247292773,6.649999999999977,-1.2166172106824993,5.8931419,1.76097
2016-09-21,332.9,341.5,331.35,333.15,336.6963225404324,243864,3466,82108112.0,28314.0,11.61,10.15,0.25,TVS Motors,0.07509762691499944,10.149999999999977,0.0750976269149895,8.2108112,2.43864
2016-09-22,338.4,350.0,338.4,349.25,345.8595272116284,429706,7260,148617914.0,82556.0,19.21,11.6,10.85,TVS Motors,4.832657961879039,11.600000000000023,3.206264775413718,14.8617914,4.29706
2016-09-23,352.0,354.5,348.1,350.45,351.7384864434123,358903,5127,126239998.0,141160.0,39.33,6.4,-1.55,TVS Motors,0.34359341445955316,6.399999999999977,-0.44034090909091234,12.6239998,3.58903
2016-09-26,349.5,353.7,345.65,347.4,349.19739870913384,132934,3040,46420207.0,28726.0,21.61,8.05,-2.1,TVS Motors,-0.8703096019403667,8.050000000000011,-0.600858369098719,4.6420207,1.32934
2016-09-27,350.9,351.45,346.5,347.75,348.7545672000229,104933,1914,36595863.0,26106.0,24.88,4.95,-3.15,TVS Motors,0.1007484168106032,4.949999999999989,-0.8976916500427408,3.6595863,1.04933
2016-09-28,347.6,357.0,345.0,351.7,352.32267737653217,148399,2430,52284333.0,26420.0,17.8,12.0,4.1,TVS Motors,1.1358734723220687,12.0,1.17951668584579,5.2284333,1.48399
2016-09-29,355.0,356.4,316.8,348.15,349.34512696862686,216077,5509,75485447.0,52247.0,24.18,39.6,-6.85,TVS Motors,-1.0093829968723322,39.599999999999966,-1.9295774647887387,7.5485447,2.16077
2016-09-30,341.0,368.4,341.0,365.6,361.9086926421615,365447,7895,132258446.0,64269.0,17.59,27.4,24.6,TVS Motors,5.012207381875644,27.399999999999977,7.214076246334318,13.2258446,3.65447
2016-10-03,368.0,383.2,366.2,377.65,373.0416587019808,319117,5866,119043935.0,59646.0,18.69,17.0,9.65,TVS Motors,3.2959518599562143,17.0,2.622282608695646,11.9043935,3.19117
2016-10-04,382.0,385.0,374.5,377.45,379.24777214114766,303767,5209,115202958.0,72691.0,23.93,10.5,-4.55,TVS Motors,-0.05295908910366576,10.5,-1.1910994764397935,11.5202958,3.03767
2016-10-05,378.0,384.7,374.0,379.55,379.94169938033286,154115,2928,58554715.0,32687.0,21.21,10.7,1.55,TVS Motors,0.5563650814677468,10.699999999999989,0.41005291005291306,5.8554715,1.54115
2016-10-06,380.0,388.2,377.1,383.9,383.85194629303913,333737,6509,128105597.0,33575.0,10.06,11.1,3.9,TVS Motors,1.1460940587537882,11.099999999999966,1.0263157894736783,12.8105597,3.33737
2016-10-07,383.9,389.0,381.8,386.1,385.770000691866,130083,2754,50182119.0,19941.0,15.33,7.2,2.2,TVS Motors,0.5730659025788176,7.199999999999989,0.5730659025788084,5.0182119,1.30083
2016-10-10,388.05,393.7,386.8,388.9,389.86674885844747,109500,2447,42690409.0,18112.0,16.54,6.9,0.85,TVS Motors,0.7252007252007031,6.899999999999977,0.21904393763689367,4.2690409,1.095
2016-10-13,387.1,388.0,380.2,384.15,383.210232671189,90514,1985,34685891.0,20349.0,22.48,7.8,-2.95,TVS Motors,-1.2213936744664422,7.800000000000011,-0.7620769826918226,3.4685891,0.90514
2016-10-14,386.0,391.9,383.1,390.95,388.8280717443391,118532,2240,46088569.0,20270.0,17.1,8.8,4.95,TVS Motors,1.77014187166471,8.799999999999955,1.2823834196891162,4.6088569,1.18532
2016-10-17,391.0,394.0,385.1,388.3,389.5161949878775,89503,1850,34862868.0,12449.0,13.91,8.9,-2.7,TVS Motors,-0.6778360404143702,8.899999999999977,-0.6905370843989741,3.4862868,0.89503
2016-10-18,395.0,401.7,392.2,395.4,396.66527082598986,212775,4189,84400453.0,30152.0,14.17,9.5,0.4,TVS Motors,1.8284831315992678,9.5,0.10126582278480437,8.4400453,2.12775
2016-10-19,395.6,396.0,389.5,391.0,392.3151983202462,69534,1391,27279245.0,8403.0,12.08,6.5,-4.6,TVS Motors,-1.1127971674253834,6.5,-1.1627906976744242,2.7279245,0.69534
2016-10-20,391.8,394.8,390.0,392.2,392.9942430436778,71913,1484,28261395.0,10402.0,14.46,4.8,0.4,TVS Motors,0.3069053708439906,4.800000000000011,0.10209290454312844,2.8261395,0.71913
2016-10-21,393.0,397.0,390.3,395.7,394.2957122861142,70014,1856,27606220.0,12501.0,17.86,6.7,2.7,TVS Motors,0.8924018357980623,6.699999999999989,0.6870229007633559,2.760622,0.70014
2016-10-24,397.0,398.95,393.35,395.25,395.642108910084,49068,1164,19413367.0,9282.0,18.92,5.6,-1.75,TVS Motors,-0.11372251705837888,5.599999999999966,-0.4408060453400504,1.9413367,0.49068
2016-10-25,394.0,408.6,392.95,407.15,402.9626961835144,168401,3344,67859321.0,27619.0,16.4,15.65,13.15,TVS Motors,3.010752688172036,15.650000000000034,3.3375634517766444,6.7859321,1.68401
2016-10-26,408.0,411.45,396.0,399.7,405.3084097084696,130278,3561,52802769.0,24951.0,19.15,15.45,-8.3,TVS Motors,-1.8297924597814097,15.449999999999989,-2.034313725490199,5.2802769,1.30278
2016-10-27,407.0,417.9,387.3,411.4,401.3181198133682,833513,18115,334503870.0,75273.0,9.03,30.6,4.4,TVS Motors,2.9271953965473996,30.599999999999966,1.0810810810810754,33.450387,8.33513
2016-10-28,417.0,418.0,402.45,404.65,407.9271853255192,338874,7117,138235917.0,81840.0,24.15,15.55,-12.35,TVS Motors,-1.6407389402041783,15.550000000000011,-2.96163069544365,13.8235917,3.38874
2016-10-30,409.85,412.9,408.0,410.0,410.0970758042816,58717,1240,24079670.0,21391.0,36.43,4.9,0.15,TVS Motors,1.3221302360064247,4.899999999999977,0.03659875564230261,2.407967,0.58717
2016-11-01,412.0,412.0,402.8,403.95,405.7995887043506,146853,4653,59592887.0,33619.0,22.89,9.2,-8.05,TVS Motors,-1.4756097560975623,9.199999999999989,-1.9538834951456339,5.9592887,1.46853
2016-11-02,400.0,408.4,397.4,400.55,401.8168176029433,141340,2867,56792789.0,19625.0,13.88,11.0,0.55,TVS Motors,-0.8416883277633347,11.0,0.13750000000000284,5.6792789,1.4134
2016-11-03,405.0,405.5,390.8,392.25,396.62047909476985,276438,7089,109640972.0,75311.0,27.24,14.7,-12.75,TVS Motors,-2.072150792660099,14.699999999999989,-3.148148148148148,10.9640972,2.76438
2016-11-04,393.25,397.75,387.25,392.45,392.1643563730103,126463,2374,49594281.0,33755.0,26.69,10.5,-0.8,TVS Motors,0.0509878903760308,10.5,-0.20343293070566085,4.9594281,1.26463
2016-11-07,395.35,399.0,388.85,390.1,393.9312981096507,114582,2165,45137436.0,15901.0,13.88,10.15,-5.25,TVS Motors,-0.5988023952095745,10.149999999999977,-1.3279372707727328,4.5137436,1.14582
2016-11-08,392.0,394.1,385.6,390.0,389.68991577725393,84419,2464,32897233.0,18158.0,21.51,8.5,-2.0,TVS Motors,-0.025634452704437205,8.5,-0.5102040816326531,3.2897233,0.84419
2016-11-09,370.0,384.0,351.0,379.3,371.6287686841496,341399,8971,126873690.0,45215.0,13.24,33.0,9.3,TVS Motors,-2.743589743589736,33.0,2.5135135135135167,12.687369,3.41399
2016-11-10,386.2,389.75,377.2,379.2,384.3921311952293,110004,2502,42284672.0,26519.0,24.11,12.55,-7.0,TVS Motors,-0.026364355391517158,12.550000000000011,-1.8125323666494046,4.2284672,1.10004
2016-11-11,374.5,374.5,352.6,360.55,358.9689695220004,425356,8568,152689605.0,100989.0,23.74,21.9,-13.95,TVS Motors,-4.918248945147674,21.899999999999977,-3.7249666221628805,15.2689605,4.25356
2016-11-15,361.0,363.0,338.9,347.6,344.9038914924401,173481,4101,59834272.0,43020.0,24.8,24.1,-13.4,TVS Motors,-3.591734849535433,24.100000000000023,-3.7119113573407136,5.9834272,1.73481
2016-11-16,364.9,368.5,346.25,359.2,354.82826594154085,243452,4069,86383651.0,33713.0,13.85,22.25,-5.7,TVS Motors,3.3371691599539677,22.25,-1.562071800493283,8.6383651,2.43452
2016-11-17,360.0,367.4,345.2,362.1,357.3683622653024,183534,4277,65589245.0,14130.0,7.7,22.2,2.1,TVS Motors,0.807349665924284,22.19999999999999,0.5833333333333397,6.5589245,1.83534
2016-11-18,363.0,364.25,356.4,362.35,361.5101405597688,80962,2102,29268584.0,13773.0,17.01,7.85,-0.65,TVS Motors,0.06904170118751107,7.850000000000023,-0.17906336088153646,2.9268584,0.80962
2016-11-21,362.35,362.35,342.0,344.65,349.40385862973517,141812,3585,49549660.0,37404.0,26.38,20.35,-17.7,TVS Motors,-4.88477990892785,20.350000000000023,-4.884779908927844,4.954966,1.41812
2016-11-22,345.0,352.7,344.6,349.25,347.80331067677,61498,1389,21389208.0,11687.0,19.0,8.1,4.25,TVS Motors,1.3346873639924706,8.099999999999966,1.2318840579710146,2.1389208,0.61498
2016-11-23,350.0,356.3,347.0,354.25,351.96437718885574,76524,1849,26933722.0,9302.0,12.16,9.3,4.25,TVS Motors,1.431639226914827,9.300000000000011,1.2142857142857142,2.6933722,0.76524
2016-11-24,353.8,363.4,348.2,359.2,354.87190991369306,90491,1909,32112714.0,23219.0,25.66,15.2,5.4,TVS Motors,1.3973182780522286,15.199999999999989,1.5262860373092078,3.2112714,0.90491
2016-11-25,355.9,358.15,353.25,356.0,355.50672737243497,78411,2046,27875638.0,12635.0,16.11,4.9,0.1,TVS Motors,-0.8908685968819552,4.899999999999977,0.02809778027536464,2.7875638,0.78411
2016-11-28,355.9,355.9,350.65,353.8,353.8654088261461,59573,1222,21080824.0,12074.0,20.27,5.25,-2.1,TVS Motors,-0.6179775280898858,5.25,-0.5900533857825137,2.1080824,0.59573
2016-11-29,353.0,362.3,352.8,358.6,359.26768907765813,82876,1612,29774669.0,20052.0,24.2,9.5,5.6,TVS Motors,1.3566986998304165,9.5,1.586402266288958,2.9774669,0.82876
2016-11-30,361.95,376.0,360.3,372.05,367.9431551369084,180157,3867,66287535.0,35800.0,19.87,15.7,10.1,TVS Motors,3.7506971556051205,15.699999999999989,2.7904406686006418,6.6287535,1.80157
2016-12-01,370.0,376.5,365.0,367.7,371.059561819838,104295,2352,38699657.0,24464.0,23.46,11.5,-2.3,TVS Motors,-1.169197688482737,11.5,-0.6216216216216247,3.8699657,1.04295
2016-12-02,360.5,365.9,356.9,358.25,360.0241220548956,96219,2127,34641161.0,13956.0,14.5,9.0,-2.25,TVS Motors,-2.5700299156921402,9.0,-0.624133148404993,3.4641161,0.96219
2016-12-05,360.9,362.55,352.75,357.15,356.54191043298107,76747,1966,27363522.0,14913.0,19.43,9.8,-3.75,TVS Motors,-0.30704815073273606,9.800000000000011,-1.0390689941812137,2.7363522,0.76747
2016-12-06,357.55,360.1,354.0,355.55,356.7750584047169,44945,1430,16035255.0,11382.0,25.32,6.1,-2.0,TVS Motors,-0.44799104017918534,6.100000000000023,-0.55936232694728,1.6035255,0.44945
2016-12-07,356.45,362.85,354.5,359.8,359.28569101453047,61388,1865,22055830.0,9934.0,16.18,8.35,3.35,TVS Motors,1.195331177049641,8.350000000000023,0.9398232571188169,2.205583,0.61388
2016-12-08,362.0,364.85,361.45,363.85,363.29162535995846,42366,1248,15391213.0,10082.0,23.8,3.4,1.85,TVS Motors,1.1256253474152267,3.400000000000034,0.5110497237569124,1.5391213,0.42366
2016-12-09,365.0,366.2,360.5,363.0,363.4798777490436,46789,1234,17006860.0,7439.0,15.9,5.7,-2.0,TVS Motors,-0.2336127525079057,5.699999999999989,-0.547945205479452,1.700686,0.46789
2016-12-12,363.0,367.5,357.85,366.3,363.13127601400174,57421,1712,20851361.0,9825.0,17.11,9.65,3.3,TVS Motors,0.9090909090909038,9.649999999999977,0.9090909090909122,2.0851361,0.57421
2016-12-13,367.5,384.8,367.0,381.95,377.11175946491994,239067,5538,90154977.0,61788.0,25.85,17.8,14.45,TVS Motors,4.2724542724542625,17.80000000000001,3.931972789115643,9.0154977,2.39067
2016-12-14,383.7,387.2,378.75,379.9,382.54917625660215,142945,3288,54683492.0,15045.0,10.53,8.45,-3.8,TVS Motors,-0.5367194658986829,8.449999999999989,-0.9903570497784758,5.4683492,1.42945
2016-12-15,379.45,380.95,374.0,378.15,378.0798415676464,67158,2543,25391086.0,7783.0,11.59,6.95,-1.3,TVS Motors,-0.46064753882600895,6.949999999999989,-0.34260113321913593,2.5391086,0.67158
2016-12-16,378.0,383.55,374.0,376.5,378.48009259259254,64800,1353,24525510.0,11998.0,18.52,9.55,-1.5,TVS Motors,-0.4363347877826218,9.550000000000011,-0.3968253968253968,2.452551,0.648
2016-12-19,379.8,381.0,373.0,374.95,377.0809679489138,32729,1115,12341483.0,8947.0,27.34,8.0,-4.85,TVS Motors,-0.4116865869853936,8.0,-1.2769878883623018,1.2341483,0.32729
2016-12-20,377.0,377.45,369.0,369.95,370.59539924928765,132674,2711,49168374.0,55587.0,41.9,8.45,-7.05,TVS Motors,-1.3335111348179773,8.449999999999989,-1.8700265251989419,4.9168374,1.32674
2016-12-21,369.95,372.9,369.0,370.4,371.16640116819326,30132,1207,11183986.0,9399.0,31.19,3.9,0.45,TVS Motors,0.12163805919718218,3.8999999999999773,0.12163805919718573,1.1183986,0.30132
2016-12-22,368.3,374.5,365.3,366.85,369.18830012587114,65146,1720,24051141.0,18794.0,28.85,9.2,-1.45,TVS Motors,-0.9584233261338948,9.199999999999989,-0.39370078740157166,2.4051141,0.65146
2016-12-23,366.5,372.0,364.0,370.35,369.0978014872292,43302,1027,15982673.0,12807.0,29.58,8.0,3.85,TVS Motors,0.9540684203352967,8.0,1.0504774897680824,1.5982673,0.43302
2016-12-26,380.0,380.0,365.1,366.3,367.05753958174574,59055,1355,21676583.0,9781.0,16.56,14.9,-13.7,TVS Motors,-1.0935601458080257,14.899999999999977,-3.6052631578947336,2.1676583,0.59055
2016-12-27,360.0,363.3,349.5,352.4,354.4313541922237,154882,3166,54895037.0,16591.0,10.71,13.8,-7.6,TVS Motors,-3.794703794703802,13.800000000000011,-2.1111111111111174,5.4895037,1.54882
2016-12-28,351.0,357.25,346.0,353.05,351.2253439477444,122475,2519,43016324.0,8931.0,7.29,11.25,2.05,TVS Motors,0.18444948921680915,11.25,0.5840455840455873,4.3016324,1.22475
2016-12-29,353.1,367.0,348.5,363.3,356.8263548969397,119105,3327,42499803.0,21681.0,18.2,18.5,10.2,TVS Motors,2.9032714912901936,18.5,2.888700084961764,4.2499803,1.19105
2016-12-30,362.45,366.95,357.75,360.65,362.3342296368989,101900,2765,36921858.0,11410.0,11.2,9.2,-1.8,TVS Motors,-0.7294247178640356,9.199999999999989,-0.4966202234791038,3.6921858,1.019
2017-01-02,359.0,369.0,355.25,366.15,362.4072771367457,132772,2858,48117539.0,18799.0,14.16,13.75,7.15,TVS Motors,1.525024261749608,13.75,1.9916434540389911,4.8117539,1.32772
2017-01-03,358.15,383.2,355.0,377.4,370.72159313523946,206737,4941,76641870.0,32704.0,15.82,28.2,19.25,TVS Motors,3.0725112658746445,28.19999999999999,5.37484294290102,7.664187,2.06737
2017-01-04,377.0,377.5,371.9,374.35,374.97523424345206,124123,3235,46543051.0,8482.0,6.83,5.6,-2.65,TVS Motors,-0.8081611022787372,5.600000000000023,-0.7029177718832831,4.6543051,1.24123
2017-01-05,377.05,389.85,377.05,384.75,386.08907093583,218747,4853,84455826.0,32247.0,14.74,12.8,7.7,TVS Motors,2.778148791238144,12.800000000000011,2.04216947354462,8.4455826,2.18747
2017-01-06,386.1,392.4,384.1,385.4,388.0423770034761,168582,4790,65416960.0,18440.0,10.94,8.3,-0.7,TVS Motors,0.16894087069525554,8.299999999999955,-0.18130018130019307,6.541696,1.68582
2017-01-09,388.0,389.9,382.8,384.35,384.3912748981114,174210,3612,66964804.0,6902.0,3.96,7.1,-3.65,TVS Motors,-0.2724442138038241,7.099999999999966,-0.9407216494845302,6.6964804,1.7421
2017-01-10,385.3,388.6,381.65,383.1,385.4520209415476,194637,4894,75023225.0,8076.0,4.15,6.95,-2.2,TVS Motors,-0.32522440483934156,6.9500000000000455,-0.5709836491045908,7.5023225,1.94637
2017-01-11,384.2,385.6,379.5,380.95,381.98775887481577,80058,2039,30581176.0,10825.0,13.52,6.1,-3.25,TVS Motors,-0.5612111720177615,6.100000000000023,-0.8459135866736075,3.0581176,0.80058
2017-01-12,380.95,390.0,378.0,388.85,386.1177407888608,81586,2195,31501802.0,14221.0,17.43,12.0,7.9,TVS Motors,2.0737629610185104,12.0,2.0737629610185153,3.1501802,0.81586
2017-01-13,390.0,390.5,382.05,383.55,385.0472972972973,39072,997,15044568.0,7395.0,18.93,8.45,-6.45,TVS Motors,-1.3629934422013656,8.449999999999989,-1.6538461538461509,1.5044568,0.39072
2017-01-16,384.0,384.25,379.55,382.9,382.18257613893775,31784,1076,12147291.0,6151.0,19.35,4.7,-1.1,TVS Motors,-0.16946943032200013,4.699999999999989,-0.28645833333333925,1.2147291,0.31784
2017-01-17,384.9,385.2,376.3,379.2,379.46494992846925,61512,2238,23341648.0,8107.0,13.18,8.9,-5.7,TVS Motors,-0.9663097414468469,8.899999999999977,-1.4809041309430993,2.3341648,0.61512
2017-01-18,383.0,384.5,377.5,383.2,381.6831750084482,26633,762,10165368.0,5879.0,22.07,7.0,0.2,TVS Motors,1.0548523206751037,7.0,0.05221932114882209,1.0165368,0.26633
2017-01-19,382.15,391.35,379.5,388.55,387.3625640697664,109451,3320,42397220.0,16301.0,14.89,11.85,6.4,TVS Motors,1.396137787056384,11.850000000000023,1.674735051681286,4.239722,1.09451
2017-01-20,390.9,392.35,377.75,378.7,385.68439126373374,112405,2463,43352854.0,13585.0,12.09,14.6,-12.2,TVS Motors,-2.5350662720370676,14.600000000000023,-3.121002814018928,4.3352854,1.12405
2017-01-23,378.75,383.95,378.4,380.3,381.39268631064544,48293,1571,18418597.0,5502.0,11.39,5.55,1.55,TVS Motors,0.42249801954052923,5.550000000000011,0.40924092409241225,1.8418597,0.48293
2017-01-24,382.5,402.85,378.7,401.2,395.2582291805557,712495,12611,281619512.0,65124.0,9.14,24.15,18.7,TVS Motors,5.495661320010514,24.150000000000034,4.888888888888886,28.1619512,7.12495
2017-01-25,404.0,404.45,391.3,393.0,395.8816757034071,198818,3201,78708403.0,59808.0,30.08,13.15,-11.0,TVS Motors,-2.043868394815551,13.149999999999977,-2.722772277227723,7.8708403,1.98818
2017-01-27,394.9,397.6,389.5,391.65,392.80310800159583,102767,2120,40367197.0,27758.0,27.01,8.1,-3.25,TVS Motors,-0.34351145038168385,8.100000000000023,-0.822993162826032,4.0367197,1.02767
2017-01-30,394.8,394.8,386.0,387.45,388.1131559923051,81613,2534,31675079.0,25001.0,30.63,8.8,-7.35,TVS Motors,-1.072386058981234,8.800000000000011,-1.8617021276595802,3.1675079,0.81613
2017-01-31,386.4,388.0,383.85,385.35,385.6144026314759,51074,1516,19694870.0,12463.0,24.4,4.15,-1.05,TVS Motors,-0.5420054200541924,4.149999999999977,-0.2717391304347708,1.969487,0.51074
2017-02-01,385.9,396.0,381.5,394.1,389.49198832926766,83628,1606,32572436.0,14293.0,17.09,14.5,8.2,TVS Motors,2.270663033605813,14.5,2.124902824565962,3.2572436,0.83628
2017-02-02,383.2,399.0,383.2,389.35,391.924939336262,110857,2840,43447623.0,20715.0,18.69,15.8,6.15,TVS Motors,-1.2052778482618653,15.800000000000011,1.6049060542797584,4.3447623,1.10857
2017-02-03,390.95,393.8,388.65,391.75,390.8907009678786,110861,2302,43334534.0,8516.0,7.68,5.15,0.8,TVS Motors,0.6164119686657088,5.150000000000034,0.20462974804962564,4.3334534,1.10861
2017-02-06,391.0,406.4,390.55,395.95,398.061535457031,220182,4369,87645985.0,39157.0,17.78,15.85,4.95,TVS Motors,1.0721123165283952,15.849999999999966,1.2659846547314548,8.7645985,2.20182
2017-02-07,396.5,398.1,390.0,392.1,393.95549079348257,60392,1613,23791760.0,7724.0,12.79,8.1,-4.4,TVS Motors,-0.9723449930546746,8.100000000000023,-1.1097099621689728,2.379176,0.60392
2017-02-08,399.0,401.05,393.65,397.4,397.428702336014,73116,1912,29058397.0,8809.0,12.05,7.4,-1.6,TVS Motors,1.3516959959193997,7.400000000000034,-0.40100250626566986,2.9058397,0.73116
2017-02-09,397.0,409.9,394.6,408.0,403.91630803503614,138257,3331,55844257.0,41933.0,30.33,15.3,11.0,TVS Motors,2.667337695017613,15.299999999999955,2.770780856423174,5.5844257,1.38257
2017-02-10,413.5,418.7,410.25,411.1,414.24624861861287,225317,4632,93336722.0,53766.0,23.86,8.45,-2.4,TVS Motors,0.7598039215686248,8.449999999999989,-0.5804111245465483,9.3336722,2.25317
2017-02-13,411.0,415.05,407.8,411.45,411.48844730672545,70806,1736,29135851.0,16415.0,23.18,7.25,0.45,TVS Motors,0.08513743614690927,7.25,0.10948905109488774,2.9135851,0.70806
2017-02-14,411.05,414.1,408.5,409.35,410.6532733852396,45595,1044,18723736.0,10191.0,22.35,5.6,-1.7,TVS Motors,-0.5103900838497877,5.600000000000023,-0.4135749908770195,1.8723736,0.45595
2017-02-15,414.0,416.45,408.9,410.6,412.291784515126,120918,2385,49853498.0,28434.0,23.52,7.55,-3.4,TVS Motors,0.30536215952119417,7.550000000000011,-0.8212560386473375,4.9853498,1.20918
2017-02-16,410.25,423.5,410.0,422.1,418.8017446172023,159118,3370,66638896.0,43002.0,27.03,13.5,11.85,TVS Motors,2.8007793472966336,13.5,2.8884826325411392,6.6638896,1.59118
2017-02-17,427.0,429.3,423.5,425.5,426.131638151054,105790,2027,45080466.0,23956.0,22.64,5.8,-1.5,TVS Motors,0.8054963278843807,5.800000000000011,-0.351288056206089,4.5080466,1.0579
2017-02-20,426.9,427.75,422.9,425.7,425.4951145077322,77986,1476,33182662.0,7033.0,9.02,4.85,-1.2,TVS Motors,0.04700352526438856,4.850000000000023,-0.28109627547434735,3.3182662,0.77986
2017-02-21,427.0,433.35,425.8,429.0,429.6357496223006,101271,2233,43509642.0,11375.0,11.23,7.55,2.0,TVS Motors,0.7751937984496138,7.550000000000011,0.468384074941452,4.3509642,1.01271
2017-02-22,428.0,432.7,424.9,426.95,428.0462176428896,94531,1771,40463637.0,8775.0,9.28,7.8,-1.05,TVS Motors,-0.4778554778554822,7.800000000000011,-0.24532710280374095,4.0463637,0.94531
2017-02-23,425.05,436.0,425.05,433.35,431.5218763641248,89343,1766,38553459.0,23126.0,25.88,10.95,8.3,TVS Motors,1.4990045672795382,10.949999999999989,1.9527114457122716,3.8553459,0.89343
2017-02-27,430.1,442.8,429.2,434.8,435.8108203219055,161973,2750,70589586.0,79470.0,49.06,13.6,4.7,TVS Motors,0.334602515287874,13.600000000000023,1.0927691234596577,7.0589586,1.61973
2017-02-28,437.85,440.0,427.0,428.45,432.8545552320243,76242,1593,33001697.0,12572.0,16.49,13.0,-9.4,TVS Motors,-1.4604415823367134,13.0,-2.146853945415104,3.3001697,0.76242
2017-03-01,436.4,436.4,422.7,424.85,425.59077455669774,75682,1448,32209561.0,19996.0,26.42,13.7,-11.55,TVS Motors,-0.8402380674524368,13.699999999999989,-2.6466544454628678,3.2209561,0.75682
2017-03-02,428.1,432.0,422.45,426.2,428.0591364547276,82335,1525,35244249.0,16103.0,19.56,9.55,-1.9,TVS Motors,0.31775920913261757,9.550000000000011,-0.44382153702406774,3.5244249,0.82335
2017-03-03,423.0,435.95,423.0,429.35,427.78615417859646,37022,802,15837499.0,7413.0,20.02,12.95,6.35,TVS Motors,0.7390896292820415,12.949999999999989,1.501182033096932,1.5837499,0.37022
2017-03-06,432.0,433.15,425.35,426.7,428.5587276610093,62279,1508,26690209.0,10610.0,17.04,7.8,-5.3,TVS Motors,-0.6172120647490509,7.7999999999999545,-1.2268518518518545,2.6690209,0.62279
2017-03-07,427.2,428.65,421.2,424.65,425.5788319690564,88936,1659,37849279.0,7318.0,8.23,7.45,-2.55,TVS Motors,-0.48043121631122787,7.449999999999989,-0.5969101123595533,3.7849279,0.88936
2017-03-08,425.2,425.2,414.0,417.7,418.9831450928116,109523,1397,45888291.0,49682.0,45.36,11.2,-7.5,TVS Motors,-1.6366419404215238,11.199999999999989,-1.7638758231420508,4.5888291,1.09523
2017-03-09,417.0,422.4,416.0,419.9,419.7148552666845,89544,1109,37582947.0,41333.0,46.16,6.4,2.9,TVS Motors,0.5266937993775311,6.399999999999977,0.6954436450839274,3.7582947,0.89544
2017-03-10,425.0,428.6,420.2,425.5,425.60295788363214,98584,1505,41957642.0,29669.0,30.1,8.4,0.5,TVS Motors,1.3336508692545879,8.400000000000034,0.1176470588235294,4.1957642,0.98584
2017-03-14,429.0,438.0,428.0,435.8,433.70891596860366,121288,2222,52603687.0,41861.0,34.51,10.0,6.8,TVS Motors,2.4206815511163438,10.0,1.5850815850815876,5.2603687,1.21288
2017-03-15,436.4,440.0,433.65,438.45,437.221983404462,96773,1972,42311283.0,12150.0,12.56,6.35,2.05,TVS Motors,0.6080770995869678,6.350000000000023,0.469752520623284,4.2311283,0.96773
2017-03-16,440.5,443.35,437.4,438.2,439.8056118396525,61691,1117,27132048.0,19345.0,31.36,5.95,-2.3,TVS Motors,-0.05701904436081762,5.9500000000000455,-0.5221339387060184,2.7132048,0.61691
2017-03-17,438.5,444.8,435.3,442.45,441.14191613356365,105358,1839,46477830.0,18166.0,17.24,9.5,3.95,TVS Motors,0.9698767685988097,9.5,0.9007981755986291,4.647783,1.05358
2017-03-20,442.45,442.45,437.95,439.75,439.4656600994292,48879,1467,21480642.0,12271.0,25.1,4.5,-2.7,TVS Motors,-0.6102384450220377,4.5,-0.6102384450220338,2.1480642,0.48879
2017-03-21,440.05,440.95,436.0,439.55,438.564193197548,40456,2597,17742553.0,14945.0,36.94,4.95,-0.5,TVS Motors,-0.04548038658328535,4.949999999999989,-0.11362345188046813,1.7742553,0.40456
2017-03-22,438.0,443.3,431.2,432.7,435.9086239754026,141153,4632,61529810.0,15597.0,11.05,12.1,-5.3,TVS Motors,-1.558412012285293,12.100000000000023,-1.2100456621004592,6.152981,1.41153
2017-03-23,430.05,431.5,421.8,427.4,426.34348475241853,97786,2217,41690424.0,14529.0,14.86,9.7,-2.65,TVS Motors,-1.2248671134735378,9.699999999999989,-0.616207417742131,4.1690424,0.97786
2017-03-24,429.5,430.85,425.0,427.95,428.0362971522644,63173,1721,27040337.0,20249.0,32.05,5.85,-1.55,TVS Motors,0.1286850725315869,5.850000000000023,-0.36088474970896656,2.7040337,0.63173
2017-03-27,431.9,431.9,426.2,428.9,428.37500651618626,76732,1328,32870071.0,32717.0,42.64,5.7,-3.0,TVS Motors,0.221988550064256,5.699999999999989,-0.694605232692753,3.2870071,0.76732
2017-03-28,430.75,434.35,430.35,432.3,431.83800374813694,67767,1060,29264366.0,19449.0,28.7,4.0,1.55,TVS Motors,0.7927255770576069,4.0,0.3598374927452145,2.9264366,0.67767
2017-03-29,434.0,437.15,425.0,430.8,432.3744824443813,151433,4256,65475765.0,15985.0,10.56,12.15,-3.2,TVS Motors,-0.3469812630117919,12.149999999999977,-0.7373271889400895,6.5475765,1.51433
2017-03-30,430.0,440.0,427.0,434.75,432.99027286390407,107123,1662,46383217.0,18257.0,17.04,13.0,4.75,TVS Motors,0.9168987929433658,13.0,1.1046511627906976,4.6383217,1.07123
2017-03-31,430.3,436.2,429.95,431.6,432.26718378581256,159860,2190,69102232.0,17165.0,10.74,6.25,1.3,TVS Motors,-0.7245543415756117,6.25,0.3021148036253803,6.9102232,1.5986
2017-04-03,430.0,436.45,430.0,435.2,434.3805270746556,24968,1454,10845613.0,5120.0,20.51,6.45,5.2,TVS Motors,0.8341056533827551,6.449999999999989,1.2093023255813926,1.0845613,0.24968
2017-04-05,438.0,452.9,438.0,450.45,447.2963770523576,144468,2720,64620013.0,28852.0,19.97,14.9,12.45,TVS Motors,3.504136029411775,14.899999999999977,2.842465753424655,6.4620013,1.44468
2017-04-06,451.75,452.2,447.5,449.7,449.9773238430397,37793,783,17005993.0,7612.0,20.14,4.7,-2.05,TVS Motors,-0.16650016650017196,4.699999999999989,-0.4537908135030463,1.7005993,0.37793
2017-04-07,440.05,474.4,440.05,468.5,464.798655783748,163069,3394,75794252.0,29140.0,17.87,34.35,28.45,TVS Motors,4.180564820991783,34.349999999999966,6.465174411998634,7.5794252,1.63069
2017-04-10,468.0,477.85,467.0,475.15,473.892046464108,90048,1659,42673031.0,16082.0,17.86,10.85,7.15,TVS Motors,1.419423692636057,10.850000000000023,1.5277777777777728,4.2673031,0.90048
2017-04-11,474.0,474.95,467.2,473.5,471.25751287372225,52044,1047,24526126.0,9320.0,17.91,7.75,-0.5,TVS Motors,-0.34725876039145565,7.75,-0.10548523206751054,2.4526126,0.52044
2017-04-12,473.0,476.25,461.7,474.5,471.38128658254146,71243,1341,33582617.0,6201.0,8.7,14.55,1.5,TVS Motors,0.21119324181626542,14.550000000000011,0.3171247357293869,3.3582617,0.71243
2017-04-13,472.05,476.85,468.95,474.0,472.1506863633196,28702,622,13551669.0,3414.0,11.89,7.9,1.95,TVS Motors,-0.10537407797681642,7.900000000000034,0.4130918334922124,1.3551669,0.28702
2017-04-17,471.7,474.0,467.2,471.95,470.5332647020976,31084,681,14626056.0,5261.0,16.93,6.8,0.25,TVS Motors,-0.43248945147679185,6.800000000000011,0.052999788000847994,1.4626056,0.31084
2017-04-18,473.55,479.75,466.05,468.85,473.1297656713736,183631,4326,86881292.0,49921.0,27.19,13.7,-4.7,TVS Motors,-0.656849242504498,13.699999999999989,-0.9925034315278194,8.6881292,1.83631
2017-04-19,469.65,475.35,468.8,470.85,471.80548011214296,45656,1095,21540751.0,5763.0,12.62,6.55,1.2,TVS Motors,0.4265756638583751,6.550000000000011,0.2555094219099426,2.1540751,0.45656
2017-04-20,472.65,492.25,472.15,489.45,485.0288555907707,159969,3193,77589581.0,20187.0,12.62,20.1,16.8,TVS Motors,3.950302644154191,20.100000000000023,3.554427165979057,7.7589581,1.59969
2017-04-21,497.7,505.0,481.25,482.95,490.92978957986344,127887,2919,62783538.0,22540.0,17.62,23.75,-14.75,TVS Motors,-1.3280212483399723,23.75,-2.9636327104681537,6.2783538,1.27887
2017-04-24,485.6,489.0,480.95,485.45,485.443661971831,58362,1081,28331463.0,9106.0,15.6,8.05,-0.15,TVS Motors,0.5176519308417005,8.050000000000011,-0.030889621087321687,2.8331463,0.58362
2017-04-25,487.1,490.7,486.45,488.95,488.63495128587726,34179,775,16701054.0,8133.0,23.8,4.25,1.85,TVS Motors,0.7209805335256059,4.25,0.37979880927940174,1.6701054,0.34179
2017-04-26,494.7,504.85,492.05,502.25,499.00832317312984,203408,3975,101502285.0,42510.0,20.9,12.8,7.55,TVS Motors,2.7201145311381625,12.800000000000011,1.5261774813018014,10.1502285,2.03408
2017-04-27,502.25,518.95,484.45,503.05,499.04028011595415,687858,12880,343268849.0,33229.0,4.83,34.5,0.8,TVS Motors,0.15928322548532936,34.50000000000006,0.15928322548531834,34.3268849,6.87858
2017-04-28,494.9,502.0,490.45,495.6,496.13070496354527,154164,2667,76485494.0,30769.0,19.96,11.55,0.7,TVS Motors,-1.4809661067488267,11.550000000000011,0.14144271570015063,7.6485494,1.54164
2017-05-02,494.5,499.3,491.0,494.7,495.3551356993737,47900,1191,23727511.0,9624.0,20.09,8.3,0.2,TVS Motors,-0.1815980629540026,8.300000000000011,0.04044489383215139,2.3727511,0.479
2017-05-03,503.0,505.6,496.45,499.15,500.3221339950372,80600,1758,40325964.0,13748.0,17.06,9.15,-3.85,TVS Motors,0.8995350717606598,9.150000000000034,-0.7654075546719727,4.0325964,0.806
2017-05-04,496.55,502.75,492.5,496.95,498.6282510494616,87664,1571,43711747.0,13750.0,15.68,10.25,0.4,TVS Motors,-0.4407492737653951,10.25,0.08055583526331231,4.3711747,0.87664
2017-05-05,496.95,500.95,490.3,492.7,496.59271188000366,76069,1765,37775311.0,9892.0,13.0,10.65,-4.25,TVS Motors,-0.8552168226179657,10.649999999999977,-0.8552168226179697,3.7775311,0.76069
2017-05-08,491.0,502.05,491.0,500.8,499.9821542383684,76881,1519,38439128.0,7585.0,9.87,11.05,9.8,TVS Motors,1.6440024355591776,11.050000000000011,1.9959266802444013,3.8439128,0.76881
2017-05-09,501.45,502.25,497.0,499.3,499.62716354645,22648,532,11315556.0,4549.0,20.09,5.25,-2.15,TVS Motors,-0.29952076677316475,5.25,-0.42875660584305064,1.1315556,0.22648
2017-05-10,499.0,501.85,493.15,497.05,498.89154045343616,53679,1039,26779999.0,6694.0,12.47,8.7,-1.95,TVS Motors,-0.4506308832365358,8.700000000000045,-0.39078156312625023,2.6779999,0.53679
2017-05-11,495.0,504.0,495.0,499.25,499.93372752368873,53612,961,26802447.0,13194.0,24.61,9.0,4.25,TVS Motors,0.442611407303084,9.0,0.8585858585858586,2.6802447,0.53612
2017-05-12,505.5,517.9,498.75,515.9,510.6541062963025,179931,2835,91882504.0,28900.0,16.06,19.15,10.4,TVS Motors,3.335002503755624,19.149999999999977,2.057368941641934,9.1882504,1.79931
2017-05-15,518.0,525.8,518.0,524.65,522.4184931106228,119677,1956,62521478.0,21609.0,18.06,7.8,6.65,TVS Motors,1.6960651289009476,7.7999999999999545,1.2837837837837793,6.2521478,1.19677
2017-05-16,524.85,536.95,524.85,532.8,531.3429220055425,97789,1481,51959493.0,18366.0,18.78,12.1,7.95,TVS Motors,1.5534165634232266,12.100000000000023,1.5147184909974147,5.1959493,0.97789
2017-05-17,524.05,534.3,524.05,532.75,531.5921583952065,46062,906,24486198.0,12649.0,27.46,10.25,8.7,TVS Motors,-0.00938438438438105,10.25,1.6601469325446132,2.4486198,0.46062
2017-05-18,531.9,533.0,525.55,529.65,529.3908506131332,51457,1042,27240865.0,9787.0,19.02,7.45,-2.25,TVS Motors,-0.5818864382918898,7.4500000000000455,-0.4230118443316413,2.7240865,0.51457
2017-05-19,535.0,535.0,520.0,525.1,527.3701571619225,50203,1068,26475564.0,10678.0,21.27,15.0,-9.9,TVS Motors,-0.8590578684036565,15.0,-1.850467289719622,2.6475564,0.50203
2017-05-22,534.0,534.0,523.3,526.55,526.8136612021858,23790,646,12532897.0,4261.0,17.91,10.7,-7.45,TVS Motors,0.27613787849931626,10.700000000000045,-1.3951310861423305,1.2532897,0.2379
2017-05-23,526.0,529.6,517.7,525.15,523.4661044314016,52647,1370,27558920.0,10296.0,19.56,11.9,-0.85,TVS Motors,-0.2658816826512145,11.899999999999977,-0.16159695817490927,2.755892,0.52647
2017-05-24,522.15,529.25,519.75,523.6,525.178459166123,50583,1361,26565102.0,7412.0,14.65,9.5,1.45,TVS Motors,-0.2951537655907721,9.5,0.277697979507813,2.6565102,0.50583
2017-05-25,538.0,544.75,528.0,541.95,537.0635715527734,86265,1799,46329789.0,17634.0,20.44,16.75,3.95,TVS Motors,3.504583651642479,16.75,0.7342007434944322,4.6329789,0.86265
2017-05-26,545.0,549.0,533.0,534.0,540.1905554207541,86547,2070,46751872.0,20918.0,24.17,16.0,-11.0,TVS Motors,-1.466924993080554,16.0,-2.0183486238532113,4.6751872,0.86547
2017-05-29,534.0,541.0,528.0,533.9,534.713530265924,46141,1080,24672217.0,3515.0,7.62,13.0,-0.1,TVS Motors,-0.01872659176029856,13.0,-0.018726591760303883,2.4672217,0.46141
2017-05-30,532.55,544.0,529.4,540.45,537.0457537372378,34183,733,18357835.0,6481.0,18.96,14.6,7.9,TVS Motors,1.2268215021539852,14.600000000000023,1.4834287860294981,1.8357835,0.34183
2017-05-31,540.35,544.75,535.5,538.1,539.7611590526867,36271,759,19577677.0,8746.0,24.11,9.25,-2.25,TVS Motors,-0.4348228328244996,9.25,-0.41639677986490237,1.9577677,0.36271
2017-06-01,538.2,540.9,531.0,534.95,535.8210516091433,30886,932,16549369.0,6250.0,20.24,9.9,-3.25,TVS Motors,-0.5853930496190207,9.899999999999977,-0.6038647342995168,1.6549369,0.30886
2017-06-02,553.0,565.0,538.55,541.55,552.9791416199695,392600,7758,217099611.0,48263.0,12.29,26.45,-11.45,TVS Motors,1.2337601645013407,26.450000000000045,-2.0705244122965727,21.7099611,3.926
2017-06-05,541.9,546.35,535.05,542.15,541.0830670109682,78226,1664,42326764.0,8394.0,10.73,11.3,0.25,TVS Motors,0.11079309389714354,11.300000000000068,0.046133973057759736,4.2326764,0.78226
2017-06-06,545.5,545.5,532.5,536.1,536.1282207013887,1565808,1389,839473857.0,16506.0,1.05,13.0,-9.4,TVS Motors,-1.1159273263856795,13.0,-1.7231897341888136,83.9473857,15.65808
2017-06-07,536.85,538.2,533.9,536.15,536.4341535760768,33039,624,17723248.0,8721.0,26.4,4.3,-0.7,TVS Motors,0.00932661816823721,4.300000000000068,-0.13039023935923358,1.7723248,0.33039
2017-06-08,535.0,546.0,535.0,543.75,540.7881123198433,46973,973,25402440.0,9870.0,21.01,11.0,8.75,TVS Motors,1.417513755478872,11.0,1.6355140186915886,2.540244,0.46973
2017-06-09,548.0,553.5,540.0,551.65,549.087207542274,92492,2083,50786174.0,18198.0,19.68,13.5,3.65,TVS Motors,1.4528735632183931,13.5,0.6660583941605798,5.0786174,0.92492
2017-06-12,558.0,558.0,549.15,552.25,554.0137933760177,50604,1164,28035314.0,12314.0,24.33,8.85,-5.75,TVS Motors,0.10876461524518266,8.850000000000023,-1.0304659498207887,2.8035314,0.50604
2017-06-13,560.0,562.5,552.6,555.75,558.516222409842,91201,1962,50937238.0,11992.0,13.15,9.9,-4.25,TVS Motors,0.6337709370755951,9.899999999999977,-0.7589285714285714,5.0937238,0.91201
2017-06-14,555.0,555.0,544.15,545.8,546.8109903967407,61854,1497,33822447.0,7706.0,12.46,10.85,-9.2,TVS Motors,-1.7903733693207413,10.850000000000023,-1.6576576576576656,3.3822447,0.61854
2017-06-15,546.1,546.85,540.0,542.0,542.6891249603922,59963,1357,32541268.0,15146.0,25.26,6.85,-4.1,TVS Motors,-0.6962257237083103,6.850000000000023,-0.7507782457425421,3.2541268,0.59963
2017-06-16,552.0,552.0,541.45,550.2,548.4197165124652,43882,1032,24065754.0,10320.0,23.52,10.55,-1.8,TVS Motors,1.5129151291513043,10.549999999999955,-0.32608695652173086,2.4065754,0.43882
2017-06-19,550.0,556.75,549.1,551.05,552.7360993598442,62641,1371,34623942.0,12130.0,19.36,7.65,1.05,TVS Motors,0.15448927662666812,7.649999999999977,0.19090909090908265,3.4623942,0.62641
2017-06-20,551.0,554.0,547.0,549.2,550.1810156839722,47692,1169,26239233.0,8333.0,17.47,7.0,-1.8,TVS Motors,-0.3357227111877137,7.0,-0.32667876588020955,2.6239233,0.47692
2017-06-21,555.0,555.0,543.35,544.95,545.4263859474273,40135,1077,21890688.0,6309.0,15.72,11.65,-10.05,TVS Motors,-0.7738528769118735,11.649999999999977,-1.8108108108108028,2.1890688,0.40135
2017-06-22,546.0,549.35,540.3,542.1,544.7395737281661,37957,861,20676680.0,6588.0,17.36,9.05,-3.9,TVS Motors,-0.5229837599779796,9.050000000000068,-0.7142857142857101,2.067668,0.37957
2017-06-23,543.0,543.8,531.25,536.55,535.9697828404691,35642,968,19103035.0,5960.0,16.72,12.55,-6.45,TVS Motors,-1.0237963475373646,12.549999999999955,-1.1878453038674117,1.9103035,0.35642
2017-06-27,537.0,539.15,524.7,533.1,530.1923751025068,62191,2569,32973194.0,15687.0,25.22,14.45,-3.9,TVS Motors,-0.6429969247973011,14.449999999999932,-0.7262569832402193,3.2973194,0.62191
2017-06-28,533.9,537.75,530.0,535.35,534.4316569282137,28752,699,15365979.0,5931.0,20.63,7.75,1.45,TVS Motors,0.42205965109736177,7.75,0.2715864394081374,1.5365979,0.28752
2017-06-29,536.5,547.0,536.5,544.6,542.7643790450605,32756,991,17778790.0,7435.0,22.7,10.5,8.1,TVS Motors,1.7278415989539608,10.5,1.5097856477166864,1.777879,0.32756
2017-06-30,545.9,550.75,542.0,549.45,548.1511452475655,51037,1252,27975990.0,3920.0,7.68,8.75,3.55,TVS Motors,0.8905618802791171,8.75,0.650302253159932,2.797599,0.51037
2017-07-03,549.45,557.6,547.4,552.1,551.715392214562,95152,2853,52496823.0,8106.0,8.52,10.2,2.65,TVS Motors,0.4823004823004684,10.200000000000045,0.4823004823004781,5.2496823,0.95152
2017-07-04,555.0,555.0,547.25,550.55,550.2883277962349,22575,591,12422759.0,4041.0,17.9,7.75,-4.45,TVS Motors,-0.28074624162290895,7.75,-0.8018018018018099,1.2422759,0.22575
2017-07-05,558.95,558.95,544.1,547.35,547.5951916181978,50204,933,27491469.0,18282.0,36.42,14.85,-11.6,TVS Motors,-0.5812369448732979,14.850000000000023,-2.075319796046162,2.7491469,0.50204
2017-07-06,547.85,557.0,547.85,553.7,553.5712592322421,32901,903,18213048.0,8119.0,24.68,9.15,5.85,TVS Motors,1.1601351968575813,9.149999999999977,1.067810532079953,1.8213048,0.32901
2017-07-07,551.6,574.85,551.6,572.1,566.454394091404,93694,2305,53073378.0,23267.0,24.83,23.25,20.5,TVS Motors,3.3230991511648877,23.25,3.716461203770848,5.3073378,0.93694
2017-07-10,585.0,585.0,567.35,569.45,573.5284556748143,416648,14334,238959484.0,167189.0,40.13,17.65,-15.55,TVS Motors,-0.4632057332634165,17.649999999999977,-2.65811965811965,23.8959484,4.16648
2017-07-11,571.8,576.5,564.55,566.0,569.5349959958816,43705,991,24891527.0,10841.0,24.8,11.95,-5.8,TVS Motors,-0.6058477478268598,11.950000000000045,-1.0143406785589288,2.4891527,0.43705
2017-07-12,568.6,570.8,561.75,564.25,564.9764761290961,40342,751,22792281.0,12755.0,31.62,9.05,-4.35,TVS Motors,-0.30918727915194566,9.049999999999955,-0.7650369328174503,2.2792281,0.40342
2017-07-13,568.0,572.95,566.0,571.5,569.4309261921129,64004,1294,36445857.0,7736.0,12.09,6.95,3.5,TVS Motors,1.2848914488258645,6.9500000000000455,0.6161971830985915,3.6445857,0.64004
2017-07-14,571.5,572.45,563.6,569.4,567.8861565459986,44447,859,25240836.0,10490.0,23.6,8.85,-2.1,TVS Motors,-0.3674540682414684,8.850000000000023,-0.3674540682414738,2.5240836,0.44447
2017-07-17,570.05,576.35,567.0,572.1,572.8447294250282,35480,907,20324531.0,9165.0,25.83,9.35,2.05,TVS Motors,0.474183350895685,9.350000000000023,0.35961757740550276,2.0324531,0.3548
2017-07-18,572.05,579.95,567.0,571.5,573.4250786022852,78242,1689,44865925.0,18301.0,23.39,12.95,-0.55,TVS Motors,-0.10487676979549221,12.950000000000045,-0.09614544183199975,4.4865925,0.78242
2017-07-19,576.0,576.0,565.95,573.65,573.2051749075908,18667,521,10700021.0,4863.0,26.05,10.05,-2.35,TVS Motors,0.3762029746281703,10.049999999999955,-0.40798611111111505,1.0700021,0.18667
2017-07-20,573.6,575.6,570.1,572.4,573.125650260104,19992,588,11457928.0,4234.0,21.18,5.5,-1.2,TVS Motors,-0.2179029024666601,5.5,-0.20920502092051002,1.1457928,0.19992
2017-07-21,571.9,575.7,565.7,570.65,570.5325399613561,22772,759,12992167.0,5271.0,23.15,10.0,-1.25,TVS Motors,-0.3057302585604438,10.0,-0.2185696800139885,1.2992167,0.22772
2017-07-24,574.0,580.15,571.95,576.95,575.8476881825911,30582,972,17610574.0,8498.0,27.79,8.2,2.95,TVS Motors,1.1040042057303134,8.199999999999932,0.513937282229973,1.7610574,0.30582
2017-07-25,578.0,579.15,568.25,570.3,574.3535332959889,58911,979,33835741.0,31380.0,53.27,10.9,-7.7,TVS Motors,-1.1526128780657063,10.899999999999977,-1.3321799307958557,3.3835741,0.58911
2017-07-26,576.0,576.0,569.05,570.9,570.9202213321221,24217,606,13825975.0,5192.0,21.44,6.95,-5.1,TVS Motors,0.10520778537612685,6.9500000000000455,-0.8854166666666706,1.3825975,0.24217
2017-07-27,571.1,577.95,567.05,573.55,573.5412979762737,35825,971,20547117.0,6456.0,18.02,10.9,2.45,TVS Motors,0.4641793659134752,10.900000000000091,0.4289966730870131,2.0547117,0.35825
2017-07-28,573.9,585.0,569.9,582.55,580.168106272711,50361,1522,29217846.0,11498.0,22.83,15.1,8.65,TVS Motors,1.5691744398919072,15.100000000000023,1.5072312249520783,2.9217846,0.50361
2017-07-31,584.9,586.0,579.6,582.15,583.5064964347115,35481,748,20703394.0,7857.0,22.14,6.4,-2.75,TVS Motors,-0.06866363402282527,6.399999999999977,-0.4701658403145837,2.0703394,0.35481
2017-08-01,585.0,599.1,582.9,596.6,593.6994463319492,95364,2163,56617554.0,12579.0,13.19,16.2,11.6,TVS Motors,2.4821781327836634,16.200000000000045,1.982905982905987,5.6617554,0.95364
2017-08-02,594.4,595.0,586.6,590.65,589.8486504016365,40086,1083,23644673.0,9489.0,23.67,8.4,-3.75,TVS Motors,-0.9973181361045969,8.399999999999977,-0.6308882907133243,2.3644673,0.40086
2017-08-03,591.0,596.25,582.35,586.6,589.0455120601029,25290,700,14896961.0,4467.0,17.66,13.9,-4.4,TVS Motors,-0.6856852619994802,13.899999999999977,-0.7445008460236848,1.4896961,0.2529
2017-08-04,586.7,603.0,586.0,599.0,597.313078996814,61205,1676,36558547.0,10285.0,16.8,17.0,12.3,TVS Motors,2.113876576883733,17.0,2.0964717913754822,3.6558547,0.61205
2017-08-07,608.0,608.0,598.55,602.6,603.278036244406,22569,618,13615382.0,6478.0,28.7,9.45,-5.4,TVS Motors,0.601001669449075,9.450000000000045,-0.8881578947368385,1.3615382,0.22569
2017-08-08,603.6,610.0,594.25,595.5,600.1154920525054,40453,960,24276472.0,8569.0,21.18,15.75,-8.1,TVS Motors,-1.1782276800531122,15.75,-1.3419483101391687,2.4276472,0.40453
2017-08-09,590.4,599.55,588.4,589.95,593.7340562223824,31909,678,18945460.0,5458.0,17.1,11.15,-0.45,TVS Motors,-0.9319899244332408,11.149999999999977,-0.07621951219511039,1.894546,0.31909
2017-08-10,590.0,591.0,571.95,578.3,580.6109129771726,83277,1948,48351535.0,15165.0,18.21,19.05,-11.7,TVS Motors,-1.974743622340891,19.049999999999955,-1.9830508474576347,4.8351535,0.83277
2017-08-11,579.0,579.0,528.2,536.4,548.638821524092,288644,6263,158361304.0,25234.0,8.74,50.8,-42.6,TVS Motors,-7.245374373162717,50.799999999999955,-7.35751295336788,15.8361304,2.88644
2017-08-14,536.0,558.7,535.0,553.75,550.2774459420149,103130,2268,56750113.0,17188.0,16.67,23.7,17.75,TVS Motors,3.234526472781507,23.700000000000045,3.3115671641791042,5.6750113,1.0313
2017-08-16,559.0,589.6,557.9,585.75,577.8583808515724,146435,3268,84618692.0,24389.0,16.66,31.7,26.75,TVS Motors,5.778781038374725,31.700000000000045,4.785330948121646,8.4618692,1.46435
2017-08-17,587.0,592.0,577.25,581.0,581.6872649342171,70459,1409,40985103.0,11510.0,16.34,14.75,-6.0,TVS Motors,-0.8109261630388387,14.75,-1.0221465076660987,4.0985103,0.70459
2017-08-18,571.0,586.8,571.0,583.8,580.7892735461484,111239,4174,64606418.0,26813.0,24.1,15.8,12.8,TVS Motors,0.48192771084336616,15.799999999999955,2.2416812609457013,6.4606418,1.11239
2017-08-21,587.0,588.3,571.3,575.15,581.3093253276865,111921,10113,65060721.0,22288.0,19.91,17.0,-11.85,TVS Motors,-1.4816718054128097,17.0,-2.018739352640549,6.5060721,1.11921
2017-08-22,580.0,584.9,572.1,582.25,577.9490612893612,50335,2507,29091066.0,10700.0,21.26,12.8,2.25,TVS Motors,1.23446057550205,12.799999999999955,0.3879310344827586,2.9091066,0.50335
2017-08-23,585.0,587.0,575.75,584.25,582.2372559848249,41647,857,24248435.0,4748.0,11.4,11.25,-0.75,TVS Motors,0.3434950622584809,11.25,-0.1282051282051282,2.4248435,0.41647
2017-08-24,584.0,597.0,578.5,593.4,587.1719010347387,71419,1436,41935230.0,13302.0,18.63,18.5,9.4,TVS Motors,1.5661103979460744,18.5,1.6095890410958866,4.193523,0.71419
2017-08-28,593.4,608.0,592.8,603.95,602.0665877867613,106491,1719,64114673.0,43724.0,41.06,15.2,10.55,TVS Motors,1.777890124705106,15.200000000000045,1.7778901247051009,6.4114673,1.06491
2017-08-29,600.85,602.1,592.1,594.75,596.4822816246962,37447,911,22336472.0,8529.0,22.78,10.0,-6.1,TVS Motors,-1.523304909346812,10.0,-1.0152284263959428,2.2336472,0.37447
2017-08-30,598.05,614.0,597.5,611.5,607.7664015209763,71533,1650,43475354.0,19716.0,27.56,16.5,13.45,TVS Motors,2.816309373686421,16.5,2.2489758381406313,4.3475354,0.71533
2017-08-31,614.7,614.7,602.35,604.2,605.3069776616522,309244,1704,187187551.0,238798.0,77.22,12.35,-10.5,TVS Motors,-1.1937857726901036,12.350000000000023,-1.7081503172279158,18.7187551,3.09244
2017-09-01,607.9,611.85,606.7,608.55,609.2505539663994,49642,1049,30244416.0,12714.0,25.61,5.15,0.65,TVS Motors,0.7199602780536107,5.149999999999977,0.10692548116466151,3.0244416,0.49642
2017-09-04,620.0,625.0,605.75,613.8,615.0104357303791,122943,2521,75611228.0,18764.0,15.26,19.25,-6.2,TVS Motors,0.8627064333251111,19.25,-1.0000000000000073,7.5611228,1.22943
2017-09-05,614.0,617.0,610.0,612.65,612.6716221238639,29597,712,18133242.0,7039.0,23.78,7.0,-1.35,TVS Motors,-0.18735744542195398,7.0,-0.2198697068403946,1.8133242,0.29597
2017-09-06,612.75,621.95,606.8,618.75,619.093286407535,397507,1172,246093915.0,356797.0,89.76,15.15,6.0,TVS Motors,0.9956745286868518,15.150000000000091,0.9791921664626682,24.6093915,3.97507
2017-09-07,620.0,639.5,618.4,632.5,632.595322698285,106942,2393,67651009.0,13866.0,12.97,21.1,12.5,TVS Motors,2.2222222222222143,21.100000000000023,2.0161290322580645,6.7651009,1.06942
2017-09-08,630.05,640.9,630.05,635.4,635.1749780686956,44457,1018,28237974.0,11689.0,26.29,10.85,5.35,TVS Motors,0.4584980237154035,10.850000000000023,0.8491389572256206,2.8237974,0.44457
2017-09-11,638.0,647.55,636.4,639.3,642.4809837251356,69125,1418,44411498.0,13866.0,20.06,11.15,1.3,TVS Motors,0.6137865911236995,11.149999999999977,0.20376175548588632,4.4411498,0.69125
2017-09-12,641.0,648.0,639.3,641.3,642.6922823687175,331099,1082,212794772.0,308643.0,93.22,8.7,0.3,TVS Motors,0.31284217112466095,8.700000000000045,0.046801872074875905,21.2794772,3.31099
2017-09-13,641.5,648.5,636.5,638.0,642.0471727574229,573191,910,368015661.0,10859.0,1.89,12.0,-3.5,TVS Motors,-0.5145797598627766,12.0,-0.5455962587685114,36.8015661,5.73191
2017-09-14,642.5,643.25,636.0,641.05,640.6026846382117,36057,832,23098211.0,11509.0,31.92,7.25,-1.45,TVS Motors,0.47805642633227396,7.25,-0.22568093385214716,2.3098211,0.36057
2017-09-15,639.5,653.05,638.0,649.95,645.1973379966968,51465,1320,33205081.0,11124.0,21.61,15.05,10.45,TVS Motors,1.3883472428047883,15.049999999999955,1.634089132134487,3.3205081,0.51465
2017-09-18,660.0,665.75,655.0,663.65,660.5572789913502,68210,1335,45056612.0,14485.0,21.24,10.75,3.65,TVS Motors,2.107854450342317,10.75,0.5530303030302995,4.5056612,0.6821
2017-09-19,663.65,666.35,657.5,659.35,660.0342182744885,40417,802,26676603.0,8095.0,20.03,8.85,-4.3,TVS Motors,-0.6479318918104382,8.850000000000023,-0.6479318918104354,2.6676603,0.40417
2017-09-20,659.25,662.6,652.9,655.2,656.5195504861316,23759,461,15598248.0,4187.0,17.62,9.7,-4.05,TVS Motors,-0.6294077500568762,9.700000000000045,-0.6143344709897542,1.5598248,0.23759
2017-09-21,655.35,659.85,649.2,650.4,651.9771711243912,195279,1311,127317450.0,148032.0,75.81,10.65,-4.95,TVS Motors,-0.7326007326007411,10.649999999999977,-0.7553215838864799,12.731745,1.95279
2017-09-22,649.9,649.9,628.95,634.25,635.8131192581781,58235,1351,37026577.0,7851.0,13.48,20.95,-15.65,TVS Motors,-2.4830873308733015,20.949999999999932,-2.4080627788890565,3.7026577,0.58235
2017-09-25,638.0,644.95,620.75,641.9,634.6621239244673,69268,1506,43961776.0,14232.0,20.55,24.2,3.9,TVS Motors,1.206148994875833,24.200000000000045,0.6112852664576767,4.3961776,0.69268
2017-09-26,648.15,651.45,642.0,647.85,647.2576973993253,46834,993,30313667.0,9491.0,20.27,9.45,-0.3,TVS Motors,0.9269356597600975,9.450000000000045,-0.04628558204118716,3.0313667,0.46834
2017-09-27,652.0,661.5,639.8,644.6,651.375790969802,102722,1933,66910624.0,18623.0,18.13,21.7,-7.4,TVS Motors,-0.5016593347225484,21.700000000000045,-1.1349693251533708,6.6910624,1.02722
2017-09-28,646.0,646.0,631.15,644.0,640.2911271323048,56453,1261,36146355.0,7089.0,12.56,14.85,-2.0,TVS Motors,-0.09308098045299751,14.850000000000023,-0.30959752321981426,3.6146355,0.56453
2017-09-29,647.3,661.0,645.0,658.5,658.2056482427109,707937,1423,465968132.0,13679.0,1.93,16.0,11.2,TVS Motors,2.2515527950310643,16.0,1.7302641742623277,46.5968132,7.07937
2017-10-03,664.3,671.85,649.25,654.65,662.0166176021106,124326,2179,82305878.0,11854.0,9.53,22.6,-9.65,TVS Motors,-0.5846621108580141,22.600000000000023,-1.4526569321089837,8.2305878,1.24326
2017-10-04,669.0,669.0,651.95,653.8,654.3219252134362,26823,557,17550877.0,8220.0,30.65,17.05,-15.2,TVS Motors,-0.12984037271824844,17.049999999999955,-2.272047832585956,1.7550877,0.26823
2017-10-05,655.0,658.45,650.15,655.05,654.5387368959346,23466,540,15359406.0,4145.0,17.66,8.3,0.05,TVS Motors,0.19118996635056895,8.300000000000068,0.007633587786252599,1.5359406,0.23466
2017-10-06,653.35,666.25,652.75,659.65,661.412884064849,65321,1007,43204151.0,16791.0,25.71,13.5,6.3,TVS Motors,0.7022364704984296,13.5,0.9642611157878557,4.3204151,0.65321
2017-10-09,660.0,678.0,660.0,675.85,671.4346254756484,57553,1224,38643077.0,11786.0,20.48,18.0,15.85,TVS Motors,2.4558477980747506,18.0,2.401515151515155,3.8643077,0.57553
2017-10-10,678.0,690.35,678.0,685.8,686.5475555250538,116569,2332,80030162.0,23934.0,20.53,12.35,7.8,TVS Motors,1.4722201671968582,12.350000000000023,1.1504424778760993,8.0030162,1.16569
2017-10-11,692.5,692.5,680.0,683.15,685.9722074833044,54655,1106,37491811.0,15830.0,28.96,12.5,-9.35,TVS Motors,-0.3864100320793207,12.5,-1.3501805054151657,3.7491811,0.54655
2017-10-12,680.0,712.05,676.0,696.45,692.300382635118,71086,1280,49212865.0,12637.0,17.78,36.05,16.45,TVS Motors,1.9468637927248844,36.049999999999955,2.4191176470588305,4.9212865,0.71086
2017-10-13,695.75,702.35,693.9,699.0,699.8727405045744,288560,1074,201955278.0,251679.0,87.22,8.45,3.25,TVS Motors,0.36614258022829027,8.450000000000045,0.46712181099532885,20.1955278,2.8856
2017-10-16,700.65,703.05,697.5,700.4,700.0048392219876,53521,1133,37464959.0,12459.0,23.28,5.55,-0.25,TVS Motors,0.20028612303291116,5.5499999999999545,-0.035681153214871905,3.7464959,0.53521
2017-10-17,701.0,702.0,687.6,689.1,693.2966852307339,78467,9972,54400911.0,36755.0,46.84,14.4,-11.9,TVS Motors,-1.6133637921187827,14.399999999999977,-1.6975748930099825,5.4400911,0.78467
2017-10-18,690.75,697.15,687.55,690.05,692.5626462646264,22220,523,15388742.0,5864.0,26.39,9.6,-0.7,TVS Motors,0.1378609780873452,9.600000000000023,-0.10133912414043367,1.5388742,0.2222
2017-10-19,690.05,691.45,680.0,685.9,686.7804493910122,9524,321,6540897.0,4440.0,46.62,11.45,-4.15,TVS Motors,-0.6014056952394764,11.450000000000045,-0.6014056952394722,0.6540897,0.09524
2017-10-23,684.15,691.2,682.3,685.6,686.4653926206244,26425,603,18139848.0,5138.0,19.44,8.9,1.45,TVS Motors,-0.04373815424988381,8.900000000000091,0.21194182562304253,1.8139848,0.26425
2017-10-24,686.0,696.0,684.5,693.85,693.1664637520753,36140,660,25051036.0,6436.0,17.81,11.5,7.85,TVS Motors,1.2033255542590382,11.5,1.144314868804668,2.5051036,0.3614
2017-10-25,699.8,699.8,689.55,693.4,693.1693196845765,20417,506,14152438.0,5567.0,27.27,10.25,-6.4,TVS Motors,-0.06485551632198217,10.25,-0.914547013432406,1.4152438,0.20417
2017-10-26,690.0,725.0,686.0,720.6,709.5054282604449,71662,1758,50844578.0,18615.0,25.98,39.0,30.6,TVS Motors,3.9226997404095743,39.0,4.434782608695655,5.0844578,0.71662
2017-10-27,721.0,722.6,711.9,718.05,717.4083866288653,45501,974,32642799.0,7307.0,16.06,10.7,-2.95,TVS Motors,-0.3538717735220742,10.700000000000045,-0.4091539528432796,3.2642799,0.45501
2017-10-30,722.0,728.65,718.45,722.7,724.3020104086862,37853,694,27417004.0,14435.0,38.13,10.2,0.7,TVS Motors,0.6475872153749895,10.199999999999932,0.09695290858726392,2.7417004,0.37853
2017-10-31,722.0,732.2,719.85,725.3,724.862874364287,26545,648,19241485.0,9134.0,34.41,12.35,3.3,TVS Motors,0.3597620035975968,12.350000000000023,0.45706371191135103,1.9241485,0.26545
2017-11-01,730.9,730.9,704.6,709.0,717.5900417010973,260185,5225,186706165.0,47947.0,18.43,26.3,-21.9,TVS Motors,-2.247345925823796,26.299999999999955,-2.9963059242030345,18.6706165,2.60185
2017-11-02,715.0,718.6,703.55,708.2,711.6751867403691,117409,3139,83557072.0,23658.0,20.15,15.05,-6.8,TVS Motors,-0.11283497884343463,15.050000000000068,-0.9510489510489446,8.3557072,1.17409
2017-11-03,710.15,710.15,688.25,694.9,695.6695488317001,92870,1921,64606831.0,28489.0,30.68,21.9,-15.25,TVS Motors,-1.87800056481221,21.899999999999977,-2.147433640780117,6.4606831,0.9287
2017-11-06,695.0,708.9,690.1,706.3,703.305087916199,53460,1613,37598690.0,15321.0,28.66,18.8,11.3,TVS Motors,1.640523816376449,18.799999999999955,1.625899280575533,3.759869,0.5346
2017-11-07,709.9,717.8,699.75,707.85,709.7916463287079,71705,1673,50895610.0,25492.0,35.55,18.05,-2.05,TVS Motors,0.21945349001841752,18.049999999999955,-0.2887730666290963,5.089561,0.71705
2017-11-08,715.0,715.0,691.05,694.4,697.9303891059171,45309,1142,31622528.0,10403.0,22.96,23.95,-20.6,TVS Motors,-1.9001200819382724,23.950000000000045,-2.8811188811188844,3.1622528,0.45309
2017-11-09,691.05,698.75,681.05,694.5,691.1494462093242,58235,1336,40249088.0,16254.0,27.91,17.7,3.45,TVS Motors,0.014400921658985766,17.700000000000045,0.4992402865205189,4.0249088,0.58235
2017-11-10,688.0,711.85,675.0,707.9,701.3852030007727,80246,1912,56283357.0,17324.0,21.59,36.85,19.9,TVS Motors,1.9294456443484487,36.85000000000002,2.8924418604651128,5.6283357,0.80246
2017-11-13,703.0,714.9,694.55,699.65,706.25972357163,31907,743,22534629.0,6925.0,21.7,20.35,-3.35,TVS Motors,-1.1654188444695568,20.350000000000023,-0.4765291607396903,2.2534629,0.31907
2017-11-14,695.05,708.6,695.05,701.0,701.7646187068636,23617,601,16573575.0,5547.0,23.49,13.55,5.95,TVS Motors,0.1929536196669801,13.550000000000068,0.8560535213294075,1.6573575,0.23617
2017-11-15,701.0,702.0,691.55,696.1,695.9201636254999,43514,780,30282270.0,10297.0,23.66,10.45,-4.9,TVS Motors,-0.6990014265335187,10.450000000000045,-0.6990014265335203,3.028227,0.43514
2017-11-16,689.0,708.8,689.0,705.3,702.3628318584072,28250,606,19841750.0,6833.0,24.19,19.8,16.3,TVS Motors,1.3216491883349946,19.799999999999955,2.3657474600870763,1.984175,0.2825
2017-11-17,701.0,722.55,701.0,708.6,715.9359843248828,74513,1497,53346538.0,20734.0,27.83,21.55,7.6,TVS Motors,0.4678860059549317,21.549999999999955,1.0841654778887335,5.3346538,0.74513
2017-11-20,702.05,714.2,702.05,708.7,709.7247412353923,29950,631,21256256.0,6754.0,22.55,12.15,6.65,TVS Motors,0.014112334180071961,12.150000000000091,0.9472259810554934,2.1256256,0.2995
2017-11-21,704.05,713.4,699.75,708.3,706.9412586327306,25774,1100,18220704.0,7267.0,28.2,13.65,4.25,TVS Motors,-0.05644137152533979,13.649999999999977,0.6036503089269228,1.8220704,0.25774
2017-11-22,708.0,721.8,708.0,718.75,718.0984625979866,49369,1409,35451803.0,21440.0,43.43,13.8,10.75,TVS Motors,1.4753635465198478,13.799999999999955,1.518361581920904,3.5451803,0.49369
2017-11-23,719.5,738.4,717.0,735.85,731.3396504966543,124634,2441,91149786.0,50514.0,40.53,21.4,16.35,TVS Motors,2.379130434782617,21.399999999999977,2.2724113968033386,9.1149786,1.24634
2017-11-24,740.9,743.85,737.0,739.3,740.4836374283014,75141,1938,55640681.0,19196.0,25.55,6.85,-1.6,TVS Motors,0.46884555276209827,6.850000000000023,-0.21595356998245682,5.5640681,0.75141
2017-11-27,740.0,746.7,730.0,745.25,741.9826562950159,34710,1002,25754218.0,9894.0,28.5,16.7,5.25,TVS Motors,0.8048153658866575,16.700000000000045,0.7094594594594595,2.5754218,0.3471
2017-11-28,746.0,747.0,740.0,743.1,743.3869039343806,21579,484,16041546.0,5064.0,23.47,7.0,-2.9,TVS Motors,-0.28849379402884345,7.0,-0.388739946380694,1.6041546,0.21579
2017-11-29,743.2,743.2,731.15,735.85,736.766973744818,21710,535,15995211.0,7034.0,32.4,12.05,-7.35,TVS Motors,-0.9756425783878364,12.050000000000068,-0.9889666307857943,1.5995211,0.2171
2017-11-30,735.9,735.9,713.05,718.8,725.4515706806282,25212,838,18290085.0,8724.0,34.6,22.85,-17.1,TVS Motors,-2.317048311476533,22.850000000000023,-2.323685283326542,1.8290085,0.25212
2017-12-01,726.0,730.95,721.85,724.45,726.8843872243475,46526,1166,33819023.0,16180.0,34.78,9.1,-1.55,TVS Motors,0.7860322760155913,9.100000000000023,-0.2134986225895254,3.3819023,0.46526
2017-12-04,725.0,730.95,711.2,725.45,720.0145582635962,49113,1044,35362075.0,16213.0,33.01,19.75,0.45,TVS Motors,0.13803575125956868,19.75,0.06206896551724765,3.5362075,0.49113
2017-12-05,728.65,742.0,721.25,737.3,730.3005218761282,30467,632,22250066.0,8728.0,28.65,20.75,8.65,TVS Motors,1.6334688813839593,20.75,1.187126878473887,2.2250066,0.30467
2017-12-06,738.0,744.9,731.9,734.1,738.3876130828114,43110,1428,31831890.0,10288.0,23.86,13.0,-3.9,TVS Motors,-0.4340160043401542,13.0,-0.5284552845528425,3.183189,0.4311
2017-12-07,737.0,753.55,737.0,748.8,748.4428617243038,74836,1537,56010470.0,17100.0,22.85,16.55,11.8,TVS Motors,2.0024519820187825,16.549999999999955,1.6010854816824904,5.601047,0.74836
2017-12-08,760.0,760.0,745.35,747.2,751.9591649575642,59973,1524,45097247.0,15052.0,25.1,14.65,-12.8,TVS Motors,-0.2136752136752018,14.649999999999977,-1.6842105263157836,4.5097247,0.59973
2017-12-11,760.0,760.0,747.8,753.8,752.156269552096,27171,1092,20436838.0,9550.0,35.15,12.2,-6.2,TVS Motors,0.8832976445396046,12.200000000000045,-0.8157894736842164,2.0436838,0.27171
2017-12-12,745.05,765.65,745.05,760.0,760.9894693907821,188783,1434,143661875.0,159177.0,84.32,20.6,14.95,TVS Motors,0.8224993366940936,20.600000000000023,2.006576739816126,14.3661875,1.88783
2017-12-13,767.9,767.9,742.15,745.25,753.8315177216667,308436,947,232508778.0,289965.0,94.01,25.75,-22.65,TVS Motors,-1.9407894736842124,25.75,-2.9496028128662557,23.2508778,3.08436
2017-12-14,745.0,753.55,742.0,750.3,746.8701617490941,223247,628,166736523.0,206042.0,92.29,11.55,5.3,TVS Motors,0.6776249580677574,11.549999999999955,0.7114093959731482,16.6736523,2.23247
2017-12-15,750.3,770.0,750.3,759.1,761.6330497550915,19395,710,14771873.0,4845.0,24.98,19.7,8.8,TVS Motors,1.1728641876582735,19.700000000000045,1.1728641876582793,1.4771873,0.19395
2017-12-18,765.0,770.1,745.65,761.3,759.1982578257021,49708,3239,37738227.0,20446.0,41.13,24.45,-3.7,TVS Motors,0.289816888420491,24.450000000000045,-0.4836601307189602,3.7738227,0.49708
2017-12-19,762.0,792.85,762.0,785.3,779.1840832710977,107120,1721,83466199.0,28104.0,26.24,30.85,23.3,TVS Motors,3.1525022986995888,30.850000000000023,3.057742782152225,8.3466199,1.0712
2017-12-20,786.15,792.35,777.2,778.45,782.7209026394142,44669,1277,34963360.0,9900.0,22.16,15.15,-7.7,TVS Motors,-0.8722781102763144,15.149999999999977,-0.9794568466577539,3.496336,0.44669
2017-12-21,780.0,782.0,775.0,777.4,778.0896982875781,14716,423,11450368.0,3119.0,21.19,7.0,-2.6,TVS Motors,-0.13488342218511695,7.0,-0.33333333333333626,1.1450368,0.14716
2017-12-22,787.9,787.9,771.45,774.85,777.9926729627671,537052,1141,417822521.0,14132.0,2.63,16.45,-13.05,TVS Motors,-0.3280164651402018,16.449999999999932,-1.6563015611118104,41.7822521,5.37052
2017-12-26,778.9,778.9,768.0,769.95,770.776192417448,19624,444,15125712.0,4105.0,20.92,10.9,-8.95,TVS Motors,-0.6323804607343275,10.899999999999977,-1.14905636153549,1.5125712,0.19624
2017-12-27,769.0,777.0,763.55,769.0,769.1953927138167,19187,514,14758552.0,5296.0,27.6,13.45,0.0,TVS Motors,-0.1233846353659418,13.450000000000045,0.0,1.4758552,0.19187
2017-12-28,782.9,782.9,760.0,763.05,765.4128547362964,15434,389,11813382.0,5342.0,34.61,22.9,-19.85,TVS Motors,-0.7737321196358948,22.899999999999977,-2.535445139864609,1.1813382,0.15434
2017-12-29,763.05,777.5,763.05,771.3,771.1811786031569,111437,552,85938117.0,5697.0,5.11,14.45,8.25,TVS Motors,1.0811873402791328,14.450000000000045,1.081187340279143,8.5938117,1.11437
2018-01-01,764.0,776.2,764.0,766.35,768.1720972740999,25166,474,19331819.0,7201.0,28.61,12.2,2.35,TVS Motors,-0.641773628938147,12.200000000000045,0.3075916230366522,1.9331819,0.25166
2018-01-02,786.4,794.9,766.95,775.6,782.6891326651408,177394,3296,138844356.0,35046.0,19.76,27.95,-10.8,TVS Motors,1.2070202909897576,27.949999999999932,-1.3733468972533005,13.8844356,1.77394
2018-01-03,783.8,783.8,767.05,770.4,773.3615234245577,60364,2959,46683195.0,13964.0,23.13,16.75,-13.4,TVS Motors,-0.6704486848891245,16.75,-1.7096198009696324,4.6683195,0.60364
2018-01-04,775.0,775.0,761.35,765.95,765.6981286510364,89187,2267,68290319.0,8005.0,8.98,13.65,-9.05,TVS Motors,-0.577622014537893,13.649999999999977,-1.1677419354838652,6.8290319,0.89187
2018-01-05,767.0,775.25,765.6,767.9,770.3084386321462,56585,1116,43587903.0,8866.0,15.67,9.65,0.9,TVS Motors,0.25458580847312895,9.649999999999977,0.11734028683180928,4.3587903,0.56585
2018-01-08,765.0,771.05,764.0,767.0,767.805743486397,55576,1059,42671572.0,9121.0,16.41,7.05,2.0,TVS Motors,-0.11720276077613612,7.0499999999999545,0.261437908496732,4.2671572,0.55576
2018-01-09,769.45,783.0,767.55,771.65,775.9625843675159,91860,1593,71279923.0,16813.0,18.3,15.45,2.2,TVS Motors,0.6062581486310226,15.450000000000045,0.28591851322372236,7.1279923,0.9186
2018-01-10,771.5,775.35,765.0,768.25,769.5033769954973,48860,1042,37597935.0,6296.0,12.89,10.35,-3.25,TVS Motors,-0.44061426812673776,10.350000000000023,-0.42125729099157483,3.7597935,0.4886
2018-01-11,768.0,769.2,754.0,755.65,762.9656852517763,81481,1558,62167207.0,18651.0,22.89,15.2,-12.35,TVS Motors,-1.6400911161731258,15.200000000000045,-1.6080729166666696,6.2167207,0.81481
2018-01-12,750.0,766.0,740.3,750.85,746.5076721526242,61065,1520,45585491.0,15082.0,24.7,25.7,0.85,TVS Motors,-0.6352147158075749,25.700000000000045,0.11333333333333635,4.5585491,0.61065
2018-01-15,760.0,763.0,735.5,740.05,748.8406924081693,81917,1365,61342783.0,11099.0,13.55,27.5,-19.95,TVS Motors,-1.4383698475061713,27.5,-2.625000000000006,6.1342783,0.81917
2018-01-16,741.1,741.1,717.3,722.65,727.4001881821603,53140,1197,38654046.0,13232.0,24.9,23.8,-18.45,TVS Motors,-2.3511924869941137,23.800000000000068,-2.4895425718526574,3.8654046,0.5314
2018-01-17,720.0,733.0,707.95,730.9,724.6587319485161,119727,2149,86761216.0,20934.0,17.48,25.05,10.9,TVS Motors,1.1416314951913087,25.049999999999955,1.5138888888888857,8.6761216,1.19727
2018-01-18,737.0,737.0,703.9,718.3,718.5535360248103,90285,2760,64874606.0,24897.0,27.58,33.1,-18.7,TVS Motors,-1.7239020385825699,33.10000000000002,-2.537313432835827,6.4874606,0.90285
2018-01-19,719.0,721.2,708.4,715.4,715.1076888091568,39577,1609,28301817.0,11239.0,28.4,12.8,-3.6,TVS Motors,-0.40373103160239454,12.800000000000068,-0.5006954102920754,2.8301817,0.39577
2018-01-22,708.0,722.15,708.0,714.4,716.4133832794143,29365,1685,21037479.0,10436.0,35.54,14.15,6.4,TVS Motors,-0.13978194017333356,14.149999999999977,0.9039548022598838,2.1037479,0.29365
2018-01-23,719.75,720.45,705.2,707.0,711.7726739110803,66442,2219,47291600.0,27509.0,41.4,15.25,-12.75,TVS Motors,-1.0358342665173548,15.25,-1.7714484195901354,4.72916,0.66442
2018-01-24,700.0,716.4,700.0,707.4,710.2421647271495,44255,872,31431767.0,13370.0,30.21,16.4,7.4,TVS Motors,0.05657708628006297,16.399999999999977,1.0571428571428538,3.1431767,0.44255
2018-01-25,703.3,718.0,703.05,704.85,708.8557162311134,61684,1120,43725056.0,18277.0,29.63,14.95,1.55,TVS Motors,-0.36047497879558854,14.950000000000045,0.22038959192379756,4.3725056,0.61684
2018-01-29,704.85,721.5,704.85,719.7,715.5827979701269,820938,1605,587449111.0,780742.0,95.1,16.65,14.85,TVS Motors,2.1068312406895107,16.649999999999977,2.1068312406895116,58.7449111,8.20938
2018-01-30,725.0,734.0,694.6,712.9,712.5615682427912,307886,6542,219387731.0,45069.0,14.64,39.4,-12.1,TVS Motors,-0.9448381269973716,39.39999999999998,-1.6689655172413824,21.9387731,3.07886
2018-01-31,713.0,717.25,684.0,695.1,692.3489324540008,166035,3333,114954155.0,37969.0,22.87,33.25,-17.9,TVS Motors,-2.496843877121613,33.25,-2.510518934081343,11.4954155,1.66035
2018-02-01,697.0,697.35,668.4,674.05,680.7973388438082,138887,3569,94553900.0,29494.0,21.24,28.95,-22.95,TVS Motors,-3.028341245863919,28.950000000000045,-3.2926829268292748,9.45539,1.38887
2018-02-02,674.05,674.05,640.1,644.8,653.7151752969597,159786,3371,104454533.0,20487.0,12.82,33.95,-29.25,TVS Motors,-4.339440694310515,33.94999999999993,-4.339440694310511,10.4454533,1.59786
2018-02-05,638.05,660.7,620.05,659.1,644.0322879743472,103537,2224,66681171.0,19798.0,19.12,40.65,21.05,TVS Motors,2.2177419354838745,40.65000000000009,3.2991144894600843,6.6681171,1.03537
2018-02-06,648.0,662.4,602.05,649.35,635.9366114205045,179922,3795,114418987.0,28688.0,15.94,60.35,1.35,TVS Motors,-1.4792899408283988,60.35000000000002,0.20833333333333684,11.4418987,1.79922
2018-02-07,652.3,668.2,645.95,648.0,654.8445701429017,221341,2092,144943952.0,11905.0,5.38,22.25,-4.3,TVS Motors,-0.20790020790021346,22.25,-0.6592058868618664,14.4943952,2.21341
2018-02-08,645.0,670.0,644.65,665.5,658.9730995599074,56579,1171,37284039.0,10679.0,18.87,25.35,20.5,TVS Motors,2.7006172839506126,25.350000000000023,3.1782945736434107,3.7284039,0.56579
2018-02-09,660.0,671.6,651.95,663.65,662.4613430599883,46059,1112,30512307.0,10284.0,22.33,19.65,3.65,TVS Motors,-0.2779864763335915,19.649999999999977,0.5530303030302995,3.0512307,0.46059
2018-02-12,664.0,673.05,658.0,661.5,666.2282748963511,36421,840,24264700.0,8454.0,23.21,15.05,-2.5,TVS Motors,-0.32396594590521355,15.049999999999955,-0.37650602409638556,2.42647,0.36421
2018-02-14,655.0,668.7,647.7,651.75,658.7850209574233,54396,944,35835270.0,15308.0,28.14,21.0,-3.25,TVS Motors,-1.473922902494329,21.0,-0.4961832061068702,3.583527,0.54396
2018-02-15,647.25,661.35,647.25,655.9,655.37811922366,43280,1353,28364765.0,7698.0,17.79,14.1,8.65,TVS Motors,0.6367472190256906,14.100000000000023,1.3364233294708345,2.8364765,0.4328
2018-02-16,656.0,660.85,643.0,652.45,650.1760888468698,514053,831,334224969.0,478085.0,93.0,17.85,-3.55,TVS Motors,-0.5259948162829597,17.850000000000023,-0.541158536585359,33.4224969,5.14053
2018-02-19,653.0,657.75,637.0,652.25,647.9331587049929,43521,984,28198699.0,5366.0,12.33,20.75,-0.75,TVS Motors,-0.030653689937931716,20.75,-0.11485451761102604,2.8198699,0.43521
2018-02-20,652.35,654.45,645.3,650.2,649.8444076613857,38061,889,24733728.0,6028.0,15.84,9.15,-2.15,TVS Motors,-0.31429666538903556,9.150000000000091,-0.32957768069287613,2.4733728,0.38061
2018-02-21,653.2,653.45,628.0,635.5,636.9984223271287,81766,2312,52084813.0,15060.0,18.42,25.45,-17.7,TVS Motors,-2.2608428175945883,25.450000000000045,-2.7097366809553036,5.2084813,0.81766
2018-02-22,640.0,641.0,624.7,630.5,633.4942292015273,46614,1010,29529700.0,7165.0,15.37,16.3,-9.5,TVS Motors,-0.7867820613689958,16.299999999999955,-1.484375,2.95297,0.46614
2018-02-23,635.0,669.95,635.0,666.65,646.5339737724915,295110,2503,190798641.0,243681.0,82.57,34.95,31.65,TVS Motors,5.733544805709756,34.950000000000045,4.9842519685039335,19.0798641,2.9511
2018-02-26,668.0,681.65,667.9,679.3,676.2672429514536,54834,993,37082438.0,10135.0,18.48,13.75,11.3,TVS Motors,1.8975474386859537,13.75,1.6916167664670592,3.7082438,0.54834
2018-02-27,685.0,693.0,673.5,675.8,679.3417212735378,41051,845,27887657.0,7068.0,17.22,19.5,-9.2,TVS Motors,-0.5152362726335902,19.5,-1.3430656934306637,2.7887657,0.41051
2018-02-28,680.0,683.5,668.05,681.05,674.726082842725,152192,873,102687912.0,135814.0,89.24,15.45,1.05,TVS Motors,0.7768570583012835,15.450000000000045,0.15441176470587567,10.2687912,1.52192
2018-03-01,681.0,687.3,674.1,676.8,679.5861412660369,42558,776,28921827.0,9215.0,21.65,13.2,-4.2,TVS Motors,-0.624036414360174,13.199999999999932,-0.6167400881057336,2.8921827,0.42558
2018-03-05,679.5,686.7,661.15,664.5,674.4168091901137,66071,1554,44559393.0,11222.0,16.98,25.55,-15.0,TVS Motors,-1.817375886524819,25.550000000000068,-2.207505518763797,4.4559393,0.66071
2018-03-06,664.85,670.2,641.05,645.1,652.5896317829457,45408,990,29632790.0,11679.0,25.72,29.15,-19.75,TVS Motors,-2.919488337095555,29.15000000000009,-2.9705948710235393,2.963279,0.45408
2018-03-07,644.0,644.0,629.15,634.0,636.6864480055337,34696,824,22090473.0,5828.0,16.8,14.85,-10.0,TVS Motors,-1.720663463028993,14.850000000000023,-1.5527950310559007,2.2090473,0.34696
2018-03-08,635.0,649.3,621.85,646.1,634.0082684643749,53698,1310,34044976.0,7685.0,14.31,27.45,11.1,TVS Motors,1.9085173501577346,27.449999999999932,1.7480314960629957,3.4044976,0.53698
2018-03-09,650.0,650.45,636.2,645.7,643.725207879904,35838,907,23069824.0,4366.0,12.18,14.25,-4.3,TVS Motors,-0.06190992106485105,14.25,-0.6615384615384545,2.3069824,0.35838
2018-03-12,652.0,656.5,642.55,650.0,649.264979093117,39939,831,25930994.0,10142.0,25.39,13.95,-2.0,TVS Motors,0.6659439368127629,13.950000000000045,-0.3067484662576687,2.5930994,0.39939
2018-03-13,645.0,657.55,636.8,642.7,646.2492783835792,49888,1089,32240084.0,7864.0,15.76,20.75,-2.3,TVS Motors,-1.1230769230769155,20.75,-0.3565891472868146,3.2240084,0.49888
2018-03-14,640.0,645.8,632.05,642.75,641.531319237397,73118,1446,46907487.0,12157.0,16.63,13.75,2.75,TVS Motors,0.007779679477204482,13.75,0.42968750000000006,4.6907487,0.73118
2018-03-15,658.0,658.0,640.0,643.0,646.14593453778,54963,2281,35514119.0,14627.0,26.61,18.0,-15.0,TVS Motors,0.0388953714507867,18.0,-2.2796352583586628,3.5514119,0.54963
2018-03-16,643.1,643.1,628.8,631.65,637.1451054365269,35519,1294,22630757.0,12707.0,35.78,14.3,-11.45,TVS Motors,-1.7651632970451026,14.300000000000068,-1.7804385010107362,2.2630757,0.35519
2018-03-19,630.0,632.85,606.0,614.7,615.1600913937548,72215,1858,44423786.0,11351.0,15.72,26.85,-15.3,TVS Motors,-2.683448112087383,26.850000000000023,-2.4285714285714213,4.4423786,0.72215
2018-03-20,610.0,627.0,608.1,623.2,619.7126087363202,42764,1317,26501390.0,6494.0,15.19,18.9,13.2,TVS Motors,1.3827883520416417,18.899999999999977,2.1639344262295155,2.650139,0.42764
2018-03-21,625.5,628.65,611.2,615.4,619.3534069912138,26519,790,16424633.0,5038.0,19.0,17.45,-10.1,TVS Motors,-1.2516046213093768,17.449999999999932,-1.614708233413273,1.6424633,0.26519
2018-03-22,612.0,625.0,602.65,605.55,608.5084622092505,56191,1217,34192699.0,10071.0,17.92,22.35,-6.45,TVS Motors,-1.600584985375364,22.350000000000023,-1.0539215686274583,3.4192699,0.56191
2018-03-23,600.0,614.7,588.45,609.4,603.5499931119989,108885,1673,65717541.0,55026.0,50.54,26.25,9.4,TVS Motors,0.6357856494096259,26.25,1.5666666666666627,6.5717541,1.08885
2018-03-26,603.5,627.4,602.5,619.75,615.3866483217244,34887,956,21468994.0,11310.0,32.42,24.9,16.25,TVS Motors,1.6983918608467485,24.899999999999977,2.6926263463131734,2.1468994,0.34887
2018-03-27,625.0,627.45,615.2,616.85,619.3670093157725,24904,705,15424716.0,7801.0,31.32,12.25,-8.15,TVS Motors,-0.46793061718434226,12.25,-1.3039999999999963,1.5424716,0.24904
2018-03-28,611.0,621.0,606.65,616.95,614.1930460634845,55163,1483,33880731.0,16919.0,30.67,14.35,5.95,TVS Motors,0.016211396611831574,14.350000000000023,0.9738134206219388,3.3880731,0.55163
2018-04-02,622.3,666.1,620.0,662.3,651.3277545721381,141728,3566,92311380.0,17572.0,12.4,46.1,40.0,TVS Motors,7.350676716103388,46.10000000000002,6.427767957576731,9.231138,1.41728
2018-04-03,659.8,659.8,642.55,649.35,649.6874548891561,58190,1884,37805313.0,12489.0,21.46,17.25,-10.45,TVS Motors,-1.9553072625698276,17.25,-1.5838132767505204,3.7805313,0.5819
2018-04-04,650.0,654.55,640.0,645.35,648.3844055267095,45452,1166,29470368.0,6986.0,15.37,14.55,-4.65,TVS Motors,-0.6160006160006115,14.549999999999955,-0.715384615384612,2.9470368,0.45452
2018-04-05,643.15,656.15,643.15,648.8,648.9199146954008,35637,730,23125559.0,9599.0,26.94,13.0,5.65,TVS Motors,0.5345936313628119,13.0,0.8784886884863526,2.3125559,0.35637
2018-04-06,651.0,653.95,638.0,645.4,643.439163270199,50052,1601,32205417.0,20711.0,41.38,15.95,-5.6,TVS Motors,-0.5240443896424085,15.950000000000045,-0.8602150537634443,3.2205417,0.50052
2018-04-09,654.0,654.0,642.0,645.75,645.9338896973657,33671,1160,21749240.0,7407.0,22.0,12.0,-8.25,TVS Motors,0.05422993492407713,12.0,-1.261467889908257,2.174924,0.33671
2018-04-10,642.0,651.8,639.35,641.3,643.0724712347587,34938,807,22467666.0,8990.0,25.73,12.45,-0.7,TVS Motors,-0.6891211769260663,12.449999999999932,-0.10903426791277968,2.2467666,0.34938
2018-04-11,636.05,642.35,628.8,630.0,630.3217036618565,546963,1473,344762650.0,493553.0,90.24,13.55,-6.05,TVS Motors,-1.7620458443786013,13.550000000000068,-0.9511830830909449,34.476265,5.46963
2018-04-12,625.0,646.05,624.0,642.15,640.154096694764,76757,1700,49136308.0,32717.0,42.62,22.05,17.15,TVS Motors,1.928571428571435,22.049999999999955,2.743999999999996,4.9136308,0.76757
2018-04-13,645.0,670.0,639.0,662.15,656.7290953370832,196272,5756,128897533.0,89024.0,45.36,31.0,17.15,TVS Motors,3.1145371019232204,31.0,2.6589147286821673,12.8897533,1.96272
2018-04-16,654.8,677.3,652.15,675.5,669.3449708054349,107383,2318,71876271.0,23777.0,22.14,25.15,20.7,TVS Motors,2.016159480480262,25.149999999999977,3.1612706169822915,7.1876271,1.07383
2018-04-17,677.0,689.0,670.2,674.2,680.3496531248162,136072,4115,92576538.0,31810.0,23.38,18.8,-2.8,TVS Motors,-0.19245003700961716,18.799999999999955,-0.4135893648448972,9.2576538,1.36072
2018-04-18,674.2,679.0,665.9,674.75,673.0060726156993,62576,2472,42114028.0,14766.0,23.6,13.1,0.55,TVS Motors,0.08157816671610085,13.100000000000023,0.08157816671610123,4.2114028,0.62576
2018-04-19,674.75,681.85,671.4,674.7,675.470797740616,35939,3817,24275745.0,10270.0,28.58,10.45,-0.05,TVS Motors,-0.0074101519081049005,10.450000000000045,-0.007410151908107377,2.4275745,0.35939
2018-04-20,669.0,676.65,663.5,667.65,667.524947320891,26576,707,17740143.0,4818.0,18.13,13.15,-1.35,TVS Motors,-1.0449088483770685,13.149999999999977,-0.20179372197309756,1.7740143,0.26576
2018-04-23,665.0,680.55,660.0,664.5,673.9993145990404,33557,776,22617395.0,6766.0,20.16,20.55,-0.5,TVS Motors,-0.4718040889687636,20.549999999999955,-0.07518796992481204,2.2617395,0.33557
2018-04-24,661.1,670.85,659.15,663.9,664.6371695974847,54706,979,36359641.0,16043.0,29.33,11.7,2.8,TVS Motors,-0.09029345372461028,11.700000000000045,0.42353653002570785,3.6359641,0.54706
2018-04-25,660.15,668.5,654.45,655.75,656.7991817916167,92397,1158,60686274.0,56752.0,61.42,14.05,-4.4,TVS Motors,-1.2275945172465663,14.049999999999955,-0.6665151859425854,6.0686274,0.92397
2018-04-26,655.25,662.75,645.3,651.75,656.0394124746,96949,1950,63602365.0,55485.0,57.23,17.45,-3.5,TVS Motors,-0.6099885627144475,17.450000000000045,-0.534147272033575,6.3602365,0.96949
2018-04-27,646.5,669.95,646.5,668.25,665.1016992031033,47434,1653,31548434.0,13486.0,28.43,23.45,21.75,TVS Motors,2.5316455696202445,23.450000000000045,3.3642691415313224,3.1548434,0.47434
2018-04-30,693.4,693.4,664.75,667.75,668.9416330217724,54243,1526,36285401.0,13460.0,24.81,28.65,-25.65,TVS Motors,-0.07482229704451893,28.649999999999977,-3.699163541967115,3.6285401,0.54243
2018-05-02,675.0,675.0,632.95,637.55,650.0938276458562,127180,2671,82678933.0,26391.0,20.75,42.05,-37.45,TVS Motors,-4.522650692624497,42.049999999999955,-5.5481481481481545,8.2678933,1.2718
2018-05-03,636.0,644.0,630.0,637.9,635.454806287201,56114,1551,35657911.0,9903.0,17.65,14.0,1.9,TVS Motors,0.054897655085883734,14.0,0.2987421383647763,3.5657911,0.56114
2018-05-04,640.0,643.05,608.1,616.25,618.1560991555434,91775,3020,56731276.0,32020.0,34.89,34.95,-23.75,TVS Motors,-3.393948894811094,34.94999999999993,-3.7109375,5.6731276,0.91775
2018-05-07,620.0,630.0,611.4,627.6,621.9576742783519,72958,1786,45376788.0,17004.0,23.31,18.6,7.6,TVS Motors,1.8417849898580085,18.600000000000023,1.225806451612907,4.5376788,0.72958
2018-05-08,628.55,638.7,622.5,625.0,629.3340392511882,61858,1727,38929345.0,15128.0,24.46,16.2,-3.55,TVS Motors,-0.4142766093052974,16.200000000000045,-0.5647919815448181,3.8929345,0.61858
2018-05-09,634.0,634.0,617.15,621.15,623.9473603672533,32675,739,20387480.0,7823.0,23.94,16.85,-12.85,TVS Motors,-0.6160000000000054,16.850000000000023,-2.0268138801261864,2.038748,0.32675
2018-05-10,629.9,629.9,614.15,617.6,619.9462215630783,146992,1139,91127135.0,122375.0,83.25,15.75,-12.3,TVS Motors,-0.5715205666908085,15.75,-1.9526909033179798,9.1127135,1.46992
2018-05-11,614.0,629.5,614.0,624.4,625.9356548601116,28487,740,17831029.0,7565.0,26.56,15.5,10.4,TVS Motors,1.1010362694300335,15.5,1.6938110749185629,1.7831029,0.28487
2018-05-14,628.55,631.25,617.6,619.55,624.000803369282,82154,1379,51264162.0,22829.0,27.79,13.65,-9.0,TVS Motors,-0.7767456758488223,13.649999999999977,-1.4318669954657546,5.1264162,0.82154
2018-05-15,614.0,628.5,614.0,621.35,621.9212789768186,31275,741,19450588.0,6853.0,21.91,14.5,7.35,TVS Motors,0.2905334516988267,14.5,1.1970684039087984,1.9450588,0.31275
2018-05-16,626.0,630.0,580.4,610.1,608.6904045357592,1371325,9778,834712369.0,858403.0,62.6,49.6,-15.9,TVS Motors,-1.8105737507041142,49.60000000000002,-2.5399361022364184,83.4712369,13.71325
2018-05-17,580.0,607.15,580.0,590.65,592.848593114576,303685,5298,180039225.0,35924.0,11.83,27.15,10.65,TVS Motors,-3.1880019668906856,27.149999999999977,1.8362068965517202,18.0039225,3.03685
2018-05-18,595.65,595.65,557.4,572.15,568.331675592961,203892,4059,115878282.0,45703.0,22.42,38.25,-23.5,TVS Motors,-3.1321425548125004,38.25,-3.945269873247713,11.5878282,2.03892
2018-05-21,585.0,585.0,553.55,562.6,561.9339115121104,82904,1510,46586569.0,18895.0,22.79,31.45,-22.4,TVS Motors,-1.669142707331983,31.450000000000045,-3.829059829059825,4.6586569,0.82904
2018-05-22,570.0,574.95,560.85,563.75,568.6354923139309,54254,1285,30850750.0,13998.0,25.8,14.1,-6.25,TVS Motors,0.2044081052257285,14.100000000000023,-1.0964912280701753,3.085075,0.54254
2018-05-23,563.8,576.0,563.3,565.05,570.0958415575094,44584,994,25417153.0,8273.0,18.56,12.7,1.25,TVS Motors,0.23059866962304998,12.700000000000045,0.2217098261794963,2.5417153,0.44584
2018-05-24,566.0,569.6,537.75,542.05,549.392686221978,87342,1870,47985056.0,34651.0,39.67,31.85,-23.95,TVS Motors,-4.070436244580122,31.850000000000023,-4.231448763250891,4.7985056,0.87342
2018-05-25,540.0,568.4,536.9,564.45,553.4445362674726,127056,2033,70318449.0,27316.0,21.5,31.5,24.45,TVS Motors,4.132460105156377,31.5,4.527777777777786,7.0318449,1.27056
2018-05-28,570.0,589.65,563.9,584.9,581.8750263198529,71239,1366,41452195.0,13515.0,18.97,25.75,14.9,TVS Motors,3.6229958366551296,25.75,2.6140350877192944,4.1452195,0.71239
2018-05-29,584.0,600.4,579.95,594.1,593.944684183052,57470,1038,34134001.0,9279.0,16.15,20.45,10.1,TVS Motors,1.572918447597882,20.449999999999932,1.7294520547945245,3.4134001,0.5747
2018-05-30,599.0,608.8,581.0,604.8,597.5280214270301,78779,1411,47072660.0,11842.0,15.03,27.8,5.8,TVS Motors,1.8010435953543125,27.799999999999955,0.9682804674457353,4.707266,0.78779
2018-05-31,604.0,607.65,585.0,587.85,595.5558642196572,55796,1579,33229635.0,12069.0,21.63,22.65,-16.15,TVS Motors,-2.8025793650793496,22.649999999999977,-2.673841059602645,3.3229635,0.55796
2018-06-01,591.0,598.25,584.0,595.7,590.8635352487706,565963,2544,334406899.0,427776.0,75.58,14.25,4.7,TVS Motors,1.3353746704091174,14.25,0.7952622673434933,33.4406899,5.65963
2018-06-04,600.0,602.9,556.85,566.15,575.8271366527066,128940,2548,74247151.0,13002.0,10.08,46.05,-33.85,TVS Motors,-4.960550612724535,46.049999999999955,-5.64166666666667,7.4247151,1.2894
2018-06-05,566.5,575.3,559.4,566.25,566.7468178781286,58373,1083,33082712.0,13234.0,22.67,15.9,-0.25,TVS Motors,0.01766316347258101,15.899999999999977,-0.0441306266548985,3.3082712,0.58373
2018-06-06,568.8,576.65,559.0,568.1,567.4716015858361,276195,1957,156732819.0,202930.0,73.47,17.65,-0.7,TVS Motors,0.3267108167770427,17.649999999999977,-0.12306610407875032,15.6732819,2.76195
2018-06-07,572.0,578.95,569.45,575.45,574.608958363912,40878,891,23488865.0,8796.0,21.52,9.5,3.45,TVS Motors,1.293786305227962,9.5,0.6031468531468611,2.3488865,0.40878
2018-06-08,579.9,584.1,569.35,580.2,576.5854206876073,47149,695,27185426.0,7735.0,16.41,14.75,0.3,TVS Motors,0.8254409592492795,14.75,0.0517330574237055,2.7185426,0.47149
2018-06-11,585.0,593.25,577.85,584.05,587.1051074858973,65590,990,38508224.0,13193.0,20.11,15.4,-0.95,TVS Motors,0.6635642881764658,15.399999999999977,-0.16239316239317014,3.8508224,0.6559
2018-06-12,584.95,587.0,578.4,581.5,582.35516202742,19256,532,11213831.0,5892.0,30.6,8.6,-3.45,TVS Motors,-0.4366064549267912,8.600000000000023,-0.5897939994871434,1.1213831,0.19256
2018-06-13,589.0,589.0,573.6,576.4,579.6390871728314,18492,704,10718686.0,5639.0,30.49,15.4,-12.6,TVS Motors,-0.8770421324161726,15.399999999999977,-2.13921901528014,1.0718686,0.18492
2018-06-14,576.5,587.95,568.95,584.4,576.9697784718608,34578,668,19950461.0,9059.0,26.2,19.0,7.9,TVS Motors,1.3879250520471897,19.0,1.3703382480485649,1.9950461,0.34578
2018-06-15,584.4,591.0,577.1,581.75,584.0091265485338,31885,672,18621131.0,6425.0,20.15,13.9,-2.65,TVS Motors,-0.45345653661874596,13.899999999999977,-0.4534565366187504,1.8621131,0.31885
2018-06-18,588.0,600.7,588.0,594.45,594.955915448822,70206,1413,41769475.0,14874.0,21.19,12.7,6.45,TVS Motors,2.183068328319737,12.700000000000045,1.0969387755102118,4.1769475,0.70206
2018-06-19,594.0,598.5,583.55,590.7,588.6436699485928,57385,1010,33779317.0,14407.0,25.11,14.95,-3.3,TVS Motors,-0.6308352258390104,14.950000000000045,-0.5555555555555478,3.3779317,0.57385
2018-06-20,583.05,590.0,578.45,585.15,585.271507944934,28257,921,16538017.0,7043.0,24.92,11.55,2.1,TVS Motors,-0.9395632300660317,11.549999999999955,0.3601749421147454,1.6538017,0.28257
2018-06-21,584.8,589.95,575.6,580.25,580.7923923586219,71139,2257,41316990.0,23165.0,32.56,14.35,-4.55,TVS Motors,-0.8373921216781932,14.350000000000023,-0.7780437756497871,4.131699,0.71139
2018-06-22,580.5,585.15,576.95,582.6,582.2845433255269,24766,588,14420859.0,6185.0,24.97,8.2,2.1,TVS Motors,0.40499784575613873,8.199999999999932,0.36175710594315635,1.4420859,0.24766
2018-06-25,579.5,604.0,579.5,597.4,597.7674573975436,109266,2378,65315659.0,17443.0,15.96,24.5,17.9,TVS Motors,2.540336422931677,24.5,3.088869715271782,6.5315659,1.09266
2018-06-26,597.0,597.0,581.25,585.85,588.2249493750437,57284,1707,33695878.0,7992.0,13.95,15.75,-11.15,TVS Motors,-1.9333779712085608,15.75,-1.867671691792291,3.3695878,0.57284
2018-06-27,581.0,584.5,560.75,568.6,576.2927642633715,38683,1325,22292733.0,9901.0,25.6,23.75,-12.4,TVS Motors,-2.9444397029956493,23.75,-2.134251290877793,2.2292733,0.38683
2018-06-28,564.9,573.2,553.1,556.65,559.1609160107956,61877,1606,34599200.0,12483.0,20.17,20.1,-8.25,TVS Motors,-2.101653183257135,20.100000000000023,-1.4604354753053639,3.45992,0.61877
2018-06-29,560.0,562.1,548.5,552.3,552.8110412209841,62638,2092,34626978.0,13164.0,21.02,13.6,-7.7,TVS Motors,-0.7814605227701499,13.600000000000023,-1.3750000000000082,3.4626978,0.62638
2018-07-02,570.0,570.5,550.4,556.4,558.8413004919222,114449,2552,63958828.0,9501.0,8.3,20.1,-13.6,TVS Motors,0.7423501720079662,20.100000000000023,-2.3859649122807056,6.3958828,1.14449
2018-07-03,553.3,564.5,552.8,559.45,559.7172737583415,37913,1017,21220561.0,4736.0,12.49,11.7,6.15,TVS Motors,0.5481667864845496,11.700000000000045,1.111512741731446,2.1220561,0.37913
2018-07-04,561.5,584.3,560.6,581.1,573.2684644867235,57922,1337,33204856.0,9173.0,15.84,23.7,19.6,TVS Motors,3.8698721959066873,23.699999999999932,3.4906500445236013,3.3204856,0.57922
2018-07-05,586.0,586.0,565.05,570.25,573.7159458422409,36486,893,20932600.0,4349.0,11.92,20.95,-15.75,TVS Motors,-1.8671485114438169,20.950000000000045,-2.6877133105802047,2.09326,0.36486
2018-07-06,570.0,587.25,567.05,577.45,581.2393987315976,61337,1567,35651481.0,7396.0,12.06,20.2,7.45,TVS Motors,1.2626041209995664,20.200000000000045,1.307017543859657,3.5651481,0.61337
2018-07-09,579.0,594.0,579.0,589.5,589.5614856069469,60689,1222,35779897.0,8561.0,14.11,15.0,10.5,TVS Motors,2.0867607585072223,15.0,1.8134715025906734,3.5779897,0.60689
2018-07-10,595.75,595.75,583.0,585.95,588.4761902348027,197272,2858,116089875.0,8252.0,4.18,12.75,-9.8,TVS Motors,-0.6022052586937998,12.75,-1.6449853126311296,11.6089875,1.97272
2018-07-11,584.3,588.35,578.0,579.25,580.7137370652022,379113,2366,220156127.0,205630.0,54.24,10.35,-5.05,TVS Motors,-1.1434422732315097,10.350000000000023,-0.8642820468937112,22.0156127,3.79113
2018-07-12,583.0,592.05,575.35,578.4,585.5469641294839,57150,1490,33464009.0,9234.0,16.16,16.7,-4.6,TVS Motors,-0.14674147604661902,16.699999999999932,-0.7890222984562646,3.3464009,0.5715
2018-07-13,580.05,585.05,569.0,583.0,577.8227138643068,47460,1391,27423466.0,8318.0,17.53,16.05,2.95,TVS Motors,0.7952973720608547,16.049999999999955,0.5085768468235575,2.7423466,0.4746
2018-07-16,583.05,589.0,563.6,571.4,581.6414695106365,70418,1792,40958029.0,6273.0,8.91,25.4,-11.65,TVS Motors,-1.989708404802748,25.399999999999977,-1.998113369350824,4.0958029,0.70418
2018-07-17,568.0,579.95,564.75,572.85,573.2475074190312,46839,1044,26850340.0,5316.0,11.35,15.2,4.85,TVS Motors,0.25376268813441794,15.200000000000045,0.8538732394366237,2.685034,0.46839
2018-07-18,575.25,577.9,560.8,568.7,570.0012512944425,46352,1008,26420698.0,7406.0,15.98,17.1,-6.55,TVS Motors,-0.7244479357597977,17.100000000000023,-1.1386353759235035,2.6420698,0.46352
2018-07-19,568.0,575.5,561.65,563.7,566.9987931371909,30658,915,17383049.0,6402.0,20.88,13.85,-4.3,TVS Motors,-0.8791981712678032,13.850000000000023,-0.7570422535211188,1.7383049,0.30658
2018-07-20,562.45,569.0,561.0,564.4,564.975352594824,36515,1018,20630075.0,3112.0,8.52,8.0,1.95,TVS Motors,0.12417952811778488,8.0,0.3466974842208075,2.0630075,0.36515
2018-07-23,564.0,564.0,524.25,540.3,537.8702432109156,180584,5449,97130760.0,22633.0,12.53,39.75,-23.7,TVS Motors,-4.270021261516654,39.75,-4.202127659574476,9.713076,1.80584
2018-07-24,540.0,554.8,530.4,551.85,544.667724761089,119082,3436,64860122.0,16455.0,13.82,24.4,11.85,TVS Motors,2.1377012770683157,24.399999999999977,2.1944444444444486,6.4860122,1.19082
2018-07-25,551.0,551.0,535.6,540.5,540.5515705698078,59055,2328,31922273.0,9033.0,15.3,15.4,-10.5,TVS Motors,-2.056718311135275,15.399999999999977,-1.9056261343012704,3.1922273,0.59055
2018-07-26,541.9,541.9,518.25,524.85,527.6123871744176,116330,3485,61377149.0,26732.0,22.98,23.65,-17.05,TVS Motors,-2.895467160037002,23.649999999999977,-3.1463369625392055,6.1377149,1.1633
2018-07-27,530.0,531.05,523.4,526.1,526.6294284420936,83946,1707,44208434.0,12081.0,14.39,7.65,-3.9,TVS Motors,0.2381632847480164,7.649999999999977,-0.7358490566037693,4.4208434,0.83946
2018-07-30,527.0,528.75,511.0,513.65,513.2858052348755,1083808,3068,556303262.0,976880.0,90.13,17.75,-13.35,TVS Motors,-2.366470252803654,17.75,-2.533206831119549,55.6303262,10.83808
2018-07-31,520.75,520.75,507.35,517.45,515.9609111148573,344062,2626,177522543.0,233599.0,67.89,13.4,-3.3,TVS Motors,0.7398033680521943,13.399999999999977,-0.6337013922227469,17.7522543,3.44062
